<?xml version="1.0" encoding="UTF-8"?>
<osm version="0.6" generator="openstreetmap-cgimap 2.1.0 (3964030 spike-06.openstreetmap.org)" copyright="OpenStreetMap and contributors" attribution="http://www.openstreetmap.org/copyright" license="http://opendatacommons.org/licenses/odbl/1-0/">
 <bounds minlat="36.7523700" minlon="-4.7161600" maxlat="36.7641300" maxlon="-4.6992900"/>
 <node id="287010816" visible="true" version="12" changeset="148160450" timestamp="2024-03-03T10:47:56Z" user="kapazao_import" uid="8770019" lat="36.7637834" lon="-4.7102911">
  <tag k="addr:street" v="CR C-401 MALAGA-ALORA KM 28 KM 28.9"/>
  <tag k="amenity" v="fuel"/>
  <tag k="brand" v="BP"/>
  <tag k="brand:website" v="https://www.bp.com"/>
  <tag k="brand:wikidata" v="Q152057"/>
  <tag k="brand:wikipedia" v="es:BP"/>
  <tag k="fuel:diesel" v="yes"/>
  <tag k="fuel:diesel_B" v="yes"/>
  <tag k="fuel:GTL_diesel" v="yes"/>
  <tag k="fuel:octane_95" v="yes"/>
  <tag k="fuel:octane_98" v="yes"/>
  <tag k="name" v="BP"/>
  <tag k="opening_hours" v="24/7"/>
  <tag k="operator" v="BP"/>
  <tag k="source" v="Ministerio de Industria, Turismo y Comercio"/>
  <tag k="source:date" v="2010-07-29"/>
 </node>
 <node id="322505355" visible="true" version="3" changeset="2915896" timestamp="2009-10-21T20:11:31Z" user="fcrump" uid="97369" lat="36.7384466" lon="-4.7112846"/>
 <node id="322505357" visible="true" version="3" changeset="2915896" timestamp="2009-10-21T20:11:32Z" user="fcrump" uid="97369" lat="36.7390449" lon="-4.7114679"/>
 <node id="322505361" visible="true" version="3" changeset="2915896" timestamp="2009-10-21T20:11:32Z" user="fcrump" uid="97369" lat="36.7404137" lon="-4.7115290"/>
 <node id="322505362" visible="true" version="3" changeset="2915896" timestamp="2009-10-21T20:11:32Z" user="fcrump" uid="97369" lat="36.7413524" lon="-4.7114581"/>
 <node id="481276473" visible="true" version="2" changeset="5681008" timestamp="2010-09-04T17:53:55Z" user="cornella" uid="202535" lat="36.7534732" lon="-4.7018244"/>
 <node id="481276476" visible="true" version="2" changeset="5681008" timestamp="2010-09-04T17:53:56Z" user="cornella" uid="202535" lat="36.7556001" lon="-4.7034105"/>
 <node id="481276481" visible="true" version="1" changeset="2351943" timestamp="2009-09-02T19:13:56Z" user="fcrump" uid="97369" lat="36.7571779" lon="-4.7060333"/>
 <node id="481276494" visible="true" version="3" changeset="41808554" timestamp="2016-08-30T18:20:48Z" user="dpawlyk" uid="1719931" lat="36.7583815" lon="-4.7090114"/>
 <node id="481276495" visible="true" version="3" changeset="44184115" timestamp="2016-12-05T13:56:19Z" user="Parie" uid="246941" lat="36.7593910" lon="-4.7116300"/>
 <node id="481276511" visible="true" version="2" changeset="5681008" timestamp="2010-09-04T17:53:51Z" user="cornella" uid="202535" lat="36.7600838" lon="-4.7118894"/>
 <node id="481276513" visible="true" version="1" changeset="2351943" timestamp="2009-09-02T19:13:59Z" user="fcrump" uid="97369" lat="36.7621289" lon="-4.7116981"/>
 <node id="481276514" visible="true" version="2" changeset="5681008" timestamp="2010-09-04T17:53:56Z" user="cornella" uid="202535" lat="36.7638040" lon="-4.7105347"/>
 <node id="501584839" visible="true" version="3" changeset="39593614" timestamp="2016-05-27T01:19:14Z" user="dpawlyk" uid="1719931" lat="36.8044867" lon="-4.7074498"/>
 <node id="501584840" visible="true" version="3" changeset="39593614" timestamp="2016-05-27T01:19:15Z" user="dpawlyk" uid="1719931" lat="36.8042126" lon="-4.7084669"/>
 <node id="501584841" visible="true" version="2" changeset="5681008" timestamp="2010-09-04T17:53:54Z" user="cornella" uid="202535" lat="36.8021489" lon="-4.7106323"/>
 <node id="501584842" visible="true" version="2" changeset="5681008" timestamp="2010-09-04T17:53:55Z" user="cornella" uid="202535" lat="36.7997842" lon="-4.7108035"/>
 <node id="501584843" visible="true" version="2" changeset="5681008" timestamp="2010-09-04T17:53:56Z" user="cornella" uid="202535" lat="36.7986450" lon="-4.7103772"/>
 <node id="501584844" visible="true" version="2" changeset="7361616" timestamp="2011-02-22T09:40:58Z" user="UFeldmaus" uid="41190" lat="36.7975553" lon="-4.7099471"/>
 <node id="501584845" visible="true" version="3" changeset="39593614" timestamp="2016-05-27T01:19:15Z" user="dpawlyk" uid="1719931" lat="36.7963109" lon="-4.7092298"/>
 <node id="501584847" visible="true" version="3" changeset="39593614" timestamp="2016-05-27T01:19:15Z" user="dpawlyk" uid="1719931" lat="36.7945682" lon="-4.7089830"/>
 <node id="501584848" visible="true" version="2" changeset="7361616" timestamp="2011-02-22T09:40:54Z" user="UFeldmaus" uid="41190" lat="36.7928397" lon="-4.7100712"/>
 <node id="501584850" visible="true" version="2" changeset="7361616" timestamp="2011-02-22T09:41:08Z" user="UFeldmaus" uid="41190" lat="36.7902074" lon="-4.7141412"/>
 <node id="501584851" visible="true" version="3" changeset="44164933" timestamp="2016-12-04T19:35:13Z" user="Parie" uid="246941" lat="36.7885700" lon="-4.7148081"/>
 <node id="501584852" visible="true" version="2" changeset="44164933" timestamp="2016-12-04T19:35:13Z" user="Parie" uid="246941" lat="36.7864214" lon="-4.7141791"/>
 <node id="501584853" visible="true" version="2" changeset="44164933" timestamp="2016-12-04T19:35:13Z" user="Parie" uid="246941" lat="36.7852871" lon="-4.7133368"/>
 <node id="501584854" visible="true" version="2" changeset="44164933" timestamp="2016-12-04T19:35:13Z" user="Parie" uid="246941" lat="36.7839252" lon="-4.7132108"/>
 <node id="501584855" visible="true" version="2" changeset="40200909" timestamp="2016-06-22T09:59:59Z" user="Lübeck" uid="55462" lat="36.7825065" lon="-4.7140607"/>
 <node id="501584856" visible="true" version="2" changeset="40200909" timestamp="2016-06-22T09:59:59Z" user="Lübeck" uid="55462" lat="36.7819377" lon="-4.7160310"/>
 <node id="501584858" visible="true" version="2" changeset="40200909" timestamp="2016-06-22T10:00:00Z" user="Lübeck" uid="55462" lat="36.7816502" lon="-4.7194522"/>
 <node id="501584859" visible="true" version="4" changeset="44164933" timestamp="2016-12-04T19:35:13Z" user="Parie" uid="246941" lat="36.7805510" lon="-4.7208042"/>
 <node id="501584860" visible="true" version="2" changeset="40200909" timestamp="2016-06-22T10:00:00Z" user="Lübeck" uid="55462" lat="36.7789101" lon="-4.7208763"/>
 <node id="501584861" visible="true" version="2" changeset="44164933" timestamp="2016-12-04T19:35:13Z" user="Parie" uid="246941" lat="36.7772634" lon="-4.7192619"/>
 <node id="501584862" visible="true" version="3" changeset="44164933" timestamp="2016-12-04T19:35:13Z" user="Parie" uid="246941" lat="36.7760520" lon="-4.7170050"/>
 <node id="501584863" visible="true" version="3" changeset="44164933" timestamp="2016-12-04T19:35:13Z" user="Parie" uid="246941" lat="36.7760027" lon="-4.7161467"/>
 <node id="501584864" visible="true" version="2" changeset="44164933" timestamp="2016-12-04T19:35:13Z" user="Parie" uid="246941" lat="36.7759594" lon="-4.7148657"/>
 <node id="501584866" visible="true" version="3" changeset="44164933" timestamp="2016-12-04T19:35:13Z" user="Parie" uid="246941" lat="36.7769424" lon="-4.7134071"/>
 <node id="501584867" visible="true" version="3" changeset="44164933" timestamp="2016-12-04T19:35:13Z" user="Parie" uid="246941" lat="36.7772700" lon="-4.7110141"/>
 <node id="501584868" visible="true" version="3" changeset="44164933" timestamp="2016-12-04T19:35:13Z" user="Parie" uid="246941" lat="36.7759915" lon="-4.7105524"/>
 <node id="501584869" visible="true" version="3" changeset="44164933" timestamp="2016-12-04T19:35:13Z" user="Parie" uid="246941" lat="36.7743262" lon="-4.7107472"/>
 <node id="501584870" visible="true" version="3" changeset="44164933" timestamp="2016-12-04T19:35:13Z" user="Parie" uid="246941" lat="36.7737649" lon="-4.7120295"/>
 <node id="501584871" visible="true" version="4" changeset="44164933" timestamp="2016-12-04T19:35:13Z" user="Parie" uid="246941" lat="36.7731756" lon="-4.7144111"/>
 <node id="501584872" visible="true" version="3" changeset="44164933" timestamp="2016-12-04T19:35:13Z" user="Parie" uid="246941" lat="36.7732995" lon="-4.7157680"/>
 <node id="501584874" visible="true" version="1" changeset="2531363" timestamp="2009-09-19T09:08:11Z" user="my-STR" uid="69238" lat="36.7718257" lon="-4.7166199"/>
 <node id="501584875" visible="true" version="2" changeset="44164933" timestamp="2016-12-04T19:35:13Z" user="Parie" uid="246941" lat="36.7709964" lon="-4.7174407"/>
 <node id="501584876" visible="true" version="3" changeset="7361616" timestamp="2011-02-22T09:40:55Z" user="UFeldmaus" uid="41190" lat="36.7687089" lon="-4.7193047"/>
 <node id="501584877" visible="true" version="4" changeset="44164933" timestamp="2016-12-04T19:35:13Z" user="Parie" uid="246941" lat="36.7645300" lon="-4.7223035"/>
 <node id="501584878" visible="true" version="4" changeset="44164933" timestamp="2016-12-04T19:35:13Z" user="Parie" uid="246941" lat="36.7623875" lon="-4.7201893"/>
 <node id="501584879" visible="true" version="1" changeset="2531363" timestamp="2009-09-19T09:08:11Z" user="my-STR" uid="69238" lat="36.7610996" lon="-4.7183365"/>
 <node id="501584880" visible="true" version="4" changeset="44164933" timestamp="2016-12-04T19:35:13Z" user="Parie" uid="246941" lat="36.7596362" lon="-4.7162073"/>
 <node id="501584882" visible="true" version="2" changeset="7361616" timestamp="2011-02-22T09:41:06Z" user="UFeldmaus" uid="41190" lat="36.7588192" lon="-4.7137284"/>
 <node id="501584883" visible="true" version="2" changeset="7361616" timestamp="2011-02-22T09:40:56Z" user="UFeldmaus" uid="41190" lat="36.7568548" lon="-4.7137284"/>
 <node id="501584884" visible="true" version="2" changeset="7361722" timestamp="2011-02-22T09:55:45Z" user="UFeldmaus" uid="41190" lat="36.7559693" lon="-4.7139744"/>
 <node id="501584885" visible="true" version="2" changeset="7361616" timestamp="2011-02-22T09:41:03Z" user="UFeldmaus" uid="41190" lat="36.7541636" lon="-4.7139975"/>
 <node id="501584886" visible="true" version="4" changeset="24340230" timestamp="2014-07-24T23:55:19Z" user="andi9876" uid="1256497" lat="36.7527002" lon="-4.7128485"/>
 <node id="501584887" visible="true" version="2" changeset="7361616" timestamp="2011-02-22T09:40:52Z" user="UFeldmaus" uid="41190" lat="36.7528662" lon="-4.7106349"/>
 <node id="501584888" visible="true" version="1" changeset="2531363" timestamp="2009-09-19T09:08:12Z" user="my-STR" uid="69238" lat="36.7538104" lon="-4.7076935"/>
 <node id="501584890" visible="true" version="3" changeset="44164933" timestamp="2016-12-04T19:35:13Z" user="Parie" uid="246941" lat="36.7536235" lon="-4.7058227"/>
 <node id="501584891" visible="true" version="1" changeset="2531363" timestamp="2009-09-19T09:08:12Z" user="my-STR" uid="69238" lat="36.7521600" lon="-4.7027153"/>
 <node id="501584892" visible="true" version="1" changeset="2531363" timestamp="2009-09-19T09:08:12Z" user="my-STR" uid="69238" lat="36.7500968" lon="-4.7025437"/>
 <node id="501584893" visible="true" version="3" changeset="38989957" timestamp="2016-04-29T21:44:11Z" user="teasu" uid="2040341" lat="36.7479117" lon="-4.7044514"/>
 <node id="501584894" visible="true" version="1" changeset="2531363" timestamp="2009-09-19T09:08:13Z" user="my-STR" uid="69238" lat="36.7452826" lon="-4.7051186"/>
 <node id="501584895" visible="true" version="3" changeset="44164933" timestamp="2016-12-04T19:35:13Z" user="Parie" uid="246941" lat="36.7421422" lon="-4.7054992"/>
 <node id="501584896" visible="true" version="2" changeset="21927779" timestamp="2014-04-25T10:37:55Z" user="luschi" uid="1714220" lat="36.7401859" lon="-4.7027327"/>
 <node id="501584897" visible="true" version="1" changeset="2531363" timestamp="2009-09-19T09:08:13Z" user="my-STR" uid="69238" lat="36.7390925" lon="-4.7016854"/>
 <node id="501584899" visible="true" version="2" changeset="44164933" timestamp="2016-12-04T19:35:13Z" user="Parie" uid="246941" lat="36.7374632" lon="-4.7010041"/>
 <node id="501584900" visible="true" version="2" changeset="44164933" timestamp="2016-12-04T19:35:13Z" user="Parie" uid="246941" lat="36.7358468" lon="-4.7019966"/>
 <node id="501584901" visible="true" version="3" changeset="21927779" timestamp="2014-04-25T10:37:55Z" user="luschi" uid="1714220" lat="36.7338797" lon="-4.7040744"/>
 <node id="501584902" visible="true" version="2" changeset="7361616" timestamp="2011-02-22T09:40:56Z" user="UFeldmaus" uid="41190" lat="36.7324520" lon="-4.7034472"/>
 <node id="501584903" visible="true" version="1" changeset="2531363" timestamp="2009-09-19T09:08:13Z" user="my-STR" uid="69238" lat="36.7312510" lon="-4.7011704"/>
 <node id="501584904" visible="true" version="3" changeset="39007190" timestamp="2016-04-30T21:39:08Z" user="teasu" uid="2040341" lat="36.7304882" lon="-4.6994425"/>
 <node id="501584905" visible="true" version="2" changeset="7361616" timestamp="2011-02-22T09:40:55Z" user="UFeldmaus" uid="41190" lat="36.7300126" lon="-4.6977844"/>
 <node id="501584906" visible="true" version="2" changeset="7361616" timestamp="2011-02-22T09:40:53Z" user="UFeldmaus" uid="41190" lat="36.7288331" lon="-4.6970517"/>
 <node id="501584907" visible="true" version="3" changeset="44164933" timestamp="2016-12-04T19:35:13Z" user="Parie" uid="246941" lat="36.7267140" lon="-4.6953920"/>
 <node id="501584909" visible="true" version="5" changeset="151263918" timestamp="2024-05-13T12:05:32Z" user="alan_gr" uid="5307206" lat="36.7250672" lon="-4.6919582"/>
 <node id="501584911" visible="true" version="3" changeset="41854934" timestamp="2016-09-01T18:55:40Z" user="dpawlyk" uid="1719931" lat="36.7249744" lon="-4.6914988"/>
 <node id="501584912" visible="true" version="2" changeset="41854934" timestamp="2016-09-01T18:55:40Z" user="dpawlyk" uid="1719931" lat="36.7247774" lon="-4.6894104"/>
 <node id="501584913" visible="true" version="2" changeset="41854934" timestamp="2016-09-01T18:55:40Z" user="dpawlyk" uid="1719931" lat="36.7243307" lon="-4.6872969"/>
 <node id="501584914" visible="true" version="2" changeset="44164933" timestamp="2016-12-04T19:35:13Z" user="Parie" uid="246941" lat="36.7236236" lon="-4.6846802"/>
 <node id="501584916" visible="true" version="2" changeset="44164933" timestamp="2016-12-04T19:35:13Z" user="Parie" uid="246941" lat="36.7244405" lon="-4.6813972"/>
 <node id="501584917" visible="true" version="1" changeset="2531363" timestamp="2009-09-19T09:08:14Z" user="my-STR" uid="69238" lat="36.7264356" lon="-4.6788544"/>
 <node id="501584918" visible="true" version="3" changeset="44183155" timestamp="2016-12-05T13:16:19Z" user="Parie" uid="246941" lat="36.7293012" lon="-4.6762634"/>
 <node id="501584919" visible="true" version="2" changeset="44164933" timestamp="2016-12-04T19:35:13Z" user="Parie" uid="246941" lat="36.7294882" lon="-4.6741230"/>
 <node id="501584920" visible="true" version="2" changeset="44164933" timestamp="2016-12-04T19:35:13Z" user="Parie" uid="246941" lat="36.7303996" lon="-4.6726317"/>
 <node id="501584921" visible="true" version="2" changeset="44164933" timestamp="2016-12-04T19:35:13Z" user="Parie" uid="246941" lat="36.7310102" lon="-4.6697242"/>
 <node id="501584922" visible="true" version="2" changeset="44164933" timestamp="2016-12-04T19:35:13Z" user="Parie" uid="246941" lat="36.7297204" lon="-4.6676320"/>
 <node id="501584924" visible="true" version="1" changeset="2531363" timestamp="2009-09-19T09:08:15Z" user="my-STR" uid="69238" lat="36.7280866" lon="-4.6668381"/>
 <node id="501584925" visible="true" version="2" changeset="7340091" timestamp="2011-02-20T09:53:06Z" user="UFeldmaus" uid="41190" lat="36.7275579" lon="-4.6660621"/>
 <node id="501584926" visible="true" version="1" changeset="2531363" timestamp="2009-09-19T09:08:15Z" user="my-STR" uid="69238" lat="36.7275363" lon="-4.6642632"/>
 <node id="501584927" visible="true" version="2" changeset="44164933" timestamp="2016-12-04T19:35:13Z" user="Parie" uid="246941" lat="36.7282242" lon="-4.6625358"/>
 <node id="501584928" visible="true" version="2" changeset="44164933" timestamp="2016-12-04T19:35:13Z" user="Parie" uid="246941" lat="36.7289723" lon="-4.6613289"/>
 <node id="501584929" visible="true" version="2" changeset="44164933" timestamp="2016-12-04T19:35:13Z" user="Parie" uid="246941" lat="36.7293764" lon="-4.6607066"/>
 <node id="501584931" visible="true" version="2" changeset="44164933" timestamp="2016-12-04T19:35:13Z" user="Parie" uid="246941" lat="36.7307952" lon="-4.6599180"/>
 <node id="501584932" visible="true" version="2" changeset="44164933" timestamp="2016-12-04T19:35:13Z" user="Parie" uid="246941" lat="36.7313800" lon="-4.6587969"/>
 <node id="501584934" visible="true" version="2" changeset="44164933" timestamp="2016-12-04T19:35:13Z" user="Parie" uid="246941" lat="36.7311478" lon="-4.6577133"/>
 <node id="501584936" visible="true" version="2" changeset="44164933" timestamp="2016-12-04T19:35:13Z" user="Parie" uid="246941" lat="36.7301073" lon="-4.6560717"/>
 <node id="501584937" visible="true" version="2" changeset="44164933" timestamp="2016-12-04T19:35:13Z" user="Parie" uid="246941" lat="36.7290110" lon="-4.6555299"/>
 <node id="501584938" visible="true" version="2" changeset="44164933" timestamp="2016-12-04T19:35:13Z" user="Parie" uid="246941" lat="36.7282242" lon="-4.6555299"/>
 <node id="501584939" visible="true" version="2" changeset="44164933" timestamp="2016-12-04T19:35:13Z" user="Parie" uid="246941" lat="36.7277125" lon="-4.6550578"/>
 <node id="501584941" visible="true" version="2" changeset="44164933" timestamp="2016-12-04T19:35:13Z" user="Parie" uid="246941" lat="36.7273514" lon="-4.6541835"/>
 <node id="501584942" visible="true" version="2" changeset="44164933" timestamp="2016-12-04T19:35:13Z" user="Parie" uid="246941" lat="36.7272009" lon="-4.6530676"/>
 <node id="501584989" visible="true" version="2" changeset="7361722" timestamp="2011-02-22T09:55:43Z" user="UFeldmaus" uid="41190" lat="36.7564833" lon="-4.7154597"/>
 <node id="501584990" visible="true" version="3" changeset="39389840" timestamp="2016-05-18T01:53:44Z" user="dpawlyk" uid="1719931" lat="36.7554982" lon="-4.7172185"/>
 <node id="501584991" visible="true" version="2" changeset="7361722" timestamp="2011-02-22T09:55:39Z" user="UFeldmaus" uid="41190" lat="36.7535665" lon="-4.7179957"/>
 <node id="501584992" visible="true" version="2" changeset="35061721" timestamp="2015-11-03T17:56:23Z" user="luschi" uid="1714220" lat="36.7528210" lon="-4.7188399"/>
 <node id="501584994" visible="true" version="2" changeset="35061721" timestamp="2015-11-03T17:56:23Z" user="luschi" uid="1714220" lat="36.7526573" lon="-4.7195132"/>
 <node id="501584995" visible="true" version="2" changeset="35061721" timestamp="2015-11-03T17:56:23Z" user="luschi" uid="1714220" lat="36.7528990" lon="-4.7219500"/>
 <node id="501584996" visible="true" version="2" changeset="7361722" timestamp="2011-02-22T09:55:37Z" user="UFeldmaus" uid="41190" lat="36.7526878" lon="-4.7249315"/>
 <node id="501584997" visible="true" version="2" changeset="7361722" timestamp="2011-02-22T09:55:48Z" user="UFeldmaus" uid="41190" lat="36.7513211" lon="-4.7277331"/>
 <node id="501584998" visible="true" version="3" changeset="39389840" timestamp="2016-05-18T01:53:43Z" user="dpawlyk" uid="1719931" lat="36.7500319" lon="-4.7289714"/>
 <node id="501584999" visible="true" version="2" changeset="7361722" timestamp="2011-02-22T09:55:40Z" user="UFeldmaus" uid="41190" lat="36.7498881" lon="-4.7308094"/>
 <node id="501585000" visible="true" version="1" changeset="2531363" timestamp="2009-09-19T09:08:25Z" user="my-STR" uid="69238" lat="36.7506470" lon="-4.7317261"/>
 <node id="501585001" visible="true" version="1" changeset="2531363" timestamp="2009-09-19T09:08:25Z" user="my-STR" uid="69238" lat="36.7521600" lon="-4.7334427"/>
 <node id="501585003" visible="true" version="1" changeset="2531363" timestamp="2009-09-19T09:08:25Z" user="my-STR" uid="69238" lat="36.7521600" lon="-4.7356743"/>
 <node id="501585004" visible="true" version="3" changeset="39389840" timestamp="2016-05-18T01:53:44Z" user="dpawlyk" uid="1719931" lat="36.7511443" lon="-4.7380797"/>
 <node id="501585005" visible="true" version="2" changeset="7361722" timestamp="2011-02-22T09:55:40Z" user="UFeldmaus" uid="41190" lat="36.7517541" lon="-4.7409070"/>
 <node id="501585006" visible="true" version="1" changeset="2531363" timestamp="2009-09-19T09:08:26Z" user="my-STR" uid="69238" lat="36.7527101" lon="-4.7427124"/>
 <node id="501585007" visible="true" version="2" changeset="7361722" timestamp="2011-02-22T09:55:35Z" user="UFeldmaus" uid="41190" lat="36.7531051" lon="-4.7437949"/>
 <node id="501585008" visible="true" version="2" changeset="7361722" timestamp="2011-02-22T09:55:41Z" user="UFeldmaus" uid="41190" lat="36.7544405" lon="-4.7443242"/>
 <node id="501585009" visible="true" version="1" changeset="2531363" timestamp="2009-09-19T09:08:26Z" user="my-STR" uid="69238" lat="36.7557359" lon="-4.7475190"/>
 <node id="501585010" visible="true" version="3" changeset="39389840" timestamp="2016-05-18T01:53:44Z" user="dpawlyk" uid="1719931" lat="36.7567528" lon="-4.7498787"/>
 <node id="501585011" visible="true" version="2" changeset="7361722" timestamp="2011-02-22T09:55:46Z" user="UFeldmaus" uid="41190" lat="36.7569026" lon="-4.7514368"/>
 <node id="501585013" visible="true" version="2" changeset="7361722" timestamp="2011-02-22T09:55:51Z" user="UFeldmaus" uid="41190" lat="36.7567651" lon="-4.7530206"/>
 <node id="895881535" visible="true" version="1" changeset="5681008" timestamp="2010-09-04T17:53:06Z" user="cornella" uid="202535" lat="36.7492618" lon="-4.7021527"/>
 <node id="895881536" visible="true" version="1" changeset="5681008" timestamp="2010-09-04T17:53:06Z" user="cornella" uid="202535" lat="36.7621951" lon="-4.7114411"/>
 <node id="895881542" visible="true" version="1" changeset="5681008" timestamp="2010-09-04T17:53:06Z" user="cornella" uid="202535" lat="36.7632037" lon="-4.7085548"/>
 <node id="895881566" visible="true" version="1" changeset="5681008" timestamp="2010-09-04T17:53:07Z" user="cornella" uid="202535" lat="36.7634395" lon="-4.7106330"/>
 <node id="895881578" visible="true" version="1" changeset="5681008" timestamp="2010-09-04T17:53:07Z" user="cornella" uid="202535" lat="36.7620052" lon="-4.7080507"/>
 <node id="895881581" visible="true" version="1" changeset="5681008" timestamp="2010-09-04T17:53:07Z" user="cornella" uid="202535" lat="36.7551478" lon="-4.7032862"/>
 <node id="895881603" visible="true" version="1" changeset="5681008" timestamp="2010-09-04T17:53:08Z" user="cornella" uid="202535" lat="36.7611740" lon="-4.7109211"/>
 <node id="895881605" visible="true" version="1" changeset="5681008" timestamp="2010-09-04T17:53:08Z" user="cornella" uid="202535" lat="36.7629143" lon="-4.7127580"/>
 <node id="895881607" visible="true" version="1" changeset="5681008" timestamp="2010-09-04T17:53:08Z" user="cornella" uid="202535" lat="36.7630607" lon="-4.7101335"/>
 <node id="895881612" visible="true" version="1" changeset="5681008" timestamp="2010-09-04T17:53:08Z" user="cornella" uid="202535" lat="36.7631101" lon="-4.7123528"/>
 <node id="895881638" visible="true" version="1" changeset="5681008" timestamp="2010-09-04T17:53:08Z" user="cornella" uid="202535" lat="36.7585091" lon="-4.7113368"/>
 <node id="895881643" visible="true" version="1" changeset="5681008" timestamp="2010-09-04T17:53:09Z" user="cornella" uid="202535" lat="36.7479289" lon="-4.7019630"/>
 <node id="895881647" visible="true" version="1" changeset="5681008" timestamp="2010-09-04T17:53:09Z" user="cornella" uid="202535" lat="36.7540727" lon="-4.7021138"/>
 <node id="895881678" visible="true" version="1" changeset="5681008" timestamp="2010-09-04T17:53:09Z" user="cornella" uid="202535" lat="36.7631621" lon="-4.7090964"/>
 <node id="895881685" visible="true" version="1" changeset="5681008" timestamp="2010-09-04T17:53:10Z" user="cornella" uid="202535" lat="36.7641999" lon="-4.7101028"/>
 <node id="895881696" visible="true" version="1" changeset="5681008" timestamp="2010-09-04T17:53:10Z" user="cornella" uid="202535" lat="36.7581248" lon="-4.7109039"/>
 <node id="895881701" visible="true" version="1" changeset="5681008" timestamp="2010-09-04T17:53:10Z" user="cornella" uid="202535" lat="36.7623508" lon="-4.7084399"/>
 <node id="895881706" visible="true" version="1" changeset="5681008" timestamp="2010-09-04T17:53:10Z" user="cornella" uid="202535" lat="36.7610432" lon="-4.7098222"/>
 <node id="895881707" visible="true" version="1" changeset="5681008" timestamp="2010-09-04T17:53:10Z" user="cornella" uid="202535" lat="36.7624816" lon="-4.7113508"/>
 <node id="895881725" visible="true" version="1" changeset="5681008" timestamp="2010-09-04T17:53:11Z" user="cornella" uid="202535" lat="36.7585626" lon="-4.7096853"/>
 <node id="895881727" visible="true" version="1" changeset="5681008" timestamp="2010-09-04T17:53:11Z" user="cornella" uid="202535" lat="36.7537468" lon="-4.7022354"/>
 <node id="895881745" visible="true" version="3" changeset="118836764" timestamp="2022-03-23T20:05:50Z" user="bkr" uid="40560" lat="36.7631567" lon="-4.7123370"/>
 <node id="895881748" visible="true" version="2" changeset="85911237" timestamp="2020-05-28T22:45:22Z" user="Patrick1977Bln" uid="259536" lat="36.7668326" lon="-4.7112839">
  <tag k="railway" v="switch"/>
 </node>
 <node id="895881758" visible="true" version="1" changeset="5681008" timestamp="2010-09-04T17:53:12Z" user="cornella" uid="202535" lat="36.7566022" lon="-4.7058546"/>
 <node id="895881764" visible="true" version="1" changeset="5681008" timestamp="2010-09-04T17:53:12Z" user="cornella" uid="202535" lat="36.7379033" lon="-4.6967435"/>
 <node id="895881775" visible="true" version="1" changeset="5681008" timestamp="2010-09-04T17:53:13Z" user="cornella" uid="202535" lat="36.7644935" lon="-4.7087253"/>
 <node id="895881776" visible="true" version="1" changeset="5681008" timestamp="2010-09-04T17:53:13Z" user="cornella" uid="202535" lat="36.7624322" lon="-4.7095604"/>
 <node id="895881779" visible="true" version="1" changeset="5681008" timestamp="2010-09-04T17:53:13Z" user="cornella" uid="202535" lat="36.7659315" lon="-4.7114694"/>
 <node id="895881786" visible="true" version="1" changeset="5681008" timestamp="2010-09-04T17:53:13Z" user="cornella" uid="202535" lat="36.7554786" lon="-4.7036607"/>
 <node id="895881803" visible="true" version="1" changeset="5681008" timestamp="2010-09-04T17:53:13Z" user="cornella" uid="202535" lat="36.7641920" lon="-4.7119869"/>
 <node id="895881823" visible="true" version="1" changeset="5681008" timestamp="2010-09-04T17:53:14Z" user="cornella" uid="202535" lat="36.7606641" lon="-4.7126113"/>
 <node id="895881825" visible="true" version="1" changeset="5681008" timestamp="2010-09-04T17:53:14Z" user="cornella" uid="202535" lat="36.7631077" lon="-4.7096532"/>
 <node id="895881827" visible="true" version="1" changeset="5681008" timestamp="2010-09-04T17:53:14Z" user="cornella" uid="202535" lat="36.7483375" lon="-4.7020895"/>
 <node id="895881830" visible="true" version="1" changeset="5681008" timestamp="2010-09-04T17:53:14Z" user="cornella" uid="202535" lat="36.7615476" lon="-4.7114846"/>
 <node id="895881841" visible="true" version="1" changeset="5681008" timestamp="2010-09-04T17:53:15Z" user="cornella" uid="202535" lat="36.7608003" lon="-4.7118379"/>
 <node id="895881844" visible="true" version="2" changeset="41808554" timestamp="2016-08-30T18:20:48Z" user="dpawlyk" uid="1719931" lat="36.7559795" lon="-4.7039005"/>
 <node id="895881847" visible="true" version="1" changeset="5681008" timestamp="2010-09-04T17:53:15Z" user="cornella" uid="202535" lat="36.7610868" lon="-4.7100121"/>
 <node id="895881861" visible="true" version="1" changeset="5681008" timestamp="2010-09-04T17:53:15Z" user="cornella" uid="202535" lat="36.7624971" lon="-4.7135954"/>
 <node id="895881862" visible="true" version="1" changeset="5681008" timestamp="2010-09-04T17:53:15Z" user="cornella" uid="202535" lat="36.8013678" lon="-4.7112313"/>
 <node id="895881867" visible="true" version="1" changeset="5681008" timestamp="2010-09-04T17:53:15Z" user="cornella" uid="202535" lat="36.7624719" lon="-4.7125707"/>
 <node id="895881884" visible="true" version="1" changeset="5681008" timestamp="2010-09-04T17:53:16Z" user="cornella" uid="202535" lat="36.7605145" lon="-4.7118196"/>
 <node id="895881890" visible="true" version="1" changeset="5681008" timestamp="2010-09-04T17:53:16Z" user="cornella" uid="202535" lat="36.7542770" lon="-4.7025614"/>
 <node id="895881906" visible="true" version="1" changeset="5681008" timestamp="2010-09-04T17:53:17Z" user="cornella" uid="202535" lat="36.7574584" lon="-4.7097121"/>
 <node id="895881911" visible="true" version="1" changeset="5681008" timestamp="2010-09-04T17:53:17Z" user="cornella" uid="202535" lat="36.7388762" lon="-4.6972494"/>
 <node id="895881933" visible="true" version="1" changeset="5681008" timestamp="2010-09-04T17:53:18Z" user="cornella" uid="202535" lat="36.7575472" lon="-4.7072531"/>
 <node id="895881935" visible="true" version="1" changeset="5681008" timestamp="2010-09-04T17:53:18Z" user="cornella" uid="202535" lat="36.7614822" lon="-4.7112076"/>
 <node id="895881938" visible="true" version="1" changeset="5681008" timestamp="2010-09-04T17:53:18Z" user="cornella" uid="202535" lat="36.7527982" lon="-4.7019338"/>
 <node id="895881942" visible="true" version="1" changeset="5681008" timestamp="2010-09-04T17:53:18Z" user="cornella" uid="202535" lat="36.7631385" lon="-4.7111329"/>
 <node id="895881943" visible="true" version="2" changeset="44164933" timestamp="2016-12-04T19:35:13Z" user="Parie" uid="246941" lat="36.7729335" lon="-4.7161869"/>
 <node id="895881957" visible="true" version="1" changeset="5681008" timestamp="2010-09-04T17:53:19Z" user="cornella" uid="202535" lat="36.7645773" lon="-4.7119480"/>
 <node id="895881960" visible="true" version="1" changeset="5681008" timestamp="2010-09-04T17:53:19Z" user="cornella" uid="202535" lat="36.7662518" lon="-4.7113125"/>
 <node id="895881962" visible="true" version="1" changeset="5681008" timestamp="2010-09-04T17:53:19Z" user="cornella" uid="202535" lat="36.7651340" lon="-4.7068502"/>
 <node id="895881965" visible="true" version="1" changeset="5681008" timestamp="2010-09-04T17:53:19Z" user="cornella" uid="202535" lat="36.7609900" lon="-4.7126551"/>
 <node id="895881967" visible="true" version="1" changeset="5681008" timestamp="2010-09-04T17:53:19Z" user="cornella" uid="202535" lat="36.7630513" lon="-4.7102300"/>
 <node id="895881977" visible="true" version="1" changeset="5681008" timestamp="2010-09-04T17:53:19Z" user="cornella" uid="202535" lat="36.7517864" lon="-4.7018657"/>
 <node id="895881978" visible="true" version="2" changeset="92640614" timestamp="2020-10-17T19:57:38Z" user="Begavil84" uid="1725439" lat="36.7618108" lon="-4.7115127"/>
 <node id="895881981" visible="true" version="1" changeset="5681008" timestamp="2010-09-04T17:53:20Z" user="cornella" uid="202535" lat="36.7635457" lon="-4.7107669"/>
 <node id="895881984" visible="true" version="1" changeset="5681008" timestamp="2010-09-04T17:53:20Z" user="cornella" uid="202535" lat="36.7666398" lon="-4.7113332"/>
 <node id="895881995" visible="true" version="1" changeset="5681008" timestamp="2010-09-04T17:53:20Z" user="cornella" uid="202535" lat="36.7563931" lon="-4.7046190"/>
 <node id="895881997" visible="true" version="1" changeset="5681008" timestamp="2010-09-04T17:53:20Z" user="cornella" uid="202535" lat="36.7623877" lon="-4.7100347"/>
 <node id="895882007" visible="true" version="1" changeset="5681008" timestamp="2010-09-04T17:53:20Z" user="cornella" uid="202535" lat="36.7628105" lon="-4.7124462"/>
 <node id="895882017" visible="true" version="1" changeset="5681008" timestamp="2010-09-04T17:53:21Z" user="cornella" uid="202535" lat="36.7641271" lon="-4.7099586"/>
 <node id="895882021" visible="true" version="1" changeset="5681008" timestamp="2010-09-04T17:53:21Z" user="cornella" uid="202535" lat="36.7595841" lon="-4.7122270"/>
 <node id="895882022" visible="true" version="1" changeset="5681008" timestamp="2010-09-04T17:53:21Z" user="cornella" uid="202535" lat="36.7473111" lon="-4.7017198"/>
 <node id="895882025" visible="true" version="1" changeset="5681008" timestamp="2010-09-04T17:53:21Z" user="cornella" uid="202535" lat="36.7641534" lon="-4.7081846"/>
 <node id="895882040" visible="true" version="1" changeset="5681008" timestamp="2010-09-04T17:53:22Z" user="cornella" uid="202535" lat="36.7641958" lon="-4.7097272"/>
 <node id="895882043" visible="true" version="1" changeset="5681008" timestamp="2010-09-04T17:53:22Z" user="cornella" uid="202535" lat="36.7625594" lon="-4.7113134"/>
 <node id="895882048" visible="true" version="1" changeset="5681008" timestamp="2010-09-04T17:53:22Z" user="cornella" uid="202535" lat="36.7641129" lon="-4.7100281"/>
 <node id="895882057" visible="true" version="1" changeset="5681008" timestamp="2010-09-04T17:53:23Z" user="cornella" uid="202535" lat="36.7577308" lon="-4.7103007"/>
 <node id="895882061" visible="true" version="1" changeset="5681008" timestamp="2010-09-04T17:53:23Z" user="cornella" uid="202535" lat="36.7460756" lon="-4.7010728"/>
 <node id="895882067" visible="true" version="1" changeset="5681008" timestamp="2010-09-04T17:53:23Z" user="cornella" uid="202535" lat="36.7608502" lon="-4.7096852"/>
 <node id="895882069" visible="true" version="1" changeset="5681008" timestamp="2010-09-04T17:53:23Z" user="cornella" uid="202535" lat="36.7635556" lon="-4.7105351"/>
 <node id="895882086" visible="true" version="1" changeset="5681008" timestamp="2010-09-04T17:53:24Z" user="cornella" uid="202535" lat="36.7616472" lon="-4.7088944"/>
 <node id="895882088" visible="true" version="1" changeset="5681008" timestamp="2010-09-04T17:53:24Z" user="cornella" uid="202535" lat="36.7595659" lon="-4.7117710"/>
 <node id="895882092" visible="true" version="1" changeset="5681008" timestamp="2010-09-04T17:53:24Z" user="cornella" uid="202535" lat="36.7532896" lon="-4.7020652"/>
 <node id="895882109" visible="true" version="1" changeset="5681008" timestamp="2010-09-04T17:53:25Z" user="cornella" uid="202535" lat="36.7636705" lon="-4.7122633"/>
 <node id="895882111" visible="true" version="1" changeset="5681008" timestamp="2010-09-04T17:53:25Z" user="cornella" uid="202535" lat="36.7665850" lon="-4.7112839"/>
 <node id="895882113" visible="true" version="1" changeset="5681008" timestamp="2010-09-04T17:53:25Z" user="cornella" uid="202535" lat="36.7571276" lon="-4.7086711"/>
 <node id="895882120" visible="true" version="1" changeset="5681008" timestamp="2010-09-04T17:53:25Z" user="cornella" uid="202535" lat="36.7613328" lon="-4.7098969"/>
 <node id="895882130" visible="true" version="1" changeset="5681008" timestamp="2010-09-04T17:53:26Z" user="cornella" uid="202535" lat="36.7662934" lon="-4.7113876"/>
 <node id="895882140" visible="true" version="1" changeset="5681008" timestamp="2010-09-04T17:53:26Z" user="cornella" uid="202535" lat="36.7613265" lon="-4.7105195"/>
 <node id="895882143" visible="true" version="1" changeset="5681008" timestamp="2010-09-04T17:53:26Z" user="cornella" uid="202535" lat="36.7564174" lon="-4.7052709"/>
 <node id="895882148" visible="true" version="1" changeset="5681008" timestamp="2010-09-04T17:53:26Z" user="cornella" uid="202535" lat="36.7613577" lon="-4.7094081"/>
 <node id="895882163" visible="true" version="1" changeset="5681008" timestamp="2010-09-04T17:53:27Z" user="cornella" uid="202535" lat="36.7636781" lon="-4.7097305"/>
 <node id="895882167" visible="true" version="2" changeset="67101075" timestamp="2019-02-11T13:51:17Z" user="km2bp" uid="3610826" lat="36.7645175" lon="-4.7086479"/>
 <node id="895882171" visible="true" version="1" changeset="5681008" timestamp="2010-09-04T17:53:27Z" user="cornella" uid="202535" lat="36.7991980" lon="-4.7105290"/>
 <node id="895882175" visible="true" version="1" changeset="5681008" timestamp="2010-09-04T17:53:27Z" user="cornella" uid="202535" lat="36.7600998" lon="-4.7124556"/>
 <node id="895882181" visible="true" version="1" changeset="5681008" timestamp="2010-09-04T17:53:27Z" user="cornella" uid="202535" lat="36.7632412" lon="-4.7080663"/>
 <node id="895882182" visible="true" version="1" changeset="5681008" timestamp="2010-09-04T17:53:27Z" user="cornella" uid="202535" lat="36.7498553" lon="-4.7021236"/>
 <node id="895882184" visible="true" version="1" changeset="5681008" timestamp="2010-09-04T17:53:27Z" user="cornella" uid="202535" lat="36.7613701" lon="-4.7114317"/>
 <node id="895882200" visible="true" version="1" changeset="5681008" timestamp="2010-09-04T17:53:28Z" user="cornella" uid="202535" lat="36.7546321" lon="-4.7024689"/>
 <node id="895882205" visible="true" version="1" changeset="5681008" timestamp="2010-09-04T17:53:28Z" user="cornella" uid="202535" lat="36.7612549" lon="-4.7112605"/>
 <node id="895882209" visible="true" version="1" changeset="5681008" timestamp="2010-09-04T17:53:28Z" user="cornella" uid="202535" lat="36.7629392" lon="-4.7125276"/>
 <node id="895882212" visible="true" version="1" changeset="5681008" timestamp="2010-09-04T17:53:28Z" user="cornella" uid="202535" lat="36.7625231" lon="-4.7084631"/>
 <node id="895882214" visible="true" version="1" changeset="5681008" timestamp="2010-09-04T17:53:28Z" user="cornella" uid="202535" lat="36.8018919" lon="-4.7110915"/>
 <node id="895882223" visible="true" version="1" changeset="5681008" timestamp="2010-09-04T17:53:29Z" user="cornella" uid="202535" lat="36.7620049" lon="-4.7126563"/>
 <node id="895882225" visible="true" version="1" changeset="5681008" timestamp="2010-09-04T17:53:29Z" user="cornella" uid="202535" lat="36.7588107" lon="-4.7116579"/>
 <node id="895882228" visible="true" version="2" changeset="44184115" timestamp="2016-12-05T13:56:19Z" user="Parie" uid="246941" lat="36.7597837" lon="-4.7118658"/>
 <node id="895882229" visible="true" version="1" changeset="5681008" timestamp="2010-09-04T17:53:29Z" user="cornella" uid="202535" lat="36.7645986" lon="-4.7084036"/>
 <node id="895882234" visible="true" version="1" changeset="5681008" timestamp="2010-09-04T17:53:29Z" user="cornella" uid="202535" lat="36.7551624" lon="-4.7029456"/>
 <node id="895882247" visible="true" version="2" changeset="118836764" timestamp="2022-03-23T20:05:50Z" user="bkr" uid="40560" lat="36.7617170" lon="-4.7126796">
  <tag k="railway" v="switch"/>
 </node>
 <node id="895882253" visible="true" version="1" changeset="5681008" timestamp="2010-09-04T17:53:30Z" user="cornella" uid="202535" lat="36.7572541" lon="-4.7092062"/>
 <node id="895882264" visible="true" version="1" changeset="5681008" timestamp="2010-09-04T17:53:30Z" user="cornella" uid="202535" lat="36.7428261" lon="-4.6993508"/>
 <node id="895882268" visible="true" version="2" changeset="92640614" timestamp="2020-10-17T19:57:38Z" user="Begavil84" uid="1725439" lat="36.7616172" lon="-4.7114923"/>
 <node id="895882270" visible="true" version="1" changeset="5681008" timestamp="2010-09-04T17:53:31Z" user="cornella" uid="202535" lat="36.7623134" lon="-4.7108246"/>
 <node id="895882287" visible="true" version="2" changeset="44184115" timestamp="2016-12-05T13:56:19Z" user="Parie" uid="246941" lat="36.7589561" lon="-4.7110355"/>
 <node id="895882289" visible="true" version="1" changeset="5681008" timestamp="2010-09-04T17:53:31Z" user="cornella" uid="202535" lat="36.7613857" lon="-4.7108028"/>
 <node id="895882293" visible="true" version="1" changeset="5681008" timestamp="2010-09-04T17:53:31Z" user="cornella" uid="202535" lat="36.7522486" lon="-4.7018511"/>
 <node id="895882302" visible="true" version="1" changeset="5681008" timestamp="2010-09-04T17:53:32Z" user="cornella" uid="202535" lat="36.7626621" lon="-4.7115096"/>
 <node id="895882305" visible="true" version="2" changeset="44164933" timestamp="2016-12-04T19:35:13Z" user="Parie" uid="246941" lat="36.7727257" lon="-4.7163391"/>
 <node id="895882313" visible="true" version="1" changeset="5681008" timestamp="2010-09-04T17:53:32Z" user="cornella" uid="202535" lat="36.7653828" lon="-4.7116601"/>
 <node id="895882315" visible="true" version="1" changeset="5681008" timestamp="2010-09-04T17:53:32Z" user="cornella" uid="202535" lat="36.7568017" lon="-4.7067107"/>
 <node id="895882319" visible="true" version="1" changeset="5681008" timestamp="2010-09-04T17:53:33Z" user="cornella" uid="202535" lat="36.7510811" lon="-4.7019484"/>
 <node id="895882320" visible="true" version="1" changeset="5681008" timestamp="2010-09-04T17:53:33Z" user="cornella" uid="202535" lat="36.7633969" lon="-4.7106690"/>
 <node id="895882331" visible="true" version="1" changeset="5681008" timestamp="2010-09-04T17:53:33Z" user="cornella" uid="202535" lat="36.7613888" lon="-4.7092649"/>
 <node id="895882334" visible="true" version="1" changeset="5681008" timestamp="2010-09-04T17:53:33Z" user="cornella" uid="202535" lat="36.7558628" lon="-4.7041861"/>
 <node id="895882335" visible="true" version="2" changeset="95902225" timestamp="2020-12-15T21:55:27Z" user="itrivi" uid="2021536" lat="36.7628863" lon="-4.7123252">
  <tag k="highway" v="trailhead"/>
  <tag k="name" v="SL-A 211 Pizarra - Cerralba"/>
 </node>
 <node id="895882343" visible="true" version="1" changeset="5681008" timestamp="2010-09-04T17:53:34Z" user="cornella" uid="202535" lat="36.7614372" lon="-4.7110187"/>
 <node id="895882346" visible="true" version="1" changeset="5681008" timestamp="2010-09-04T17:53:34Z" user="cornella" uid="202535" lat="36.7658243" lon="-4.7114112"/>
 <node id="895882350" visible="true" version="6" changeset="138942555" timestamp="2023-07-24T14:16:11Z" user="Robot8A" uid="393359" lat="36.7641370" lon="-4.7102846"/>
 <node id="895882353" visible="true" version="1" changeset="5681008" timestamp="2010-09-04T17:53:34Z" user="cornella" uid="202535" lat="36.7591804" lon="-4.7119449"/>
 <node id="895882354" visible="true" version="1" changeset="5681008" timestamp="2010-09-04T17:53:34Z" user="cornella" uid="202535" lat="36.7641749" lon="-4.7097978"/>
 <node id="895882362" visible="true" version="1" changeset="5681008" timestamp="2010-09-04T17:53:35Z" user="cornella" uid="202535" lat="36.7487656" lon="-4.7021333"/>
 <node id="895882363" visible="true" version="1" changeset="5681008" timestamp="2010-09-04T17:53:35Z" user="cornella" uid="202535" lat="36.7642592" lon="-4.7082313"/>
 <node id="895882365" visible="true" version="1" changeset="5681008" timestamp="2010-09-04T17:53:35Z" user="cornella" uid="202535" lat="36.7643347" lon="-4.7092597"/>
 <node id="895882377" visible="true" version="1" changeset="5681008" timestamp="2010-09-04T17:53:35Z" user="cornella" uid="202535" lat="36.7613293" lon="-4.7118683"/>
 <node id="895882382" visible="true" version="1" changeset="5681008" timestamp="2010-09-04T17:53:35Z" user="cornella" uid="202535" lat="36.7438233" lon="-4.6998810"/>
 <node id="895882384" visible="true" version="1" changeset="5681008" timestamp="2010-09-04T17:53:35Z" user="cornella" uid="202535" lat="36.7611273" lon="-4.7103732"/>
 <node id="895882386" visible="true" version="1" changeset="5681008" timestamp="2010-09-04T17:53:35Z" user="cornella" uid="202535" lat="36.7626684" lon="-4.7131845"/>
 <node id="895882393" visible="true" version="1" changeset="5681008" timestamp="2010-09-04T17:53:36Z" user="cornella" uid="202535" lat="36.7587572" lon="-4.7104636"/>
 <node id="895882399" visible="true" version="2" changeset="40195700" timestamp="2016-06-22T04:55:48Z" user="Lübeck" uid="55462" lat="36.7623239" lon="-4.7141941"/>
 <node id="895882402" visible="true" version="1" changeset="5681008" timestamp="2010-09-04T17:53:36Z" user="cornella" uid="202535" lat="36.7546808" lon="-4.7028581"/>
 <node id="895882421" visible="true" version="1" changeset="5681008" timestamp="2010-09-04T17:53:36Z" user="cornella" uid="202535" lat="36.7569719" lon="-4.7079512"/>
 <node id="895882425" visible="true" version="1" changeset="5681008" timestamp="2010-09-04T17:53:36Z" user="cornella" uid="202535" lat="36.7618620" lon="-4.7083745"/>
 <node id="895882429" visible="true" version="1" changeset="5681008" timestamp="2010-09-04T17:53:37Z" user="cornella" uid="202535" lat="36.7404912" lon="-4.6981250"/>
 <node id="895882437" visible="true" version="2" changeset="44164933" timestamp="2016-12-04T19:35:13Z" user="Parie" uid="246941" lat="36.7722891" lon="-4.7165121"/>
 <node id="895882440" visible="true" version="1" changeset="5681008" timestamp="2010-09-04T17:53:37Z" user="cornella" uid="202535" lat="36.7625505" lon="-4.7115738"/>
 <node id="895882449" visible="true" version="1" changeset="5681008" timestamp="2010-09-04T17:53:37Z" user="cornella" uid="202535" lat="36.7622979" lon="-4.7095420"/>
 <node id="895882452" visible="true" version="1" changeset="5681008" timestamp="2010-09-04T17:53:38Z" user="cornella" uid="202535" lat="36.7625687" lon="-4.7079636"/>
 <node id="895882457" visible="true" version="1" changeset="5681008" timestamp="2010-09-04T17:53:38Z" user="cornella" uid="202535" lat="36.7580397" lon="-4.7082442"/>
 <node id="895882465" visible="true" version="1" changeset="5681008" timestamp="2010-09-04T17:53:38Z" user="cornella" uid="202535" lat="36.7561401" lon="-4.7046579"/>
 <node id="895882469" visible="true" version="1" changeset="5681008" timestamp="2010-09-04T17:53:38Z" user="cornella" uid="202535" lat="36.7624783" lon="-4.7090039"/>
 <node id="895882490" visible="true" version="2" changeset="39593614" timestamp="2016-05-27T01:19:15Z" user="dpawlyk" uid="1719931" lat="36.8006512" lon="-4.7111180"/>
 <node id="895882496" visible="true" version="1" changeset="5681008" timestamp="2010-09-04T17:53:39Z" user="cornella" uid="202535" lat="36.7613062" lon="-4.7126843"/>
 <node id="895912524" visible="true" version="1" changeset="5681139" timestamp="2010-09-04T18:07:31Z" user="cornella" uid="202535" lat="36.7341558" lon="-4.6784192"/>
 <node id="895912574" visible="true" version="1" changeset="5681139" timestamp="2010-09-04T18:07:31Z" user="cornella" uid="202535" lat="36.7319666" lon="-4.6885805"/>
 <node id="895912624" visible="true" version="1" changeset="5681139" timestamp="2010-09-04T18:07:32Z" user="cornella" uid="202535" lat="36.7323237" lon="-4.6859122"/>
 <node id="895912679" visible="true" version="1" changeset="5681139" timestamp="2010-09-04T18:07:33Z" user="cornella" uid="202535" lat="36.7336327" lon="-4.6808011"/>
 <node id="895912727" visible="true" version="1" changeset="5681139" timestamp="2010-09-04T18:07:33Z" user="cornella" uid="202535" lat="36.7342828" lon="-4.6770988"/>
 <node id="895912743" visible="true" version="1" changeset="5681139" timestamp="2010-09-04T18:07:33Z" user="cornella" uid="202535" lat="36.7372932" lon="-4.6964365"/>
 <node id="895912748" visible="true" version="1" changeset="5681139" timestamp="2010-09-04T18:07:34Z" user="cornella" uid="202535" lat="36.7342574" lon="-4.6761338"/>
 <node id="895912766" visible="true" version="1" changeset="5681139" timestamp="2010-09-04T18:07:34Z" user="cornella" uid="202535" lat="36.7321353" lon="-4.6868744"/>
 <node id="895912796" visible="true" version="1" changeset="5681139" timestamp="2010-09-04T18:07:35Z" user="cornella" uid="202535" lat="36.7323072" lon="-4.6910192"/>
 <node id="895912893" visible="true" version="1" changeset="5681139" timestamp="2010-09-04T18:07:36Z" user="cornella" uid="202535" lat="36.7341152" lon="-4.6746813"/>
 <node id="895912913" visible="true" version="1" changeset="5681139" timestamp="2010-09-04T18:07:37Z" user="cornella" uid="202535" lat="36.7325717" lon="-4.6850294"/>
 <node id="895912955" visible="true" version="1" changeset="5681139" timestamp="2010-09-04T18:07:37Z" user="cornella" uid="202535" lat="36.7340289" lon="-4.6791200"/>
 <node id="895912978" visible="true" version="1" changeset="5681139" timestamp="2010-09-04T18:07:38Z" user="cornella" uid="202535" lat="36.7321154" lon="-4.6902866"/>
 <node id="895912993" visible="true" version="1" changeset="5681139" timestamp="2010-09-04T18:07:38Z" user="cornella" uid="202535" lat="36.7342016" lon="-4.6754888"/>
 <node id="895913038" visible="true" version="1" changeset="5681139" timestamp="2010-09-04T18:07:39Z" user="cornella" uid="202535" lat="36.7320063" lon="-4.6894534"/>
 <node id="895913083" visible="true" version="1" changeset="5681139" timestamp="2010-09-04T18:07:40Z" user="cornella" uid="202535" lat="36.7332112" lon="-4.6824618"/>
 <node id="895913208" visible="true" version="1" changeset="5681139" timestamp="2010-09-04T18:07:42Z" user="cornella" uid="202535" lat="36.7342320" lon="-4.6778402"/>
 <node id="895913265" visible="true" version="1" changeset="5681139" timestamp="2010-09-04T18:07:44Z" user="cornella" uid="202535" lat="36.7319964" lon="-4.6877274"/>
 <node id="1079133400" visible="true" version="2" changeset="10637684" timestamp="2012-02-09T20:13:42Z" user="LatLng" uid="71251" lat="36.7640852" lon="-4.6995221"/>
 <node id="1079133403" visible="true" version="2" changeset="10637684" timestamp="2012-02-09T20:13:42Z" user="LatLng" uid="71251" lat="36.7649410" lon="-4.6981445"/>
 <node id="1079133435" visible="true" version="2" changeset="48154000" timestamp="2017-04-26T08:03:21Z" user="andi9876" uid="1256497" lat="36.7662297" lon="-4.6998857"/>
 <node id="1079133605" visible="true" version="2" changeset="10637684" timestamp="2012-02-09T20:13:42Z" user="LatLng" uid="71251" lat="36.7638973" lon="-4.6986959"/>
 <node id="1079133618" visible="true" version="2" changeset="48154000" timestamp="2017-04-26T08:03:21Z" user="andi9876" uid="1256497" lat="36.7670297" lon="-4.6980249"/>
 <node id="1079133710" visible="true" version="1" changeset="6841640" timestamp="2011-01-02T18:27:00Z" user="puhuri" uid="136065" lat="36.7638353" lon="-4.6976644"/>
 <node id="1079133735" visible="true" version="4" changeset="147148330" timestamp="2024-02-06T19:22:44Z" user="alan_gr" uid="5307206" lat="36.7667423" lon="-4.6975578"/>
 <node id="1079133860" visible="true" version="2" changeset="10637684" timestamp="2012-02-09T20:13:42Z" user="LatLng" uid="71251" lat="36.7651975" lon="-4.6975997"/>
 <node id="1079133921" visible="true" version="1" changeset="6841640" timestamp="2011-01-02T18:27:05Z" user="puhuri" uid="136065" lat="36.7642507" lon="-4.6998325"/>
 <node id="1079133924" visible="true" version="2" changeset="10637684" timestamp="2012-02-09T20:13:42Z" user="LatLng" uid="71251" lat="36.7648440" lon="-4.6984773"/>
 <node id="1079133934" visible="true" version="2" changeset="15205136" timestamp="2013-03-01T06:19:14Z" user="cloudbase" uid="576814" lat="36.7637749" lon="-4.7041180"/>
 <node id="1079133958" visible="true" version="2" changeset="48154000" timestamp="2017-04-26T08:03:21Z" user="andi9876" uid="1256497" lat="36.7664529" lon="-4.6992293"/>
 <node id="1079133977" visible="true" version="1" changeset="6841640" timestamp="2011-01-02T18:27:06Z" user="puhuri" uid="136065" lat="36.7645451" lon="-4.7061196"/>
 <node id="1079134018" visible="true" version="2" changeset="10637684" timestamp="2012-02-09T20:13:43Z" user="LatLng" uid="71251" lat="36.7635985" lon="-4.6987424"/>
 <node id="1079134037" visible="true" version="2" changeset="10637684" timestamp="2012-02-09T20:13:43Z" user="LatLng" uid="71251" lat="36.7671835" lon="-4.6975977"/>
 <node id="1079134125" visible="true" version="3" changeset="48154000" timestamp="2017-04-26T08:03:21Z" user="andi9876" uid="1256497" lat="36.7662841" lon="-4.6975397"/>
 <node id="1079134286" visible="true" version="2" changeset="10637684" timestamp="2012-02-09T20:13:43Z" user="LatLng" uid="71251" lat="36.7650721" lon="-4.6978596"/>
 <node id="1079134327" visible="true" version="2" changeset="48154000" timestamp="2017-04-26T08:03:21Z" user="andi9876" uid="1256497" lat="36.7661257" lon="-4.7000398"/>
 <node id="1079134377" visible="true" version="3" changeset="147148330" timestamp="2024-02-06T19:22:44Z" user="alan_gr" uid="5307206" lat="36.7636935" lon="-4.6969876"/>
 <node id="1079134385" visible="true" version="2" changeset="10637684" timestamp="2012-02-09T20:13:43Z" user="LatLng" uid="71251" lat="36.7645983" lon="-4.6985541"/>
 <node id="1079134425" visible="true" version="2" changeset="48154000" timestamp="2017-04-26T08:03:21Z" user="andi9876" uid="1256497" lat="36.7666627" lon="-4.6988151"/>
 <node id="1079134451" visible="true" version="2" changeset="15201857" timestamp="2013-02-28T20:46:49Z" user="cloudbase" uid="576814" lat="36.7638053" lon="-4.7054159"/>
 <node id="1079134535" visible="true" version="1" changeset="6841640" timestamp="2011-01-02T18:27:22Z" user="puhuri" uid="136065" lat="36.7636213" lon="-4.6978911"/>
 <node id="1079134572" visible="true" version="4" changeset="147148330" timestamp="2024-02-06T19:22:44Z" user="alan_gr" uid="5307206" lat="36.7669363" lon="-4.6975341"/>
 <node id="1079134624" visible="true" version="2" changeset="15205136" timestamp="2013-03-01T06:19:14Z" user="cloudbase" uid="576814" lat="36.7646621" lon="-4.7041426"/>
 <node id="1079134697" visible="true" version="2" changeset="10637684" timestamp="2012-02-09T20:13:43Z" user="LatLng" uid="71251" lat="36.7660000" lon="-4.6976845"/>
 <node id="1079134819" visible="true" version="1" changeset="6841640" timestamp="2011-01-02T18:27:31Z" user="puhuri" uid="136065" lat="36.7641077" lon="-4.6996147"/>
 <node id="1079134850" visible="true" version="2" changeset="10637684" timestamp="2012-02-09T20:13:43Z" user="LatLng" uid="71251" lat="36.7648560" lon="-4.6983822"/>
 <node id="1079134874" visible="true" version="2" changeset="48154000" timestamp="2017-04-26T08:03:21Z" user="andi9876" uid="1256497" lat="36.7663429" lon="-4.6996159"/>
 <node id="1079134972" visible="true" version="1" changeset="6841640" timestamp="2011-01-02T18:27:34Z" user="puhuri" uid="136065" lat="36.7642106" lon="-4.6985596"/>
 <node id="1079135000" visible="true" version="1" changeset="6841640" timestamp="2011-01-02T18:27:35Z" user="puhuri" uid="136065" lat="36.7669796" lon="-4.6985579"/>
 <node id="1079135022" visible="true" version="2" changeset="15201857" timestamp="2013-02-28T20:46:49Z" user="cloudbase" uid="576814" lat="36.7632051" lon="-4.7029849"/>
 <node id="1079135088" visible="true" version="3" changeset="147148330" timestamp="2024-02-06T19:22:44Z" user="alan_gr" uid="5307206" lat="36.7639801" lon="-4.6974060"/>
 <node id="1079135095" visible="true" version="2" changeset="10637684" timestamp="2012-02-09T20:13:44Z" user="LatLng" uid="71251" lat="36.7665340" lon="-4.6974733"/>
 <node id="1079135122" visible="true" version="2" changeset="15205136" timestamp="2013-03-01T06:19:14Z" user="cloudbase" uid="576814" lat="36.7637627" lon="-4.7048025"/>
 <node id="1079135174" visible="true" version="2" changeset="10637684" timestamp="2012-02-09T20:13:44Z" user="LatLng" uid="71251" lat="36.7657594" lon="-4.6974902"/>
 <node id="1079135250" visible="true" version="1" changeset="6841640" timestamp="2011-01-02T18:27:44Z" user="puhuri" uid="136065" lat="36.7642549" lon="-4.7000556"/>
 <node id="1079135253" visible="true" version="2" changeset="10637684" timestamp="2012-02-09T20:13:44Z" user="LatLng" uid="71251" lat="36.7647502" lon="-4.6985451"/>
 <node id="1079135281" visible="true" version="2" changeset="48154000" timestamp="2017-04-26T08:03:21Z" user="andi9876" uid="1256497" lat="36.7665214" lon="-4.6989758"/>
 <node id="1079135294" visible="true" version="1" changeset="6841640" timestamp="2011-01-02T18:27:46Z" user="puhuri" uid="136065" lat="36.7642644" lon="-4.7057192"/>
 <node id="1079135331" visible="true" version="2" changeset="10637684" timestamp="2012-02-09T20:13:44Z" user="LatLng" uid="71251" lat="36.7640643" lon="-4.6994278"/>
 <node id="1079135339" visible="true" version="1" changeset="6841640" timestamp="2011-01-02T18:27:47Z" user="puhuri" uid="136065" lat="36.7671303" lon="-4.6982892"/>
 <node id="1079135355" visible="true" version="1" changeset="6841640" timestamp="2011-01-02T18:27:47Z" user="puhuri" uid="136065" lat="36.7643687" lon="-4.7028462">
  <tag k="highway" v="turning_circle"/>
 </node>
 <node id="1079135411" visible="true" version="2" changeset="10637684" timestamp="2012-02-09T20:13:44Z" user="LatLng" uid="71251" lat="36.7661378" lon="-4.6975431"/>
 <node id="1079135424" visible="true" version="3" changeset="56452342" timestamp="2018-02-18T00:01:27Z" user="alan_gr" uid="5307206" lat="36.7658465" lon="-4.7004404"/>
 <node id="1079135466" visible="true" version="2" changeset="10637684" timestamp="2012-02-09T20:13:44Z" user="LatLng" uid="71251" lat="36.7655662" lon="-4.6978976"/>
 <node id="1079135509" visible="true" version="1" changeset="6841640" timestamp="2011-01-02T18:27:53Z" user="puhuri" uid="136065" lat="36.7643250" lon="-4.6984605"/>
 <node id="1079135545" visible="true" version="1" changeset="6841640" timestamp="2011-01-02T18:27:54Z" user="puhuri" uid="136065" lat="36.7668544" lon="-4.6986973"/>
 <node id="1079135559" visible="true" version="3" changeset="163342782" timestamp="2025-03-07T20:30:41Z" user="Peri3" uid="14595185" lat="36.7636179" lon="-4.7043320"/>
 <node id="1079135619" visible="true" version="2" changeset="10637684" timestamp="2012-02-09T20:13:44Z" user="LatLng" uid="71251" lat="36.7637635" lon="-4.6986151"/>
 <node id="1079135638" visible="true" version="2" changeset="147148330" timestamp="2024-02-06T19:22:44Z" user="alan_gr" uid="5307206" lat="36.7671630" lon="-4.6978891"/>
 <node id="1079135660" visible="true" version="2" changeset="15205136" timestamp="2013-03-01T06:19:14Z" user="cloudbase" uid="576814" lat="36.7646499" lon="-4.7048271"/>
 <node id="1079135707" visible="true" version="2" changeset="10637684" timestamp="2012-02-09T20:13:44Z" user="LatLng" uid="71251" lat="36.7658957" lon="-4.6975776"/>
 <node id="1079135782" visible="true" version="1" changeset="6841640" timestamp="2011-01-02T18:28:00Z" user="puhuri" uid="136065" lat="36.7650704" lon="-4.6976745"/>
 <node id="1079135800" visible="true" version="1" changeset="6841640" timestamp="2011-01-02T18:28:01Z" user="puhuri" uid="136065" lat="36.7660512" lon="-4.7002105"/>
 <node id="1079135850" visible="true" version="2" changeset="10637684" timestamp="2012-02-09T20:13:44Z" user="LatLng" uid="71251" lat="36.7641792" lon="-4.6986748"/>
 <node id="1079135866" visible="true" version="1" changeset="6841640" timestamp="2011-01-02T18:28:03Z" user="puhuri" uid="136065" lat="36.7671047" lon="-4.6984370"/>
 <node id="1079135880" visible="true" version="1" changeset="6841640" timestamp="2011-01-02T18:28:04Z" user="puhuri" uid="136065" lat="36.7630535" lon="-4.7023957"/>
 <node id="1079135928" visible="true" version="1" changeset="6841640" timestamp="2011-01-02T18:28:05Z" user="puhuri" uid="136065" lat="36.7635704" lon="-4.6981428"/>
 <node id="1079135942" visible="true" version="4" changeset="147148330" timestamp="2024-02-06T19:22:44Z" user="alan_gr" uid="5307206" lat="36.7670780" lon="-4.6974907"/>
 <node id="1079136026" visible="true" version="2" changeset="10637684" timestamp="2012-02-09T20:13:44Z" user="LatLng" uid="71251" lat="36.7656617" lon="-4.6977463"/>
 <node id="1163261988" visible="true" version="3" changeset="44164933" timestamp="2016-12-04T19:35:14Z" user="Parie" uid="246941" lat="36.8210343" lon="-4.6921216"/>
 <node id="1163262001" visible="true" version="2" changeset="7361722" timestamp="2011-02-22T09:55:42Z" user="UFeldmaus" uid="41190" lat="36.7611134" lon="-4.7616553"/>
 <node id="1163262120" visible="true" version="2" changeset="7361722" timestamp="2011-02-22T09:55:37Z" user="UFeldmaus" uid="41190" lat="36.7817112" lon="-4.8195003"/>
 <node id="1163262187" visible="true" version="4" changeset="39593614" timestamp="2016-05-27T01:19:15Z" user="dpawlyk" uid="1719931" lat="36.8086946" lon="-4.7003559"/>
 <node id="1163262206" visible="true" version="2" changeset="7361722" timestamp="2011-02-22T09:55:38Z" user="UFeldmaus" uid="41190" lat="36.7651233" lon="-4.7776718"/>
 <node id="1163262268" visible="true" version="2" changeset="7361722" timestamp="2011-02-22T09:55:46Z" user="UFeldmaus" uid="41190" lat="36.7568965" lon="-4.7539648"/>
 <node id="1163262421" visible="true" version="2" changeset="7361722" timestamp="2011-02-22T09:55:41Z" user="UFeldmaus" uid="41190" lat="36.7712361" lon="-4.8025452"/>
 <node id="1163262456" visible="true" version="2" changeset="7361722" timestamp="2011-02-22T09:55:40Z" user="UFeldmaus" uid="41190" lat="36.7624580" lon="-4.7829661"/>
 <node id="1163262713" visible="true" version="2" changeset="7361722" timestamp="2011-02-22T09:55:39Z" user="UFeldmaus" uid="41190" lat="36.7624877" lon="-4.7913028"/>
 <node id="1163262790" visible="true" version="4" changeset="44164933" timestamp="2016-12-04T19:35:14Z" user="Parie" uid="246941" lat="36.8164231" lon="-4.7029036"/>
 <node id="1163262800" visible="true" version="2" changeset="7361722" timestamp="2011-02-22T09:55:36Z" user="UFeldmaus" uid="41190" lat="36.7629185" lon="-4.7744428"/>
 <node id="1163262995" visible="true" version="3" changeset="163735806" timestamp="2025-03-17T14:48:02Z" user="ramonz" uid="2047207" lat="36.7938865" lon="-4.8370975"/>
 <node id="1163263027" visible="true" version="2" changeset="7361722" timestamp="2011-02-22T09:55:50Z" user="UFeldmaus" uid="41190" lat="36.7768901" lon="-4.8073345"/>
 <node id="1163263122" visible="true" version="2" changeset="7361722" timestamp="2011-02-22T09:55:38Z" user="UFeldmaus" uid="41190" lat="36.7623920" lon="-4.7839014"/>
 <node id="1163263246" visible="true" version="1" changeset="7342032" timestamp="2011-02-20T12:57:02Z" user="UFeldmaus" uid="41190" lat="36.8248916" lon="-4.6938063"/>
 <node id="1163263252" visible="true" version="2" changeset="39389840" timestamp="2016-05-18T01:53:44Z" user="dpawlyk" uid="1719931" lat="36.7615104" lon="-4.7585245"/>
 <node id="1163263580" visible="true" version="2" changeset="7361616" timestamp="2011-02-22T09:41:05Z" user="UFeldmaus" uid="41190" lat="36.8107241" lon="-4.7043020"/>
 <node id="1163263600" visible="true" version="2" changeset="7361722" timestamp="2011-02-22T09:55:35Z" user="UFeldmaus" uid="41190" lat="36.7605726" lon="-4.7890628"/>
 <node id="1163263914" visible="true" version="2" changeset="7361722" timestamp="2011-02-22T09:55:48Z" user="UFeldmaus" uid="41190" lat="36.7673484" lon="-4.8023964"/>
 <node id="1163263979" visible="true" version="2" changeset="7361722" timestamp="2011-02-22T09:55:38Z" user="UFeldmaus" uid="41190" lat="36.7630373" lon="-4.7812913"/>
 <node id="1163264064" visible="true" version="4" changeset="44164933" timestamp="2016-12-04T19:35:14Z" user="Parie" uid="246941" lat="36.8288192" lon="-4.6968753"/>
 <node id="1163264077" visible="true" version="1" changeset="7342032" timestamp="2011-02-20T12:57:33Z" user="UFeldmaus" uid="41190" lat="36.7598185" lon="-4.7549753"/>
 <node id="1163264211" visible="true" version="2" changeset="7361722" timestamp="2011-02-22T09:55:39Z" user="UFeldmaus" uid="41190" lat="36.7620894" lon="-4.7892170"/>
 <node id="1163264267" visible="true" version="4" changeset="39513525" timestamp="2016-05-23T16:46:20Z" user="dpawlyk" uid="1719931" lat="36.8185998" lon="-4.7013157"/>
 <node id="1163264276" visible="true" version="2" changeset="7361722" timestamp="2011-02-22T09:55:35Z" user="UFeldmaus" uid="41190" lat="36.7606876" lon="-4.7715336"/>
 <node id="1163264365" visible="true" version="2" changeset="7361722" timestamp="2011-02-22T09:55:42Z" user="UFeldmaus" uid="41190" lat="36.7895625" lon="-4.8348644"/>
 <node id="1163264407" visible="true" version="2" changeset="7361722" timestamp="2011-02-22T09:55:37Z" user="UFeldmaus" uid="41190" lat="36.7746036" lon="-4.8059681"/>
 <node id="1163264505" visible="true" version="2" changeset="7361722" timestamp="2011-02-22T09:55:43Z" user="UFeldmaus" uid="41190" lat="36.7643358" lon="-4.7962863"/>
 <node id="1163264559" visible="true" version="3" changeset="44164933" timestamp="2016-12-04T19:35:14Z" user="Parie" uid="246941" lat="36.8269371" lon="-4.6961064"/>
 <node id="1163264569" visible="true" version="1" changeset="7342032" timestamp="2011-02-20T12:57:57Z" user="UFeldmaus" uid="41190" lat="36.7614000" lon="-4.7571919"/>
 <node id="1163264752" visible="true" version="2" changeset="7361722" timestamp="2011-02-22T09:55:44Z" user="UFeldmaus" uid="41190" lat="36.7779682" lon="-4.8126410"/>
 <node id="1163264823" visible="true" version="3" changeset="39593614" timestamp="2016-05-27T01:19:14Z" user="dpawlyk" uid="1719931" lat="36.8144243" lon="-4.7038004"/>
 <node id="1163264836" visible="true" version="1" changeset="7342032" timestamp="2011-02-20T12:58:05Z" user="UFeldmaus" uid="41190" lat="36.7605676" lon="-4.7874267"/>
 <node id="1163264913" visible="true" version="3" changeset="39593614" timestamp="2016-05-27T01:19:15Z" user="dpawlyk" uid="1719931" lat="36.8182692" lon="-4.6944320"/>
 <node id="1163264931" visible="true" version="2" changeset="7361722" timestamp="2011-02-22T09:55:51Z" user="UFeldmaus" uid="41190" lat="36.7596458" lon="-4.7644545"/>
 <node id="1163265032" visible="true" version="2" changeset="7361722" timestamp="2011-02-22T09:55:46Z" user="UFeldmaus" uid="41190" lat="36.7839408" lon="-4.8266866"/>
 <node id="1163265080" visible="true" version="2" changeset="7361722" timestamp="2011-02-22T09:55:44Z" user="UFeldmaus" uid="41190" lat="36.7656636" lon="-4.7994159"/>
 <node id="1163265131" visible="true" version="2" changeset="7361722" timestamp="2011-02-22T09:55:41Z" user="UFeldmaus" uid="41190" lat="36.7643563" lon="-4.7795786"/>
 <node id="1163265150" visible="true" version="4" changeset="44164933" timestamp="2016-12-04T19:35:14Z" user="Parie" uid="246941" lat="36.7912109" lon="-4.7133973"/>
 <node id="1163265192" visible="true" version="4" changeset="44164933" timestamp="2016-12-04T19:35:14Z" user="Parie" uid="246941" lat="36.8295998" lon="-4.6968571"/>
 <node id="1163265204" visible="true" version="3" changeset="39389840" timestamp="2016-05-18T01:53:43Z" user="dpawlyk" uid="1719931" lat="36.7584324" lon="-4.7562811"/>
 <node id="1163265319" visible="true" version="2" changeset="7361722" timestamp="2011-02-22T09:55:45Z" user="UFeldmaus" uid="41190" lat="36.7806176" lon="-4.8151336"/>
 <node id="1163265447" visible="true" version="1" changeset="7342032" timestamp="2011-02-20T12:58:29Z" user="UFeldmaus" uid="41190" lat="36.7729267" lon="-4.8034652"/>
 <node id="1163265498" visible="true" version="2" changeset="16060735" timestamp="2013-05-10T08:51:25Z" user="andi9876" uid="1256497" lat="36.8176014" lon="-4.6956685"/>
 <node id="1163265517" visible="true" version="1" changeset="7342032" timestamp="2011-02-20T12:58:31Z" user="UFeldmaus" uid="41190" lat="36.7610393" lon="-4.7664043"/>
 <node id="1163265695" visible="true" version="1" changeset="7342032" timestamp="2011-02-20T12:58:36Z" user="UFeldmaus" uid="41190" lat="36.7849917" lon="-4.8312538"/>
 <node id="1163265822" visible="true" version="3" changeset="44164933" timestamp="2016-12-04T19:35:14Z" user="Parie" uid="246941" lat="36.8042236" lon="-4.7039772"/>
 <node id="1163265871" visible="true" version="2" changeset="7361722" timestamp="2011-02-22T09:55:51Z" user="UFeldmaus" uid="41190" lat="36.7631993" lon="-4.7924927"/>
 <node id="1163265969" visible="true" version="3" changeset="43479469" timestamp="2016-11-08T06:02:15Z" user="andi9876" uid="1256497" lat="36.8152975" lon="-4.7034300"/>
 <node id="1163265986" visible="true" version="2" changeset="7361722" timestamp="2011-02-22T09:55:44Z" user="UFeldmaus" uid="41190" lat="36.7643746" lon="-4.7753704"/>
 <node id="1163266080" visible="true" version="4" changeset="16118318" timestamp="2013-05-13T22:52:55Z" user="andi9876" uid="1256497" lat="36.8342496" lon="-4.6973907"/>
 <node id="1163266232" visible="true" version="1" changeset="7342032" timestamp="2011-02-20T12:58:51Z" user="UFeldmaus" uid="41190" lat="36.7794284" lon="-4.8088766"/>
 <node id="1163266332" visible="true" version="2" changeset="7361722" timestamp="2011-02-22T09:55:38Z" user="UFeldmaus" uid="41190" lat="36.7619475" lon="-4.7852261"/>
 <node id="1166262771" visible="true" version="2" changeset="44164933" timestamp="2016-12-04T19:35:14Z" user="Parie" uid="246941" lat="36.7414423" lon="-4.7052848"/>
 <node id="1166262777" visible="true" version="1" changeset="7361616" timestamp="2011-02-22T09:40:38Z" user="UFeldmaus" uid="41190" lat="36.7294039" lon="-4.6974314"/>
 <node id="1166262782" visible="true" version="2" changeset="16060735" timestamp="2013-05-10T08:51:26Z" user="andi9876" uid="1256497" lat="36.8227220" lon="-4.6915980"/>
 <node id="1166262786" visible="true" version="3" changeset="44164933" timestamp="2016-12-04T19:35:14Z" user="Parie" uid="246941" lat="36.7813410" lon="-4.7202080"/>
 <node id="1166262792" visible="true" version="1" changeset="7361616" timestamp="2011-02-22T09:40:39Z" user="UFeldmaus" uid="41190" lat="36.7637493" lon="-4.7218900"/>
 <node id="1166262795" visible="true" version="2" changeset="39593614" timestamp="2016-05-27T01:19:15Z" user="dpawlyk" uid="1719931" lat="36.8054608" lon="-4.7004101"/>
 <node id="1166262800" visible="true" version="2" changeset="16060735" timestamp="2013-05-10T08:51:25Z" user="andi9876" uid="1256497" lat="36.8237363" lon="-4.6924971"/>
 <node id="1166262803" visible="true" version="2" changeset="44164933" timestamp="2016-12-04T19:35:14Z" user="Parie" uid="246941" lat="36.7780018" lon="-4.7198671"/>
 <node id="1166262812" visible="true" version="1" changeset="7361616" timestamp="2011-02-22T09:40:40Z" user="UFeldmaus" uid="41190" lat="36.7406649" lon="-4.7041844"/>
 <node id="1166262817" visible="true" version="2" changeset="44164933" timestamp="2016-12-04T19:35:14Z" user="Parie" uid="246941" lat="36.7364586" lon="-4.7013165"/>
 <node id="1166262827" visible="true" version="1" changeset="7361616" timestamp="2011-02-22T09:40:40Z" user="UFeldmaus" uid="41190" lat="36.8280437" lon="-4.6966224"/>
 <node id="1166262828" visible="true" version="2" changeset="44164933" timestamp="2016-12-04T19:35:14Z" user="Parie" uid="246941" lat="36.7875373" lon="-4.7152106"/>
 <node id="1166262835" visible="true" version="2" changeset="44164933" timestamp="2016-12-04T19:35:14Z" user="Parie" uid="246941" lat="36.7772954" lon="-4.7121623"/>
 <node id="1166262839" visible="true" version="3" changeset="39593614" timestamp="2016-05-27T01:19:15Z" user="dpawlyk" uid="1719931" lat="36.8076440" lon="-4.6986066"/>
 <node id="1166262846" visible="true" version="2" changeset="44164933" timestamp="2016-12-04T19:35:14Z" user="Parie" uid="246941" lat="36.7409161" lon="-4.7048015"/>
 <node id="1166262849" visible="true" version="1" changeset="7361616" timestamp="2011-02-22T09:40:42Z" user="UFeldmaus" uid="41190" lat="36.8260942" lon="-4.6954655"/>
 <node id="1166262858" visible="true" version="2" changeset="40200909" timestamp="2016-06-22T09:59:59Z" user="Lübeck" uid="55462" lat="36.7818595" lon="-4.7175130"/>
 <node id="1166262865" visible="true" version="1" changeset="7361616" timestamp="2011-02-22T09:40:43Z" user="UFeldmaus" uid="41190" lat="36.7530958" lon="-4.7133416"/>
 <node id="1166262875" visible="true" version="2" changeset="44164933" timestamp="2016-12-04T19:35:14Z" user="Parie" uid="246941" lat="36.7281564" lon="-4.6966216"/>
 <node id="1166262881" visible="true" version="2" changeset="44164933" timestamp="2016-12-04T19:35:14Z" user="Parie" uid="246941" lat="36.7969553" lon="-4.7095106"/>
 <node id="1166262895" visible="true" version="2" changeset="16060735" timestamp="2013-05-10T08:51:26Z" user="andi9876" uid="1256497" lat="36.8080890" lon="-4.6989344"/>
 <node id="1166262910" visible="true" version="3" changeset="39593614" timestamp="2016-05-27T01:19:15Z" user="dpawlyk" uid="1719931" lat="36.8089095" lon="-4.7027227"/>
 <node id="1166262923" visible="true" version="2" changeset="38989957" timestamp="2016-04-29T21:44:10Z" user="teasu" uid="2040341" lat="36.7428095" lon="-4.7056027"/>
 <node id="1166262933" visible="true" version="3" changeset="40195700" timestamp="2016-06-22T04:55:48Z" user="Lübeck" uid="55462" lat="36.7536558" lon="-4.7097812"/>
 <node id="1166262939" visible="true" version="1" changeset="7361616" timestamp="2011-02-22T09:40:45Z" user="UFeldmaus" uid="41190" lat="36.7304384" lon="-4.6986004"/>
 <node id="1166262945" visible="true" version="4" changeset="44164933" timestamp="2016-12-04T19:35:14Z" user="Parie" uid="246941" lat="36.8301631" lon="-4.6968195"/>
 <node id="1166262954" visible="true" version="2" changeset="44164933" timestamp="2016-12-04T19:35:14Z" user="Parie" uid="246941" lat="36.7260409" lon="-4.6945290"/>
 <node id="1166262958" visible="true" version="2" changeset="39593614" timestamp="2016-05-27T01:19:15Z" user="dpawlyk" uid="1719931" lat="36.7936871" lon="-4.7093250"/>
 <node id="1166262970" visible="true" version="3" changeset="44164933" timestamp="2016-12-04T19:35:14Z" user="Parie" uid="246941" lat="36.7594338" lon="-4.7145228"/>
 <node id="1166262973" visible="true" version="2" changeset="39593614" timestamp="2016-05-27T01:19:15Z" user="dpawlyk" uid="1719931" lat="36.8061568" lon="-4.6992042"/>
 <node id="1166262979" visible="true" version="2" changeset="38989957" timestamp="2016-04-29T21:44:10Z" user="teasu" uid="2040341" lat="36.7439373" lon="-4.7054896"/>
 <node id="1166262984" visible="true" version="2" changeset="39007190" timestamp="2016-04-30T21:39:08Z" user="teasu" uid="2040341" lat="36.7310448" lon="-4.7005365"/>
 <node id="1166262991" visible="true" version="2" changeset="39593614" timestamp="2016-05-27T01:19:15Z" user="dpawlyk" uid="1719931" lat="36.8175069" lon="-4.7024384"/>
 <node id="1166263004" visible="true" version="2" changeset="44164933" timestamp="2016-12-04T19:35:14Z" user="Parie" uid="246941" lat="36.7577666" lon="-4.7135522"/>
 <node id="1166263016" visible="true" version="2" changeset="44164933" timestamp="2016-12-04T19:35:14Z" user="Parie" uid="246941" lat="36.7355202" lon="-4.7027432"/>
 <node id="1166263031" visible="true" version="2" changeset="39593614" timestamp="2016-05-27T01:19:15Z" user="dpawlyk" uid="1719931" lat="36.8043602" lon="-4.7081118"/>
 <node id="1166263036" visible="true" version="1" changeset="7361616" timestamp="2011-02-22T09:40:49Z" user="UFeldmaus" uid="41190" lat="36.7667149" lon="-4.7208428"/>
 <node id="1166263043" visible="true" version="1" changeset="7361616" timestamp="2011-02-22T09:40:49Z" user="UFeldmaus" uid="41190" lat="36.8123249" lon="-4.7044158"/>
 <node id="1166276691" visible="true" version="2" changeset="39389840" timestamp="2016-05-18T01:53:44Z" user="dpawlyk" uid="1719931" lat="36.7525670" lon="-4.7345563"/>
 <node id="1166276692" visible="true" version="1" changeset="7361722" timestamp="2011-02-22T09:55:19Z" user="UFeldmaus" uid="41190" lat="36.7792743" lon="-4.8105341"/>
 <node id="1166276693" visible="true" version="1" changeset="7361722" timestamp="2011-02-22T09:55:19Z" user="UFeldmaus" uid="41190" lat="36.7752920" lon="-4.8060582"/>
 <node id="1166276697" visible="true" version="2" changeset="163735806" timestamp="2025-03-17T14:48:02Z" user="ramonz" uid="2047207" lat="36.7959540" lon="-4.8374835"/>
 <node id="1166276704" visible="true" version="1" changeset="7361722" timestamp="2011-02-22T09:55:20Z" user="UFeldmaus" uid="41190" lat="36.7536676" lon="-4.7441380"/>
 <node id="1166276705" visible="true" version="1" changeset="7361722" timestamp="2011-02-22T09:55:20Z" user="UFeldmaus" uid="41190" lat="36.7826040" lon="-4.8240787"/>
 <node id="1166276707" visible="true" version="1" changeset="7361722" timestamp="2011-02-22T09:55:21Z" user="UFeldmaus" uid="41190" lat="36.7687156" lon="-4.8037757"/>
 <node id="1166276715" visible="true" version="1" changeset="7361722" timestamp="2011-02-22T09:55:21Z" user="UFeldmaus" uid="41190" lat="36.7615213" lon="-4.7731197"/>
 <node id="1166276716" visible="true" version="2" changeset="39389840" timestamp="2016-05-18T01:53:44Z" user="dpawlyk" uid="1719931" lat="36.7563303" lon="-4.7487844"/>
 <node id="1166276718" visible="true" version="1" changeset="7361722" timestamp="2011-02-22T09:55:22Z" user="UFeldmaus" uid="41190" lat="36.7844609" lon="-4.8277806"/>
 <node id="1166276721" visible="true" version="1" changeset="7361722" timestamp="2011-02-22T09:55:22Z" user="UFeldmaus" uid="41190" lat="36.7521798" lon="-4.7263898"/>
 <node id="1166276724" visible="true" version="1" changeset="7361722" timestamp="2011-02-22T09:55:22Z" user="UFeldmaus" uid="41190" lat="36.7759825" lon="-4.8056023"/>
 <node id="1166276728" visible="true" version="1" changeset="7361722" timestamp="2011-02-22T09:55:22Z" user="UFeldmaus" uid="41190" lat="36.7798595" lon="-4.8138219"/>
 <node id="1166276730" visible="true" version="1" changeset="7361722" timestamp="2011-02-22T09:55:23Z" user="UFeldmaus" uid="41190" lat="36.7883775" lon="-4.8338205"/>
 <node id="1166276734" visible="true" version="1" changeset="7361722" timestamp="2011-02-22T09:55:23Z" user="UFeldmaus" uid="41190" lat="36.7513992" lon="-4.7395107"/>
 <node id="1166276739" visible="true" version="1" changeset="7361722" timestamp="2011-02-22T09:55:23Z" user="UFeldmaus" uid="41190" lat="36.7784843" lon="-4.8114339"/>
 <node id="1166276740" visible="true" version="1" changeset="7361722" timestamp="2011-02-22T09:55:24Z" user="UFeldmaus" uid="41190" lat="36.7601555" lon="-4.7883107"/>
 <node id="1166276744" visible="true" version="1" changeset="7361722" timestamp="2011-02-22T09:55:24Z" user="UFeldmaus" uid="41190" lat="36.7970642" lon="-4.8379364"/>
 <node id="1166276748" visible="true" version="1" changeset="7361722" timestamp="2011-02-22T09:55:24Z" user="UFeldmaus" uid="41190" lat="36.7570580" lon="-4.7554932"/>
 <node id="1166276751" visible="true" version="2" changeset="39389840" timestamp="2016-05-18T01:53:44Z" user="dpawlyk" uid="1719931" lat="36.7552829" lon="-4.7465726"/>
 <node id="1166276755" visible="true" version="1" changeset="7361722" timestamp="2011-02-22T09:55:25Z" user="UFeldmaus" uid="41190" lat="36.7832594" lon="-4.8260855"/>
 <node id="1166276760" visible="true" version="1" changeset="7361722" timestamp="2011-02-22T09:55:25Z" user="UFeldmaus" uid="41190" lat="36.7680328" lon="-4.8031973"/>
 <node id="1166276761" visible="true" version="1" changeset="7361722" timestamp="2011-02-22T09:55:25Z" user="UFeldmaus" uid="41190" lat="36.7843205" lon="-4.8295341"/>
 <node id="1166276762" visible="true" version="1" changeset="7361722" timestamp="2011-02-22T09:55:26Z" user="UFeldmaus" uid="41190" lat="36.7874725" lon="-4.8328853"/>
 <node id="1166276765" visible="true" version="2" changeset="39389840" timestamp="2016-05-18T01:53:43Z" user="dpawlyk" uid="1719931" lat="36.7512616" lon="-4.7366495"/>
 <node id="1166276770" visible="true" version="1" changeset="7361722" timestamp="2011-02-22T09:55:26Z" user="UFeldmaus" uid="41190" lat="36.7799668" lon="-4.8096999"/>
 <node id="1166276773" visible="true" version="1" changeset="7361722" timestamp="2011-02-22T09:55:27Z" user="UFeldmaus" uid="41190" lat="36.7906867" lon="-4.8356909"/>
 <node id="1166276775" visible="true" version="1" changeset="7361722" timestamp="2011-02-22T09:55:27Z" user="UFeldmaus" uid="41190" lat="36.7814024" lon="-4.8154086"/>
 <node id="1166276777" visible="true" version="1" changeset="7361722" timestamp="2011-02-22T09:55:27Z" user="UFeldmaus" uid="41190" lat="36.7640577" lon="-4.7943689"/>
 <node id="1166276780" visible="true" version="1" changeset="7361722" timestamp="2011-02-22T09:55:27Z" user="UFeldmaus" uid="41190" lat="36.7605457" lon="-4.7625560"/>
 <node id="1166276786" visible="true" version="1" changeset="7361722" timestamp="2011-02-22T09:55:28Z" user="UFeldmaus" uid="41190" lat="36.7574726" lon="-4.7563761"/>
 <node id="1166276787" visible="true" version="1" changeset="7361722" timestamp="2011-02-22T09:55:28Z" user="UFeldmaus" uid="41190" lat="36.7843517" lon="-4.8270402"/>
 <node id="1166276790" visible="true" version="1" changeset="7361722" timestamp="2011-02-22T09:55:28Z" user="UFeldmaus" uid="41190" lat="36.7562287" lon="-4.7167089"/>
 <node id="1166276793" visible="true" version="1" changeset="7361722" timestamp="2011-02-22T09:55:29Z" user="UFeldmaus" uid="41190" lat="36.7816989" lon="-4.8166299"/>
 <node id="1166276796" visible="true" version="1" changeset="7361722" timestamp="2011-02-22T09:55:29Z" user="UFeldmaus" uid="41190" lat="36.7887363" lon="-4.8347752"/>
 <node id="1166276799" visible="true" version="1" changeset="7361722" timestamp="2011-02-22T09:55:29Z" user="UFeldmaus" uid="41190" lat="36.7780473" lon="-4.8135382"/>
 <node id="1166276800" visible="true" version="1" changeset="7361722" timestamp="2011-02-22T09:55:29Z" user="UFeldmaus" uid="41190" lat="36.7620578" lon="-4.7901982"/>
 <node id="1166276805" visible="true" version="1" changeset="7361722" timestamp="2011-02-22T09:55:30Z" user="UFeldmaus" uid="41190" lat="36.7922782" lon="-4.8366651"/>
 <node id="1166276809" visible="true" version="1" changeset="7361722" timestamp="2011-02-22T09:55:30Z" user="UFeldmaus" uid="41190" lat="36.7608628" lon="-4.7559194"/>
 <node id="1166276811" visible="true" version="1" changeset="7361722" timestamp="2011-02-22T09:55:30Z" user="UFeldmaus" uid="41190" lat="36.7815741" lon="-4.8212341"/>
 <node id="1166276812" visible="true" version="1" changeset="7361722" timestamp="2011-02-22T09:55:31Z" user="UFeldmaus" uid="41190" lat="36.7652771" lon="-4.7962563"/>
 <node id="1166276815" visible="true" version="1" changeset="7361722" timestamp="2011-02-22T09:55:31Z" user="UFeldmaus" uid="41190" lat="36.7593018" lon="-4.7699841"/>
 <node id="1166276817" visible="true" version="1" changeset="7361722" timestamp="2011-02-22T09:55:31Z" user="UFeldmaus" uid="41190" lat="36.7853191" lon="-4.8300602"/>
 <node id="1166276822" visible="true" version="1" changeset="7361722" timestamp="2011-02-22T09:55:32Z" user="UFeldmaus" uid="41190" lat="36.7529847" lon="-4.7233759"/>
 <node id="1166276823" visible="true" version="1" changeset="7361722" timestamp="2011-02-22T09:55:32Z" user="UFeldmaus" uid="41190" lat="36.7785672" lon="-4.8140654"/>
 <node id="1166276827" visible="true" version="1" changeset="7361722" timestamp="2011-02-22T09:55:32Z" user="UFeldmaus" uid="41190" lat="36.7911236" lon="-4.8366066"/>
 <node id="1166276831" visible="true" version="1" changeset="7361722" timestamp="2011-02-22T09:55:32Z" user="UFeldmaus" uid="41190" lat="36.7817613" lon="-4.8182337"/>
 <node id="1166276834" visible="true" version="1" changeset="7361722" timestamp="2011-02-22T09:55:33Z" user="UFeldmaus" uid="41190" lat="36.7656673" lon="-4.7969261"/>
 <node id="1166276835" visible="true" version="2" changeset="163735806" timestamp="2025-03-17T14:48:02Z" user="ramonz" uid="2047207" lat="36.7946693" lon="-4.8376993"/>
 <node id="1166276836" visible="true" version="1" changeset="7361722" timestamp="2011-02-22T09:55:33Z" user="UFeldmaus" uid="41190" lat="36.7588141" lon="-4.7683097"/>
 <node id="1166276840" visible="true" version="3" changeset="39389840" timestamp="2016-05-18T01:53:43Z" user="dpawlyk" uid="1719931" lat="36.7544697" lon="-4.7453780"/>
 <node id="1166276845" visible="true" version="1" changeset="7361722" timestamp="2011-02-22T09:55:34Z" user="UFeldmaus" uid="41190" lat="36.7831502" lon="-4.8249165"/>
 <node id="1166276847" visible="true" version="1" changeset="7361722" timestamp="2011-02-22T09:55:34Z" user="UFeldmaus" uid="41190" lat="36.7546433" lon="-4.7176526"/>
 <node id="1166276849" visible="true" version="1" changeset="7361722" timestamp="2011-02-22T09:55:34Z" user="UFeldmaus" uid="41190" lat="36.7700081" lon="-4.8027711"/>
 <node id="1166276852" visible="true" version="1" changeset="7361722" timestamp="2011-02-22T09:55:35Z" user="UFeldmaus" uid="41190" lat="36.7863646" lon="-4.8325540"/>
 <node id="1243316001" visible="true" version="3" changeset="72397915" timestamp="2019-07-18T16:05:28Z" user="Juan_Carlos_G_F-imports" uid="2802925" lat="36.7540393" lon="-4.7117304">
  <tag k="name" v="Vega del Marqués"/>
  <tag k="place" v="locality"/>
  <tag k="source" v="Instituto Geográfico Nacional"/>
  <tag k="source:date" v="201011"/>
 </node>
 <node id="1243345034" visible="true" version="3" changeset="72397915" timestamp="2019-07-18T16:05:34Z" user="Juan_Carlos_G_F-imports" uid="2802925" lat="36.7631194" lon="-4.7014351">
  <tag k="name" v="Raja Ancha"/>
  <tag k="place" v="locality"/>
  <tag k="source" v="Instituto Geográfico Nacional"/>
  <tag k="source:date" v="201011"/>
 </node>
 <node id="1596527661" visible="true" version="2" changeset="92640614" timestamp="2020-10-17T19:57:38Z" user="Begavil84" uid="1725439" lat="36.7606934" lon="-4.7099699"/>
 <node id="1596527665" visible="true" version="2" changeset="15201857" timestamp="2013-02-28T20:33:30Z" user="cloudbase" uid="576814" lat="36.7607581" lon="-4.7098688"/>
 <node id="1596527667" visible="true" version="2" changeset="15201857" timestamp="2013-02-28T20:33:30Z" user="cloudbase" uid="576814" lat="36.7608125" lon="-4.7097562"/>
 <node id="1596527669" visible="true" version="2" changeset="44183598" timestamp="2016-12-05T13:33:04Z" user="Parie" uid="246941" lat="36.7601175" lon="-4.7103644"/>
 <node id="1596527671" visible="true" version="1" changeset="10429863" timestamp="2012-01-18T18:13:16Z" user="flightsimjoe" uid="499052" lat="36.7602894" lon="-4.7103188"/>
 <node id="1596527673" visible="true" version="1" changeset="10429863" timestamp="2012-01-18T18:13:16Z" user="flightsimjoe" uid="499052" lat="36.7598897" lon="-4.7103617"/>
 <node id="1596527674" visible="true" version="2" changeset="15201857" timestamp="2013-02-28T20:33:30Z" user="cloudbase" uid="576814" lat="36.7595970" lon="-4.7102691"/>
 <node id="1596527675" visible="true" version="2" changeset="15201857" timestamp="2013-02-28T20:33:30Z" user="cloudbase" uid="576814" lat="36.7598237" lon="-4.7095974"/>
 <node id="1596527676" visible="true" version="3" changeset="92640614" timestamp="2020-10-17T19:57:38Z" user="Begavil84" uid="1725439" lat="36.7598855" lon="-4.7094076"/>
 <node id="1596527687" visible="true" version="3" changeset="92640614" timestamp="2020-10-17T19:57:38Z" user="Begavil84" uid="1725439" lat="36.7600026" lon="-4.7089611"/>
 <node id="1596527693" visible="true" version="3" changeset="19969852" timestamp="2014-01-13T11:24:05Z" user="Leonardo Velasco" uid="241061" lat="36.7608891" lon="-4.7064665"/>
 <node id="1596527696" visible="true" version="1" changeset="10429863" timestamp="2012-01-18T18:13:17Z" user="flightsimjoe" uid="499052" lat="36.7606160" lon="-4.7100774"/>
 <node id="1596527698" visible="true" version="1" changeset="10429863" timestamp="2012-01-18T18:13:17Z" user="flightsimjoe" uid="499052" lat="36.7605086" lon="-4.7101847"/>
 <node id="1596527707" visible="true" version="3" changeset="92640614" timestamp="2020-10-17T19:57:38Z" user="Begavil84" uid="1725439" lat="36.7611451" lon="-4.7057458"/>
 <node id="1596527708" visible="true" version="2" changeset="56624761" timestamp="2018-02-23T23:52:26Z" user="alan_gr" uid="5307206" lat="36.7596512" lon="-4.7102915"/>
 <node id="1596527709" visible="true" version="1" changeset="10429863" timestamp="2012-01-18T18:13:17Z" user="flightsimjoe" uid="499052" lat="36.7597479" lon="-4.7103296"/>
 <node id="1596534232" visible="true" version="2" changeset="41391211" timestamp="2016-08-11T15:18:33Z" user="rene78" uid="257555" lat="36.7627460" lon="-4.7012950"/>
 <node id="1596534242" visible="true" version="2" changeset="41391211" timestamp="2016-08-11T15:18:33Z" user="rene78" uid="257555" lat="36.7608990" lon="-4.7013940"/>
 <node id="1596534269" visible="true" version="2" changeset="41391211" timestamp="2016-08-11T15:18:33Z" user="rene78" uid="257555" lat="36.7616270" lon="-4.7015460"/>
 <node id="1596534277" visible="true" version="2" changeset="41391211" timestamp="2016-08-11T15:18:33Z" user="rene78" uid="257555" lat="36.7597160" lon="-4.6994070"/>
 <node id="1596534280" visible="true" version="2" changeset="163342782" timestamp="2025-03-07T20:30:41Z" user="Peri3" uid="14595185" lat="36.7628300" lon="-4.7014430"/>
 <node id="1596534281" visible="true" version="1" changeset="10429863" timestamp="2012-01-18T18:19:04Z" user="flightsimjoe" uid="499052" lat="36.7620385" lon="-4.7032968"/>
 <node id="1596534282" visible="true" version="2" changeset="41391211" timestamp="2016-08-11T15:18:33Z" user="rene78" uid="257555" lat="36.7571520" lon="-4.6983490"/>
 <node id="1596534283" visible="true" version="1" changeset="10429863" timestamp="2012-01-18T18:19:04Z" user="flightsimjoe" uid="499052" lat="36.7607063" lon="-4.7039298"/>
 <node id="1596534286" visible="true" version="2" changeset="41391211" timestamp="2016-08-11T15:18:33Z" user="rene78" uid="257555" lat="36.7569490" lon="-4.6975810"/>
 <node id="1596534291" visible="true" version="1" changeset="10429863" timestamp="2012-01-18T18:19:04Z" user="flightsimjoe" uid="499052" lat="36.7606805" lon="-4.7041015"/>
 <node id="1596534302" visible="true" version="2" changeset="41391211" timestamp="2016-08-11T15:18:33Z" user="rene78" uid="257555" lat="36.7603910" lon="-4.7009060"/>
 <node id="1596534319" visible="true" version="1" changeset="10429863" timestamp="2012-01-18T18:19:05Z" user="flightsimjoe" uid="499052" lat="36.7609383" lon="-4.7037903"/>
 <node id="1596534324" visible="true" version="2" changeset="41391211" timestamp="2016-08-11T15:18:33Z" user="rene78" uid="257555" lat="36.7615580" lon="-4.7015440"/>
 <node id="1596534329" visible="true" version="2" changeset="41391211" timestamp="2016-08-11T15:18:33Z" user="rene78" uid="257555" lat="36.7565540" lon="-4.6967200"/>
 <node id="1596534332" visible="true" version="2" changeset="41391211" timestamp="2016-08-11T15:18:33Z" user="rene78" uid="257555" lat="36.7600230" lon="-4.7002480"/>
 <node id="1596534341" visible="true" version="2" changeset="41391211" timestamp="2016-08-11T15:18:33Z" user="rene78" uid="257555" lat="36.7569700" lon="-4.6980450"/>
 <node id="1596534355" visible="true" version="2" changeset="15201857" timestamp="2013-02-28T20:46:49Z" user="cloudbase" uid="576814" lat="36.7610834" lon="-4.7052573"/>
 <node id="1596534356" visible="true" version="2" changeset="41391211" timestamp="2016-08-11T15:18:33Z" user="rene78" uid="257555" lat="36.7565130" lon="-4.6971390"/>
 <node id="1596534357" visible="true" version="2" changeset="41391211" timestamp="2016-08-11T15:18:33Z" user="rene78" uid="257555" lat="36.7572870" lon="-4.6984360"/>
 <node id="1596534358" visible="true" version="2" changeset="41391211" timestamp="2016-08-11T15:18:33Z" user="rene78" uid="257555" lat="36.7606210" lon="-4.7012710"/>
 <node id="1596534363" visible="true" version="2" changeset="41391211" timestamp="2016-08-11T15:18:33Z" user="rene78" uid="257555" lat="36.7594070" lon="-4.6993900"/>
 <node id="1596534395" visible="true" version="2" changeset="41391211" timestamp="2016-08-11T15:18:33Z" user="rene78" uid="257555" lat="36.7565640" lon="-4.6972250"/>
 <node id="1596534398" visible="true" version="2" changeset="41391211" timestamp="2016-08-11T15:18:33Z" user="rene78" uid="257555" lat="36.7584800" lon="-4.6995710"/>
 <node id="1596534429" visible="true" version="2" changeset="15201857" timestamp="2013-02-28T20:46:49Z" user="cloudbase" uid="576814" lat="36.7611577" lon="-4.7054310"/>
 <node id="1596534443" visible="true" version="2" changeset="41391211" timestamp="2016-08-11T15:18:33Z" user="rene78" uid="257555" lat="36.7582930" lon="-4.6994120"/>
 <node id="1596534445" visible="true" version="2" changeset="41391211" timestamp="2016-08-11T15:18:33Z" user="rene78" uid="257555" lat="36.7581120" lon="-4.6989650"/>
 <node id="1596534449" visible="true" version="2" changeset="41391211" timestamp="2016-08-11T15:18:33Z" user="rene78" uid="257555" lat="36.7611650" lon="-4.7013840"/>
 <node id="1596534453" visible="true" version="2" changeset="41391211" timestamp="2016-08-11T15:18:33Z" user="rene78" uid="257555" lat="36.7576020" lon="-4.6985910"/>
 <node id="1596534455" visible="true" version="2" changeset="41391211" timestamp="2016-08-11T15:18:33Z" user="rene78" uid="257555" lat="36.7570960" lon="-4.6982950"/>
 <node id="1596534456" visible="true" version="2" changeset="41391211" timestamp="2016-08-11T15:18:33Z" user="rene78" uid="257555" lat="36.7569660" lon="-4.6976530"/>
 <node id="1596534458" visible="true" version="2" changeset="41391211" timestamp="2016-08-11T15:18:33Z" user="rene78" uid="257555" lat="36.7589560" lon="-4.6995830"/>
 <node id="1596534461" visible="true" version="2" changeset="41391211" timestamp="2016-08-11T15:18:33Z" user="rene78" uid="257555" lat="36.7567950" lon="-4.6973880"/>
 <node id="1596534462" visible="true" version="2" changeset="15201857" timestamp="2013-02-28T20:46:49Z" user="cloudbase" uid="576814" lat="36.7621683" lon="-4.7027985"/>
 <node id="1596534464" visible="true" version="2" changeset="41391211" timestamp="2016-08-11T15:18:33Z" user="rene78" uid="257555" lat="36.7604980" lon="-4.7011100"/>
 <node id="1596534468" visible="true" version="2" changeset="41391211" timestamp="2016-08-11T15:18:33Z" user="rene78" uid="257555" lat="36.7569570" lon="-4.6978830"/>
 <node id="1596534471" visible="true" version="2" changeset="41391211" timestamp="2016-08-11T15:18:33Z" user="rene78" uid="257555" lat="36.7613830" lon="-4.7014500"/>
 <node id="1596534478" visible="true" version="1" changeset="10429863" timestamp="2012-01-18T18:19:09Z" user="flightsimjoe" uid="499052" lat="36.7617291" lon="-4.7036187"/>
 <node id="1596534480" visible="true" version="2" changeset="41391211" timestamp="2016-08-11T15:18:33Z" user="rene78" uid="257555" lat="36.7626280" lon="-4.7012770"/>
 <node id="1596534489" visible="true" version="1" changeset="10429863" timestamp="2012-01-18T18:19:10Z" user="flightsimjoe" uid="499052" lat="36.7614970" lon="-4.7037260"/>
 <node id="1596534491" visible="true" version="2" changeset="41391211" timestamp="2016-08-11T15:18:33Z" user="rene78" uid="257555" lat="36.7580160" lon="-4.6988400"/>
 <node id="1596534492" visible="true" version="2" changeset="41391211" timestamp="2016-08-11T15:18:33Z" user="rene78" uid="257555" lat="36.7602460" lon="-4.7005490"/>
 <node id="1596534495" visible="true" version="2" changeset="15201857" timestamp="2013-02-28T20:46:49Z" user="cloudbase" uid="576814" lat="36.7623043" lon="-4.7019948"/>
 <node id="1596534502" visible="true" version="2" changeset="41391211" timestamp="2016-08-11T15:18:33Z" user="rene78" uid="257555" lat="36.7599580" lon="-4.7000760"/>
 <node id="1596534503" visible="true" version="2" changeset="41391211" timestamp="2016-08-11T15:18:33Z" user="rene78" uid="257555" lat="36.7587310" lon="-4.6996380"/>
 <node id="1596534510" visible="true" version="2" changeset="41391211" timestamp="2016-08-11T15:18:33Z" user="rene78" uid="257555" lat="36.7570220" lon="-4.6981850"/>
 <node id="1596545672" visible="true" version="1" changeset="10429863" timestamp="2012-01-18T18:28:28Z" user="flightsimjoe" uid="499052" lat="36.7649479" lon="-4.7055767"/>
 <node id="1596548816" visible="true" version="1" changeset="10429863" timestamp="2012-01-18T18:29:50Z" user="flightsimjoe" uid="499052" lat="36.7634911" lon="-4.7104476">
  <tag k="amenity" v="restaurant"/>
 </node>
 <node id="1600329921" visible="true" version="2" changeset="150564586" timestamp="2024-04-27T05:33:07Z" user="kräckel" uid="1092114" lat="36.7637025" lon="-4.7090727">
  <tag k="amenity" v="pharmacy"/>
  <tag k="healthcare" v="pharmacy"/>
 </node>
 <node id="1625791696" visible="true" version="1" changeset="10637684" timestamp="2012-02-09T20:13:26Z" user="LatLng" uid="71251" lat="36.7636211" lon="-4.6984430"/>
 <node id="1625791705" visible="true" version="1" changeset="10637684" timestamp="2012-02-09T20:13:26Z" user="LatLng" uid="71251" lat="36.7636663" lon="-4.6987552"/>
 <node id="1625791706" visible="true" version="1" changeset="10637684" timestamp="2012-02-09T20:13:26Z" user="LatLng" uid="71251" lat="36.7637377" lon="-4.6987200"/>
 <node id="1625791707" visible="true" version="2" changeset="147148330" timestamp="2024-02-06T19:22:44Z" user="alan_gr" uid="5307206" lat="36.7638086" lon="-4.6984024"/>
 <node id="1625791708" visible="true" version="2" changeset="138942555" timestamp="2023-07-24T14:16:11Z" user="Robot8A" uid="393359" lat="36.7638939" lon="-4.7108404"/>
 <node id="1625791709" visible="true" version="2" changeset="138942555" timestamp="2023-07-24T14:16:11Z" user="Robot8A" uid="393359" lat="36.7639024" lon="-4.7107613"/>
 <node id="1625791710" visible="true" version="6" changeset="138942555" timestamp="2023-07-24T14:16:11Z" user="Robot8A" uid="393359" lat="36.7639580" lon="-4.7104033"/>
 <node id="1625791711" visible="true" version="6" changeset="138942555" timestamp="2023-07-24T14:16:11Z" user="Robot8A" uid="393359" lat="36.7639690" lon="-4.7103642"/>
 <node id="1625791712" visible="true" version="3" changeset="138942555" timestamp="2023-07-24T14:16:11Z" user="Robot8A" uid="393359" lat="36.7639640" lon="-4.7106514"/>
 <node id="1625791713" visible="true" version="5" changeset="138942555" timestamp="2023-07-24T14:16:11Z" user="Robot8A" uid="393359" lat="36.7639951" lon="-4.7105572"/>
 <node id="1625791714" visible="true" version="5" changeset="138942555" timestamp="2023-07-24T14:16:11Z" user="Robot8A" uid="393359" lat="36.7639874" lon="-4.7103298"/>
 <node id="1625791719" visible="true" version="1" changeset="10637684" timestamp="2012-02-09T20:13:27Z" user="LatLng" uid="71251" lat="36.7641706" lon="-4.6990875"/>
 <node id="1625791721" visible="true" version="5" changeset="138942555" timestamp="2023-07-24T14:16:11Z" user="Robot8A" uid="393359" lat="36.7641205" lon="-4.7105990"/>
 <node id="1625791723" visible="true" version="1" changeset="10637684" timestamp="2012-02-09T20:13:27Z" user="LatLng" uid="71251" lat="36.7641999" lon="-4.6988817"/>
 <node id="1625791725" visible="true" version="5" changeset="138942555" timestamp="2023-07-24T14:16:11Z" user="Robot8A" uid="393359" lat="36.7641635" lon="-4.7103023"/>
 <node id="1625791727" visible="true" version="5" changeset="138942555" timestamp="2023-07-24T14:16:11Z" user="Robot8A" uid="393359" lat="36.7641491" lon="-4.7105854"/>
 <node id="1625791729" visible="true" version="5" changeset="138942555" timestamp="2023-07-24T14:16:11Z" user="Robot8A" uid="393359" lat="36.7641826" lon="-4.7105542"/>
 <node id="1625791731" visible="true" version="5" changeset="138942555" timestamp="2023-07-24T14:16:11Z" user="Robot8A" uid="393359" lat="36.7641860" lon="-4.7103271"/>
 <node id="1625791732" visible="true" version="5" changeset="138942555" timestamp="2023-07-24T14:16:11Z" user="Robot8A" uid="393359" lat="36.7642059" lon="-4.7105138"/>
 <node id="1625791733" visible="true" version="5" changeset="138942555" timestamp="2023-07-24T14:16:11Z" user="Robot8A" uid="393359" lat="36.7642152" lon="-4.7103921"/>
 <node id="1625791734" visible="true" version="6" changeset="138942555" timestamp="2023-07-24T14:16:11Z" user="Robot8A" uid="393359" lat="36.7642185" lon="-4.7104664"/>
 <node id="1625791740" visible="true" version="1" changeset="10637684" timestamp="2012-02-09T20:13:28Z" user="LatLng" uid="71251" lat="36.7651227" lon="-4.6975538"/>
 <node id="1625791741" visible="true" version="1" changeset="10637684" timestamp="2012-02-09T20:13:28Z" user="LatLng" uid="71251" lat="36.7653674" lon="-4.6977995"/>
 <node id="1625791742" visible="true" version="1" changeset="10637684" timestamp="2012-02-09T20:13:28Z" user="LatLng" uid="71251" lat="36.7656440" lon="-4.6975173"/>
 <node id="1910201748" visible="true" version="2" changeset="16118318" timestamp="2013-05-13T22:52:55Z" user="andi9876" uid="1256497" lat="36.8307316" lon="-4.6966972"/>
 <node id="2178850285" visible="true" version="1" changeset="15201857" timestamp="2013-02-28T20:33:27Z" user="cloudbase" uid="576814" lat="36.7590907" lon="-4.7086956"/>
 <node id="2178850290" visible="true" version="1" changeset="15201857" timestamp="2013-02-28T20:33:27Z" user="cloudbase" uid="576814" lat="36.7593632" lon="-4.7088525"/>
 <node id="2178850294" visible="true" version="2" changeset="92640614" timestamp="2020-10-17T19:57:38Z" user="Begavil84" uid="1725439" lat="36.7600051" lon="-4.7094239"/>
 <node id="2178850297" visible="true" version="2" changeset="92640614" timestamp="2020-10-17T19:57:38Z" user="Begavil84" uid="1725439" lat="36.7612889" lon="-4.7055108"/>
 <node id="2178850302" visible="true" version="2" changeset="92640614" timestamp="2020-10-17T19:57:38Z" user="Begavil84" uid="1725439" lat="36.7601402" lon="-4.7092822"/>
 <node id="2178850306" visible="true" version="1" changeset="15201857" timestamp="2013-02-28T20:33:28Z" user="cloudbase" uid="576814" lat="36.7594323" lon="-4.7101602"/>
 <node id="2178850313" visible="true" version="2" changeset="92640614" timestamp="2020-10-17T19:57:38Z" user="Begavil84" uid="1725439" lat="36.7601514" lon="-4.7091516"/>
 <node id="2178850317" visible="true" version="1" changeset="15201857" timestamp="2013-02-28T20:33:28Z" user="cloudbase" uid="576814" lat="36.7584008" lon="-4.7055736"/>
 <node id="2178850321" visible="true" version="2" changeset="48114802" timestamp="2017-04-25T08:14:24Z" user="Samuel_MTB" uid="5728880" lat="36.7591754" lon="-4.7061602"/>
 <node id="2178850324" visible="true" version="1" changeset="15201857" timestamp="2013-02-28T20:33:28Z" user="cloudbase" uid="576814" lat="36.7590777" lon="-4.7049889"/>
 <node id="2178850329" visible="true" version="2" changeset="92640614" timestamp="2020-10-17T19:57:38Z" user="Begavil84" uid="1725439" lat="36.7598063" lon="-4.7090634"/>
 <node id="2178850345" visible="true" version="1" changeset="15201857" timestamp="2013-02-28T20:33:28Z" user="cloudbase" uid="576814" lat="36.7590433" lon="-4.7088969"/>
 <node id="2178850347" visible="true" version="2" changeset="92640614" timestamp="2020-10-17T19:57:38Z" user="Begavil84" uid="1725439" lat="36.7597754" lon="-4.7091913"/>
 <node id="2178850350" visible="true" version="1" changeset="15201857" timestamp="2013-02-28T20:33:28Z" user="cloudbase" uid="576814" lat="36.7591272" lon="-4.7097604"/>
 <node id="2178850353" visible="true" version="2" changeset="92640614" timestamp="2020-10-17T19:57:38Z" user="Begavil84" uid="1725439" lat="36.7611871" lon="-4.7055113"/>
 <node id="2178850357" visible="true" version="2" changeset="92640614" timestamp="2020-10-17T19:57:38Z" user="Begavil84" uid="1725439" lat="36.7600618" lon="-4.7093960"/>
 <node id="2178850360" visible="true" version="2" changeset="48114802" timestamp="2017-04-25T08:14:24Z" user="Samuel_MTB" uid="5728880" lat="36.7598357" lon="-4.7066009"/>
 <node id="2178850364" visible="true" version="1" changeset="15201857" timestamp="2013-02-28T20:33:28Z" user="cloudbase" uid="576814" lat="36.7595033" lon="-4.7075396"/>
 <node id="2178850367" visible="true" version="2" changeset="48114802" timestamp="2017-04-25T08:14:24Z" user="Samuel_MTB" uid="5728880" lat="36.7588730" lon="-4.7050316"/>
 <node id="2178850371" visible="true" version="1" changeset="15201857" timestamp="2013-02-28T20:33:28Z" user="cloudbase" uid="576814" lat="36.7590649" lon="-4.7095351"/>
 <node id="2178850374" visible="true" version="2" changeset="92640614" timestamp="2020-10-17T19:57:38Z" user="Begavil84" uid="1725439" lat="36.7598402" lon="-4.7093709"/>
 <node id="2178850377" visible="true" version="1" changeset="15201857" timestamp="2013-02-28T20:33:28Z" user="cloudbase" uid="576814" lat="36.7584976" lon="-4.7053348"/>
 <node id="2178850382" visible="true" version="2" changeset="92640614" timestamp="2020-10-17T19:57:38Z" user="Begavil84" uid="1725439" lat="36.7594361" lon="-4.7050831"/>
 <node id="2178850385" visible="true" version="1" changeset="15201857" timestamp="2013-02-28T20:33:28Z" user="cloudbase" uid="576814" lat="36.7592497" lon="-4.7099750"/>
 <node id="2178850389" visible="true" version="2" changeset="92640614" timestamp="2020-10-17T19:57:38Z" user="Begavil84" uid="1725439" lat="36.7599464" lon="-4.7089575"/>
 <node id="2178850392" visible="true" version="1" changeset="15201857" timestamp="2013-02-28T20:33:28Z" user="cloudbase" uid="576814" lat="36.7590155" lon="-4.7092052"/>
 <node id="2178850397" visible="true" version="2" changeset="92640614" timestamp="2020-10-17T19:57:38Z" user="Begavil84" uid="1725439" lat="36.7601348" lon="-4.7090885"/>
 <node id="2178850400" visible="true" version="2" changeset="92640614" timestamp="2020-10-17T19:57:38Z" user="Begavil84" uid="1725439" lat="36.7597834" lon="-4.7091246"/>
 <node id="2178850404" visible="true" version="2" changeset="92640614" timestamp="2020-10-17T19:57:38Z" user="Begavil84" uid="1725439" lat="36.7611916" lon="-4.7057886"/>
 <node id="2178850407" visible="true" version="2" changeset="92640614" timestamp="2020-10-17T19:57:38Z" user="Begavil84" uid="1725439" lat="36.7584535" lon="-4.7062240"/>
 <node id="2178850409" visible="true" version="2" changeset="92640614" timestamp="2020-10-17T19:57:38Z" user="Begavil84" uid="1725439" lat="36.7612939" lon="-4.7057836"/>
 <node id="2178850412" visible="true" version="2" changeset="92640614" timestamp="2020-10-17T19:57:38Z" user="Begavil84" uid="1725439" lat="36.7613582" lon="-4.7056239"/>
 <node id="2178850414" visible="true" version="2" changeset="92640614" timestamp="2020-10-17T19:57:38Z" user="Begavil84" uid="1725439" lat="36.7613247" lon="-4.7057555"/>
 <node id="2178850417" visible="true" version="2" changeset="92640614" timestamp="2020-10-17T19:57:38Z" user="Begavil84" uid="1725439" lat="36.7598437" lon="-4.7090110"/>
 <node id="2178850419" visible="true" version="2" changeset="92640614" timestamp="2020-10-17T19:57:38Z" user="Begavil84" uid="1725439" lat="36.7611269" lon="-4.7057088"/>
 <node id="2178850422" visible="true" version="2" changeset="92640614" timestamp="2020-10-17T19:57:38Z" user="Begavil84" uid="1725439" lat="36.7611292" lon="-4.7055823"/>
 <node id="2178850424" visible="true" version="2" changeset="92640614" timestamp="2020-10-17T19:57:38Z" user="Begavil84" uid="1725439" lat="36.7611533" lon="-4.7055406"/>
 <node id="2178850426" visible="true" version="2" changeset="92640614" timestamp="2020-10-17T19:57:38Z" user="Begavil84" uid="1725439" lat="36.7613585" lon="-4.7056715"/>
 <node id="2178850429" visible="true" version="2" changeset="92640614" timestamp="2020-10-17T19:57:38Z" user="Begavil84" uid="1725439" lat="36.7601049" lon="-4.7090337"/>
 <node id="2178850432" visible="true" version="2" changeset="48114802" timestamp="2017-04-25T08:14:24Z" user="Samuel_MTB" uid="5728880" lat="36.7596706" lon="-4.7057021"/>
 <node id="2178850436" visible="true" version="1" changeset="15201857" timestamp="2013-02-28T20:33:28Z" user="cloudbase" uid="576814" lat="36.7605605" lon="-4.7095137"/>
 <node id="2178850439" visible="true" version="2" changeset="92640614" timestamp="2020-10-17T19:57:38Z" user="Begavil84" uid="1725439" lat="36.7611178" lon="-4.7056670"/>
 <node id="2178850457" visible="true" version="2" changeset="92640614" timestamp="2020-10-17T19:57:38Z" user="Begavil84" uid="1725439" lat="36.7612196" lon="-4.7057985"/>
 <node id="2178850460" visible="true" version="2" changeset="48114802" timestamp="2017-04-25T08:14:24Z" user="Samuel_MTB" uid="5728880" lat="36.7594226" lon="-4.7059275"/>
 <node id="2178850464" visible="true" version="2" changeset="92640614" timestamp="2020-10-17T19:57:38Z" user="Begavil84" uid="1725439" lat="36.7613216" lon="-4.7055383"/>
 <node id="2178850467" visible="true" version="2" changeset="92640614" timestamp="2020-10-17T19:57:38Z" user="Begavil84" uid="1725439" lat="36.7613456" lon="-4.7055773"/>
 <node id="2178850471" visible="true" version="2" changeset="48114802" timestamp="2017-04-25T08:14:24Z" user="Samuel_MTB" uid="5728880" lat="36.7594087" lon="-4.7078024"/>
 <node id="2178850474" visible="true" version="2" changeset="92640614" timestamp="2020-10-17T19:57:38Z" user="Begavil84" uid="1725439" lat="36.7598050" lon="-4.7093197"/>
 <node id="2178850477" visible="true" version="1" changeset="15201857" timestamp="2013-02-28T20:33:29Z" user="cloudbase" uid="576814" lat="36.7586845" lon="-4.7066143"/>
 <node id="2178850479" visible="true" version="2" changeset="92640614" timestamp="2020-10-17T19:57:38Z" user="Begavil84" uid="1725439" lat="36.7613469" lon="-4.7057168"/>
 <node id="2178850481" visible="true" version="3" changeset="92640614" timestamp="2020-10-17T19:57:38Z" user="Begavil84" uid="1725439" lat="36.7601112" lon="-4.7052900"/>
 <node id="2178850483" visible="true" version="2" changeset="32185801" timestamp="2015-06-24T15:22:29Z" user="andi9876" uid="1256497" lat="36.7592621" lon="-4.7082121"/>
 <node id="2178850485" visible="true" version="1" changeset="15201857" timestamp="2013-02-28T20:33:29Z" user="cloudbase" uid="576814" lat="36.7583664" lon="-4.7058875"/>
 <node id="2178850487" visible="true" version="2" changeset="92640614" timestamp="2020-10-17T19:57:38Z" user="Begavil84" uid="1725439" lat="36.7598918" lon="-4.7089746"/>
 <node id="2178850489" visible="true" version="1" changeset="15201857" timestamp="2013-02-28T20:33:29Z" user="cloudbase" uid="576814" lat="36.7602855" lon="-4.7053375"/>
 <node id="2178850491" visible="true" version="2" changeset="92640614" timestamp="2020-10-17T19:57:38Z" user="Begavil84" uid="1725439" lat="36.7597828" lon="-4.7092581"/>
 <node id="2178850495" visible="true" version="1" changeset="15201857" timestamp="2013-02-28T20:33:29Z" user="cloudbase" uid="576814" lat="36.7602919" lon="-4.7093581"/>
 <node id="2178850497" visible="true" version="2" changeset="48114802" timestamp="2017-04-25T08:14:24Z" user="Samuel_MTB" uid="5728880" lat="36.7589289" lon="-4.7063882"/>
 <node id="2178850498" visible="true" version="2" changeset="92640614" timestamp="2020-10-17T19:57:38Z" user="Begavil84" uid="1725439" lat="36.7612205" lon="-4.7054988"/>
 <node id="2178850499" visible="true" version="2" changeset="92640614" timestamp="2020-10-17T19:57:38Z" user="Begavil84" uid="1725439" lat="36.7601532" lon="-4.7092179"/>
 <node id="2178850500" visible="true" version="2" changeset="92640614" timestamp="2020-10-17T19:57:38Z" user="Begavil84" uid="1725439" lat="36.7601084" lon="-4.7093470"/>
 <node id="2178850501" visible="true" version="2" changeset="48114802" timestamp="2017-04-25T08:14:24Z" user="Samuel_MTB" uid="5728880" lat="36.7598977" lon="-4.7054921"/>
 <node id="2178851292" visible="true" version="1" changeset="15201857" timestamp="2013-02-28T20:34:23Z" user="cloudbase" uid="576814" lat="36.7577391" lon="-4.7059517"/>
 <node id="2178851293" visible="true" version="1" changeset="15201857" timestamp="2013-02-28T20:34:24Z" user="cloudbase" uid="576814" lat="36.7578250" lon="-4.7056567"/>
 <node id="2178851294" visible="true" version="1" changeset="15201857" timestamp="2013-02-28T20:34:24Z" user="cloudbase" uid="576814" lat="36.7574812" lon="-4.7064721"/>
 <node id="2178851295" visible="true" version="1" changeset="15201857" timestamp="2013-02-28T20:34:24Z" user="cloudbase" uid="576814" lat="36.7573442" lon="-4.7065824"/>
 <node id="2178851296" visible="true" version="1" changeset="15201857" timestamp="2013-02-28T20:34:24Z" user="cloudbase" uid="576814" lat="36.7579754" lon="-4.7053133"/>
 <node id="2178851297" visible="true" version="1" changeset="15201857" timestamp="2013-02-28T20:34:24Z" user="cloudbase" uid="576814" lat="36.7582247" lon="-4.7051363"/>
 <node id="2178851298" visible="true" version="1" changeset="15201857" timestamp="2013-02-28T20:34:24Z" user="cloudbase" uid="576814" lat="36.7576187" lon="-4.7063272"/>
 <node id="2178851299" visible="true" version="1" changeset="15201857" timestamp="2013-02-28T20:34:24Z" user="cloudbase" uid="576814" lat="36.7584611" lon="-4.7051309"/>
 <node id="2178863631" visible="true" version="1" changeset="15201857" timestamp="2013-02-28T20:46:47Z" user="cloudbase" uid="576814" lat="36.7631305" lon="-4.7057589"/>
 <node id="2178863634" visible="true" version="1" changeset="15201857" timestamp="2013-02-28T20:46:48Z" user="cloudbase" uid="576814" lat="36.7629371" lon="-4.7075077"/>
 <node id="2178863635" visible="true" version="1" changeset="15201857" timestamp="2013-02-28T20:46:48Z" user="cloudbase" uid="576814" lat="36.7635353" lon="-4.7049565"/>
 <node id="2178863636" visible="true" version="1" changeset="15201857" timestamp="2013-02-28T20:46:48Z" user="cloudbase" uid="576814" lat="36.7640185" lon="-4.7053693"/>
 <node id="2178863637" visible="true" version="1" changeset="15201857" timestamp="2013-02-28T20:46:48Z" user="cloudbase" uid="576814" lat="36.7632508" lon="-4.7066869"/>
 <node id="2178863638" visible="true" version="1" changeset="15201857" timestamp="2013-02-28T20:46:48Z" user="cloudbase" uid="576814" lat="36.7631520" lon="-4.7071858"/>
 <node id="2178863640" visible="true" version="1" changeset="15201857" timestamp="2013-02-28T20:46:48Z" user="cloudbase" uid="576814" lat="36.7615382" lon="-4.7078078"/>
 <node id="2178863642" visible="true" version="1" changeset="15201857" timestamp="2013-02-28T20:46:48Z" user="cloudbase" uid="576814" lat="36.7631541" lon="-4.7059195"/>
 <node id="2178863645" visible="true" version="1" changeset="15201857" timestamp="2013-02-28T20:46:48Z" user="cloudbase" uid="576814" lat="36.7625396" lon="-4.7077005"/>
 <node id="2178863647" visible="true" version="1" changeset="15201857" timestamp="2013-02-28T20:46:48Z" user="cloudbase" uid="576814" lat="36.7610032" lon="-4.7091974"/>
 <node id="2178863649" visible="true" version="1" changeset="15201857" timestamp="2013-02-28T20:46:48Z" user="cloudbase" uid="576814" lat="36.7637071" lon="-4.7028441"/>
 <node id="2178863650" visible="true" version="1" changeset="15201857" timestamp="2013-02-28T20:46:48Z" user="cloudbase" uid="576814" lat="36.7614244" lon="-4.7080280"/>
 <node id="2178863651" visible="true" version="1" changeset="15201857" timestamp="2013-02-28T20:46:48Z" user="cloudbase" uid="576814" lat="36.7631153" lon="-4.7053939"/>
 <node id="2178863653" visible="true" version="1" changeset="15201857" timestamp="2013-02-28T20:46:48Z" user="cloudbase" uid="576814" lat="36.7637509" lon="-4.7054643"/>
 <node id="2178863655" visible="true" version="1" changeset="15201857" timestamp="2013-02-28T20:46:48Z" user="cloudbase" uid="576814" lat="36.7635859" lon="-4.7055200"/>
 <node id="2246175566" visible="true" version="1" changeset="15592079" timestamp="2013-04-03T09:49:05Z" user="marczoutendijk" uid="606555" lat="36.7645704" lon="-4.7025994"/>
 <node id="2246175569" visible="true" version="1" changeset="15592079" timestamp="2013-04-03T09:49:05Z" user="marczoutendijk" uid="606555" lat="36.7602488" lon="-4.7107576"/>
 <node id="2246175579" visible="true" version="2" changeset="48114802" timestamp="2017-04-25T08:14:24Z" user="Samuel_MTB" uid="5728880" lat="36.7582051" lon="-4.7061379"/>
 <node id="2246175580" visible="true" version="1" changeset="15592079" timestamp="2013-04-03T09:49:06Z" user="marczoutendijk" uid="606555" lat="36.7612974" lon="-4.7116588"/>
 <node id="2246175581" visible="true" version="2" changeset="44184115" timestamp="2016-12-05T13:56:19Z" user="Parie" uid="246941" lat="36.7627182" lon="-4.7126255"/>
 <node id="2246175582" visible="true" version="1" changeset="15592079" timestamp="2013-04-03T09:49:06Z" user="marczoutendijk" uid="606555" lat="36.7612183" lon="-4.7052816"/>
 <node id="2246175584" visible="true" version="1" changeset="15592079" timestamp="2013-04-03T09:49:06Z" user="marczoutendijk" uid="606555" lat="36.7673035" lon="-4.7115687"/>
 <node id="2246175585" visible="true" version="2" changeset="19969667" timestamp="2014-01-13T11:13:31Z" user="Leonardo Velasco" uid="241061" lat="36.7683705" lon="-4.7052768"/>
 <node id="2246175587" visible="true" version="1" changeset="15592079" timestamp="2013-04-03T09:49:06Z" user="marczoutendijk" uid="606555" lat="36.7719376" lon="-4.7066592"/>
 <node id="2246175588" visible="true" version="1" changeset="15592079" timestamp="2013-04-03T09:49:06Z" user="marczoutendijk" uid="606555" lat="36.7657737" lon="-4.7053245"/>
 <node id="2246175591" visible="true" version="1" changeset="15592079" timestamp="2013-04-03T09:49:06Z" user="marczoutendijk" uid="606555" lat="36.7615277" lon="-4.7048310"/>
 <node id="2246175593" visible="true" version="1" changeset="15592079" timestamp="2013-04-03T09:49:06Z" user="marczoutendijk" uid="606555" lat="36.7688505" lon="-4.7052172"/>
 <node id="2246175594" visible="true" version="1" changeset="15592079" timestamp="2013-04-03T09:49:06Z" user="marczoutendijk" uid="606555" lat="36.7626451" lon="-4.7045091"/>
 <node id="2246175595" visible="true" version="1" changeset="15592079" timestamp="2013-04-03T09:49:06Z" user="marczoutendijk" uid="606555" lat="36.7659971" lon="-4.7041443"/>
 <node id="2246175597" visible="true" version="3" changeset="92640614" timestamp="2020-10-17T19:57:38Z" user="Begavil84" uid="1725439" lat="36.7583150" lon="-4.7074067"/>
 <node id="2246175598" visible="true" version="1" changeset="15592079" timestamp="2013-04-03T09:49:06Z" user="marczoutendijk" uid="606555" lat="36.7653783" lon="-4.7056249"/>
 <node id="2246175602" visible="true" version="1" changeset="15592079" timestamp="2013-04-03T09:49:06Z" user="marczoutendijk" uid="606555" lat="36.7625248" lon="-4.7038868"/>
 <node id="2246175603" visible="true" version="1" changeset="15592079" timestamp="2013-04-03T09:49:06Z" user="marczoutendijk" uid="606555" lat="36.7672519" lon="-4.7103241"/>
 <node id="2246175605" visible="true" version="1" changeset="15592079" timestamp="2013-04-03T09:49:06Z" user="marczoutendijk" uid="606555" lat="36.7633499" lon="-4.7027710"/>
 <node id="2246175608" visible="true" version="1" changeset="15592079" timestamp="2013-04-03T09:49:06Z" user="marczoutendijk" uid="606555" lat="36.7694865" lon="-4.7049383"/>
 <node id="2246175612" visible="true" version="2" changeset="21207586" timestamp="2014-03-20T10:34:55Z" user="cdavila" uid="26599" lat="36.7708338" lon="-4.7089136"/>
 <node id="2246175613" visible="true" version="1" changeset="15592079" timestamp="2013-04-03T09:49:06Z" user="marczoutendijk" uid="606555" lat="36.7707688" lon="-4.7049640"/>
 <node id="2246175614" visible="true" version="1" changeset="15592079" timestamp="2013-04-03T09:49:06Z" user="marczoutendijk" uid="606555" lat="36.7608676" lon="-4.7099422"/>
 <node id="2246175616" visible="true" version="1" changeset="15592079" timestamp="2013-04-03T09:49:06Z" user="marczoutendijk" uid="606555" lat="36.7594305" lon="-4.7105602"/>
 <node id="2246175617" visible="true" version="1" changeset="15592079" timestamp="2013-04-03T09:49:06Z" user="marczoutendijk" uid="606555" lat="36.7672691" lon="-4.7044233"/>
 <node id="2246175618" visible="true" version="2" changeset="19969667" timestamp="2014-01-13T11:13:31Z" user="Leonardo Velasco" uid="241061" lat="36.7680697" lon="-4.7051802"/>
 <node id="2246175619" visible="true" version="1" changeset="15592079" timestamp="2013-04-03T09:49:06Z" user="marczoutendijk" uid="606555" lat="36.7588288" lon="-4.7094229"/>
 <node id="2246175620" visible="true" version="1" changeset="15592079" timestamp="2013-04-03T09:49:06Z" user="marczoutendijk" uid="606555" lat="36.7587085" lon="-4.7047881"/>
 <node id="2246175622" visible="true" version="1" changeset="15592079" timestamp="2013-04-03T09:49:07Z" user="marczoutendijk" uid="606555" lat="36.7706725" lon="-4.7061184"/>
 <node id="2297984498" visible="true" version="2" changeset="39513525" timestamp="2016-05-23T16:46:20Z" user="dpawlyk" uid="1719931" lat="36.8184072" lon="-4.7018878"/>
 <node id="2297984499" visible="true" version="2" changeset="39593614" timestamp="2016-05-27T01:19:14Z" user="dpawlyk" uid="1719931" lat="36.8181446" lon="-4.6980409"/>
 <node id="2299680106" visible="true" version="1" changeset="16080853" timestamp="2013-05-11T14:35:16Z" user="cloudbase" uid="576814" lat="36.7627936" lon="-4.7119943"/>
 <node id="2299680107" visible="true" version="2" changeset="138942555" timestamp="2023-07-24T14:16:11Z" user="Robot8A" uid="393359" lat="36.7640421" lon="-4.7115400"/>
 <node id="2303118853" visible="true" version="1" changeset="16118318" timestamp="2013-05-13T22:52:55Z" user="andi9876" uid="1256497" lat="36.8327681" lon="-4.6975593"/>
 <node id="2303118854" visible="true" version="1" changeset="16118318" timestamp="2013-05-13T22:52:55Z" user="andi9876" uid="1256497" lat="36.8343459" lon="-4.6973972"/>
 <node id="2506185664" visible="true" version="1" changeset="18506643" timestamp="2013-10-23T17:18:02Z" user="marczoutendijk" uid="606555" lat="36.7608292" lon="-4.7078689"/>
 <node id="2506185665" visible="true" version="3" changeset="19969852" timestamp="2014-01-13T11:24:05Z" user="Leonardo Velasco" uid="241061" lat="36.7616099" lon="-4.7056006"/>
 <node id="2506185666" visible="true" version="1" changeset="18506643" timestamp="2013-10-23T17:18:02Z" user="marczoutendijk" uid="606555" lat="36.7620406" lon="-4.7066706"/>
 <node id="2506185667" visible="true" version="1" changeset="18506643" timestamp="2013-10-23T17:18:02Z" user="marczoutendijk" uid="606555" lat="36.7623682" lon="-4.7066041"/>
 <node id="2506185668" visible="true" version="2" changeset="92640614" timestamp="2020-10-17T19:57:38Z" user="Begavil84" uid="1725439" lat="36.7624208" lon="-4.7065571"/>
 <node id="2506185669" visible="true" version="2" changeset="92640614" timestamp="2020-10-17T19:57:38Z" user="Begavil84" uid="1725439" lat="36.7624536" lon="-4.7064972"/>
 <node id="2506185670" visible="true" version="1" changeset="18506643" timestamp="2013-10-23T17:18:02Z" user="marczoutendijk" uid="606555" lat="36.7626501" lon="-4.7059669"/>
 <node id="2506185671" visible="true" version="1" changeset="18506643" timestamp="2013-10-23T17:18:02Z" user="marczoutendijk" uid="606555" lat="36.7627034" lon="-4.7058338"/>
 <node id="2506185672" visible="true" version="2" changeset="19969852" timestamp="2014-01-13T11:24:05Z" user="Leonardo Velasco" uid="241061" lat="36.7604571" lon="-4.7076649"/>
 <node id="2506185673" visible="true" version="1" changeset="18506643" timestamp="2013-10-23T17:18:03Z" user="marczoutendijk" uid="606555" lat="36.7611187" lon="-4.7079449"/>
 <node id="2506185674" visible="true" version="2" changeset="92640614" timestamp="2020-10-17T19:57:38Z" user="Begavil84" uid="1725439" lat="36.7613598" lon="-4.7064039"/>
 <node id="2506185675" visible="true" version="2" changeset="19969818" timestamp="2014-01-13T11:22:09Z" user="Leonardo Velasco" uid="241061" lat="36.7619011" lon="-4.7063308"/>
 <node id="2506185676" visible="true" version="3" changeset="32185801" timestamp="2015-06-24T15:22:29Z" user="andi9876" uid="1256497" lat="36.7600989" lon="-4.7086756"/>
 <node id="2506185677" visible="true" version="1" changeset="18506643" timestamp="2013-10-23T17:18:03Z" user="marczoutendijk" uid="606555" lat="36.7604633" lon="-4.7088830"/>
 <node id="2506185678" visible="true" version="2" changeset="19969852" timestamp="2014-01-13T11:24:05Z" user="Leonardo Velasco" uid="241061" lat="36.7606398" lon="-4.7071350"/>
 <node id="2506185679" visible="true" version="1" changeset="18506643" timestamp="2013-10-23T17:18:03Z" user="marczoutendijk" uid="606555" lat="36.7610947" lon="-4.7071307"/>
 <node id="2506185680" visible="true" version="1" changeset="18506643" timestamp="2013-10-23T17:18:03Z" user="marczoutendijk" uid="606555" lat="36.7622310" lon="-4.7069749"/>
 <node id="2506185681" visible="true" version="1" changeset="18506643" timestamp="2013-10-23T17:18:03Z" user="marczoutendijk" uid="606555" lat="36.7625129" lon="-4.7069274"/>
 <node id="2506185682" visible="true" version="1" changeset="18506643" timestamp="2013-10-23T17:18:03Z" user="marczoutendijk" uid="606555" lat="36.7625891" lon="-4.7068798"/>
 <node id="2506185683" visible="true" version="2" changeset="92640614" timestamp="2020-10-17T19:57:38Z" user="Begavil84" uid="1725439" lat="36.7626424" lon="-4.7067914"/>
 <node id="2506185684" visible="true" version="2" changeset="92640614" timestamp="2020-10-17T19:57:38Z" user="Begavil84" uid="1725439" lat="36.7627645" lon="-4.7064581"/>
 <node id="2506185685" visible="true" version="1" changeset="18506643" timestamp="2013-10-23T17:18:03Z" user="marczoutendijk" uid="606555" lat="36.7628405" lon="-4.7062427"/>
 <node id="2506185686" visible="true" version="1" changeset="18506643" timestamp="2013-10-23T17:18:03Z" user="marczoutendijk" uid="606555" lat="36.7629243" lon="-4.7060715"/>
 <node id="2506185687" visible="true" version="2" changeset="92640614" timestamp="2020-10-17T19:57:38Z" user="Begavil84" uid="1725439" lat="36.7630194" lon="-4.7059645"/>
 <node id="2506185688" visible="true" version="1" changeset="18506643" timestamp="2013-10-23T17:18:03Z" user="marczoutendijk" uid="606555" lat="36.7612325" lon="-4.7067474"/>
 <node id="2506185689" visible="true" version="2" changeset="19969818" timestamp="2014-01-13T11:22:09Z" user="Leonardo Velasco" uid="241061" lat="36.7617382" lon="-4.7059580"/>
 <node id="2506185690" visible="true" version="1" changeset="18506643" timestamp="2013-10-23T17:18:03Z" user="marczoutendijk" uid="606555" lat="36.7636983" lon="-4.7059626"/>
 <node id="2506185691" visible="true" version="1" changeset="18506643" timestamp="2013-10-23T17:18:03Z" user="marczoutendijk" uid="606555" lat="36.7638267" lon="-4.7064114"/>
 <node id="2506185692" visible="true" version="1" changeset="18506643" timestamp="2013-10-23T17:18:03Z" user="marczoutendijk" uid="606555" lat="36.7645028" lon="-4.7066037"/>
 <node id="2506185693" visible="true" version="1" changeset="18506643" timestamp="2013-10-23T17:18:03Z" user="marczoutendijk" uid="606555" lat="36.7649051" lon="-4.7066892"/>
 <node id="2506193376" visible="true" version="3" changeset="163342782" timestamp="2025-03-07T20:30:41Z" user="Peri3" uid="14595185" lat="36.7646483" lon="-4.7082408"/>
 <node id="2506193377" visible="true" version="2" changeset="163342782" timestamp="2025-03-07T20:30:41Z" user="Peri3" uid="14595185" lat="36.7640635" lon="-4.7079252"/>
 <node id="2506193378" visible="true" version="1" changeset="18506792" timestamp="2013-10-23T17:26:48Z" user="marczoutendijk" uid="606555" lat="36.7635162" lon="-4.7074455"/>
 <node id="2506193379" visible="true" version="1" changeset="18506792" timestamp="2013-10-23T17:26:49Z" user="marczoutendijk" uid="606555" lat="36.7633293" lon="-4.7073061"/>
 <node id="2506193380" visible="true" version="1" changeset="18506792" timestamp="2013-10-23T17:26:49Z" user="marczoutendijk" uid="606555" lat="36.7636365" lon="-4.7071290"/>
 <node id="2506193381" visible="true" version="1" changeset="18506792" timestamp="2013-10-23T17:26:49Z" user="marczoutendijk" uid="606555" lat="36.7635334" lon="-4.7070325"/>
 <node id="2506193382" visible="true" version="1" changeset="18506792" timestamp="2013-10-23T17:26:49Z" user="marczoutendijk" uid="606555" lat="36.7636350" lon="-4.7063732"/>
 <node id="2506193383" visible="true" version="1" changeset="18506792" timestamp="2013-10-23T17:26:49Z" user="marczoutendijk" uid="606555" lat="36.7637328" lon="-4.7054704"/>
 <node id="2506193384" visible="true" version="1" changeset="18506792" timestamp="2013-10-23T17:26:49Z" user="marczoutendijk" uid="606555" lat="36.7647685" lon="-4.7079070"/>
 <node id="2506193385" visible="true" version="2" changeset="163342782" timestamp="2025-03-07T20:30:41Z" user="Peri3" uid="14595185" lat="36.7642133" lon="-4.7075886"/>
 <node id="2506193386" visible="true" version="1" changeset="18506792" timestamp="2013-10-23T17:26:49Z" user="marczoutendijk" uid="606555" lat="36.7640684" lon="-4.7074536"/>
 <node id="2506193387" visible="true" version="1" changeset="18506792" timestamp="2013-10-23T17:26:49Z" user="marczoutendijk" uid="606555" lat="36.7643743" lon="-4.7076876"/>
 <node id="2506193388" visible="true" version="1" changeset="18506792" timestamp="2013-10-23T17:26:49Z" user="marczoutendijk" uid="606555" lat="36.7645310" lon="-4.7066097"/>
 <node id="2506193389" visible="true" version="1" changeset="18506792" timestamp="2013-10-23T17:26:49Z" user="marczoutendijk" uid="606555" lat="36.7645971" lon="-4.7061334"/>
 <node id="2506193390" visible="true" version="1" changeset="18506792" timestamp="2013-10-23T17:26:49Z" user="marczoutendijk" uid="606555" lat="36.7642009" lon="-4.7065178"/>
 <node id="2506193391" visible="true" version="1" changeset="18506792" timestamp="2013-10-23T17:26:49Z" user="marczoutendijk" uid="606555" lat="36.7642609" lon="-4.7060669"/>
 <node id="2506193392" visible="true" version="1" changeset="18506792" timestamp="2013-10-23T17:26:49Z" user="marczoutendijk" uid="606555" lat="36.7638042" lon="-4.7072550"/>
 <node id="2506193393" visible="true" version="1" changeset="18506792" timestamp="2013-10-23T17:26:49Z" user="marczoutendijk" uid="606555" lat="36.7639239" lon="-4.7064390"/>
 <node id="2506193402" visible="true" version="1" changeset="18506792" timestamp="2013-10-23T17:26:49Z" user="marczoutendijk" uid="606555" lat="36.7644321" lon="-4.7089319"/>
 <node id="2506193404" visible="true" version="1" changeset="18506792" timestamp="2013-10-23T17:26:49Z" user="marczoutendijk" uid="606555" lat="36.7593314" lon="-4.7089985"/>
 <node id="2506193405" visible="true" version="1" changeset="18506792" timestamp="2013-10-23T17:26:49Z" user="marczoutendijk" uid="606555" lat="36.7593185" lon="-4.7091595"/>
 <node id="2506193406" visible="true" version="1" changeset="18506792" timestamp="2013-10-23T17:26:49Z" user="marczoutendijk" uid="606555" lat="36.7593185" lon="-4.7092989"/>
 <node id="2506193407" visible="true" version="1" changeset="18506792" timestamp="2013-10-23T17:26:49Z" user="marczoutendijk" uid="606555" lat="36.7593443" lon="-4.7094277"/>
 <node id="2506193408" visible="true" version="1" changeset="18506792" timestamp="2013-10-23T17:26:49Z" user="marczoutendijk" uid="606555" lat="36.7593873" lon="-4.7095564"/>
 <node id="2506193409" visible="true" version="1" changeset="18506792" timestamp="2013-10-23T17:26:49Z" user="marczoutendijk" uid="606555" lat="36.7594474" lon="-4.7096691"/>
 <node id="2506193410" visible="true" version="1" changeset="18506792" timestamp="2013-10-23T17:26:49Z" user="marczoutendijk" uid="606555" lat="36.7595076" lon="-4.7097549"/>
 <node id="2506193411" visible="true" version="1" changeset="18506792" timestamp="2013-10-23T17:26:49Z" user="marczoutendijk" uid="606555" lat="36.7595807" lon="-4.7098193"/>
 <node id="2506193413" visible="true" version="1" changeset="18506792" timestamp="2013-10-23T17:26:49Z" user="marczoutendijk" uid="606555" lat="36.7598213" lon="-4.7099695"/>
 <node id="2506193414" visible="true" version="1" changeset="18506792" timestamp="2013-10-23T17:26:49Z" user="marczoutendijk" uid="606555" lat="36.7599460" lon="-4.7099910"/>
 <node id="2506193415" visible="true" version="1" changeset="18506792" timestamp="2013-10-23T17:26:49Z" user="marczoutendijk" uid="606555" lat="36.7600921" lon="-4.7099641"/>
 <node id="2506193416" visible="true" version="1" changeset="18506792" timestamp="2013-10-23T17:26:49Z" user="marczoutendijk" uid="606555" lat="36.7601866" lon="-4.7099373"/>
 <node id="2506193417" visible="true" version="1" changeset="18506792" timestamp="2013-10-23T17:26:49Z" user="marczoutendijk" uid="606555" lat="36.7602855" lon="-4.7098783"/>
 <node id="2506193418" visible="true" version="1" changeset="18506792" timestamp="2013-10-23T17:26:49Z" user="marczoutendijk" uid="606555" lat="36.7603628" lon="-4.7098247"/>
 <node id="2506193419" visible="true" version="1" changeset="18506792" timestamp="2013-10-23T17:26:49Z" user="marczoutendijk" uid="606555" lat="36.7604359" lon="-4.7097227"/>
 <node id="2506193420" visible="true" version="1" changeset="18506792" timestamp="2013-10-23T17:26:49Z" user="marczoutendijk" uid="606555" lat="36.7604961" lon="-4.7096315"/>
 <node id="2506193421" visible="true" version="1" changeset="18506792" timestamp="2013-10-23T17:26:49Z" user="marczoutendijk" uid="606555" lat="36.7607311" lon="-4.7090389"/>
 <node id="2506193422" visible="true" version="1" changeset="18506792" timestamp="2013-10-23T17:26:49Z" user="marczoutendijk" uid="606555" lat="36.7612310" lon="-4.7076145"/>
 <node id="2506193423" visible="true" version="1" changeset="18506792" timestamp="2013-10-23T17:26:49Z" user="marczoutendijk" uid="606555" lat="36.7612740" lon="-4.7075287"/>
 <node id="2506193424" visible="true" version="1" changeset="18506792" timestamp="2013-10-23T17:26:49Z" user="marczoutendijk" uid="606555" lat="36.7613384" lon="-4.7074643"/>
 <node id="2506193425" visible="true" version="1" changeset="18506792" timestamp="2013-10-23T17:26:49Z" user="marczoutendijk" uid="606555" lat="36.7623795" lon="-4.7073241"/>
 <node id="2506193426" visible="true" version="1" changeset="18506792" timestamp="2013-10-23T17:26:49Z" user="marczoutendijk" uid="606555" lat="36.7625503" lon="-4.7073034"/>
 <node id="2506193427" visible="true" version="1" changeset="18506792" timestamp="2013-10-23T17:26:49Z" user="marczoutendijk" uid="606555" lat="36.7626148" lon="-4.7072819"/>
 <node id="2506193428" visible="true" version="1" changeset="18506792" timestamp="2013-10-23T17:26:49Z" user="marczoutendijk" uid="606555" lat="36.7627179" lon="-4.7072283"/>
 <node id="2506193429" visible="true" version="1" changeset="18506792" timestamp="2013-10-23T17:26:50Z" user="marczoutendijk" uid="606555" lat="36.7627910" lon="-4.7071585"/>
 <node id="2506193430" visible="true" version="1" changeset="18506792" timestamp="2013-10-23T17:26:50Z" user="marczoutendijk" uid="606555" lat="36.7628684" lon="-4.7070459"/>
 <node id="2506193431" visible="true" version="1" changeset="18506792" timestamp="2013-10-23T17:26:50Z" user="marczoutendijk" uid="606555" lat="36.7629500" lon="-4.7068259"/>
 <node id="2506193432" visible="true" version="1" changeset="18506792" timestamp="2013-10-23T17:26:50Z" user="marczoutendijk" uid="606555" lat="36.7630574" lon="-4.7065148"/>
 <node id="2506193433" visible="true" version="1" changeset="18506792" timestamp="2013-10-23T17:26:50Z" user="marczoutendijk" uid="606555" lat="36.7631824" lon="-4.7062191"/>
 <node id="2506193434" visible="true" version="1" changeset="18506792" timestamp="2013-10-23T17:26:50Z" user="marczoutendijk" uid="606555" lat="36.7630231" lon="-4.7052649"/>
 <node id="2506193435" visible="true" version="1" changeset="18506792" timestamp="2013-10-23T17:26:50Z" user="marczoutendijk" uid="606555" lat="36.7629199" lon="-4.7050181"/>
 <node id="2506193436" visible="true" version="1" changeset="18506792" timestamp="2013-10-23T17:26:50Z" user="marczoutendijk" uid="606555" lat="36.7613642" lon="-4.7052166"/>
 <node id="2506193437" visible="true" version="2" changeset="56624761" timestamp="2018-02-23T23:52:26Z" user="alan_gr" uid="5307206" lat="36.7614891" lon="-4.7048893"/>
 <node id="2506193438" visible="true" version="1" changeset="18506792" timestamp="2013-10-23T17:26:50Z" user="marczoutendijk" uid="606555" lat="36.7624343" lon="-4.7047714"/>
 <node id="2506193439" visible="true" version="1" changeset="18506792" timestamp="2013-10-23T17:26:50Z" user="marczoutendijk" uid="606555" lat="36.7628855" lon="-4.7044227"/>
 <node id="2506193440" visible="true" version="1" changeset="18506792" timestamp="2013-10-23T17:26:50Z" user="marczoutendijk" uid="606555" lat="36.7633024" lon="-4.7040847"/>
 <node id="2506193441" visible="true" version="1" changeset="18506792" timestamp="2013-10-23T17:26:50Z" user="marczoutendijk" uid="606555" lat="36.7635013" lon="-4.7039447"/>
 <node id="2506193442" visible="true" version="1" changeset="18506792" timestamp="2013-10-23T17:26:50Z" user="marczoutendijk" uid="606555" lat="36.7633854" lon="-4.7035691"/>
 <node id="2506193443" visible="true" version="1" changeset="18506792" timestamp="2013-10-23T17:26:50Z" user="marczoutendijk" uid="606555" lat="36.7627093" lon="-4.7041491"/>
 <node id="2506193444" visible="true" version="1" changeset="18506792" timestamp="2013-10-23T17:26:50Z" user="marczoutendijk" uid="606555" lat="36.7626449" lon="-4.7041223"/>
 <node id="2506193445" visible="true" version="1" changeset="18506792" timestamp="2013-10-23T17:26:50Z" user="marczoutendijk" uid="606555" lat="36.7625288" lon="-4.7040633"/>
 <node id="2506193446" visible="true" version="1" changeset="18506792" timestamp="2013-10-23T17:26:50Z" user="marczoutendijk" uid="606555" lat="36.7624472" lon="-4.7040633"/>
 <node id="2506193447" visible="true" version="1" changeset="18506792" timestamp="2013-10-23T17:26:50Z" user="marczoutendijk" uid="606555" lat="36.7623698" lon="-4.7040955"/>
 <node id="2506193448" visible="true" version="1" changeset="18506792" timestamp="2013-10-23T17:26:50Z" user="marczoutendijk" uid="606555" lat="36.7622839" lon="-4.7041384"/>
 <node id="2506193449" visible="true" version="1" changeset="18506792" timestamp="2013-10-23T17:26:50Z" user="marczoutendijk" uid="606555" lat="36.7622237" lon="-4.7042296"/>
 <node id="2506193450" visible="true" version="1" changeset="18506792" timestamp="2013-10-23T17:26:50Z" user="marczoutendijk" uid="606555" lat="36.7621421" lon="-4.7042832"/>
 <node id="2506193451" visible="true" version="1" changeset="18506792" timestamp="2013-10-23T17:26:50Z" user="marczoutendijk" uid="606555" lat="36.7619530" lon="-4.7043637"/>
 <node id="2506193452" visible="true" version="1" changeset="18506792" timestamp="2013-10-23T17:26:50Z" user="marczoutendijk" uid="606555" lat="36.7617897" lon="-4.7044227"/>
 <node id="2506193453" visible="true" version="1" changeset="18506792" timestamp="2013-10-23T17:26:50Z" user="marczoutendijk" uid="606555" lat="36.7617123" lon="-4.7044173"/>
 <node id="2506193454" visible="true" version="1" changeset="18506792" timestamp="2013-10-23T17:26:50Z" user="marczoutendijk" uid="606555" lat="36.7616092" lon="-4.7043529"/>
 <node id="2506193455" visible="true" version="1" changeset="18506792" timestamp="2013-10-23T17:26:50Z" user="marczoutendijk" uid="606555" lat="36.7615361" lon="-4.7042188"/>
 <node id="2506193456" visible="true" version="1" changeset="18506792" timestamp="2013-10-23T17:26:50Z" user="marczoutendijk" uid="606555" lat="36.7614072" lon="-4.7040847"/>
 <node id="2506193457" visible="true" version="1" changeset="18506792" timestamp="2013-10-23T17:26:50Z" user="marczoutendijk" uid="606555" lat="36.7613384" lon="-4.7039345"/>
 <node id="2506193458" visible="true" version="2" changeset="41391211" timestamp="2016-08-11T15:18:33Z" user="rene78" uid="257555" lat="36.7612517" lon="-4.7037654"/>
 <node id="2506193459" visible="true" version="1" changeset="18506792" timestamp="2013-10-23T17:26:50Z" user="marczoutendijk" uid="606555" lat="36.7635842" lon="-4.7050397"/>
 <node id="2506193460" visible="true" version="1" changeset="18506792" timestamp="2013-10-23T17:26:50Z" user="marczoutendijk" uid="606555" lat="36.7634109" lon="-4.7050235"/>
 <node id="2506193461" visible="true" version="1" changeset="18506792" timestamp="2013-10-23T17:26:50Z" user="marczoutendijk" uid="606555" lat="36.7632433" lon="-4.7049672"/>
 <node id="2506193462" visible="true" version="1" changeset="18506792" timestamp="2013-10-23T17:26:50Z" user="marczoutendijk" uid="606555" lat="36.7630908" lon="-4.7048036"/>
 <node id="2506193463" visible="true" version="1" changeset="18506792" timestamp="2013-10-23T17:26:50Z" user="marczoutendijk" uid="606555" lat="36.7628650" lon="-4.7044385"/>
 <node id="2506199456" visible="true" version="1" changeset="18506913" timestamp="2013-10-23T17:34:31Z" user="marczoutendijk" uid="606555" lat="36.7637450" lon="-4.7038594"/>
 <node id="2506199457" visible="true" version="1" changeset="18506913" timestamp="2013-10-23T17:34:31Z" user="marczoutendijk" uid="606555" lat="36.7639255" lon="-4.7038541"/>
 <node id="2506199458" visible="true" version="1" changeset="18506913" timestamp="2013-10-23T17:34:31Z" user="marczoutendijk" uid="606555" lat="36.7645874" lon="-4.7038648"/>
 <node id="2506199459" visible="true" version="1" changeset="18506913" timestamp="2013-10-23T17:34:31Z" user="marczoutendijk" uid="606555" lat="36.7642822" lon="-4.7052756"/>
 <node id="2506199460" visible="true" version="1" changeset="18506913" timestamp="2013-10-23T17:34:31Z" user="marczoutendijk" uid="606555" lat="36.7646260" lon="-4.7058443"/>
 <node id="2506199461" visible="true" version="1" changeset="18506913" timestamp="2013-10-23T17:34:31Z" user="marczoutendijk" uid="606555" lat="36.7647635" lon="-4.7058603"/>
 <node id="2506201984" visible="true" version="1" changeset="18506953" timestamp="2013-10-23T17:36:34Z" user="marczoutendijk" uid="606555" lat="36.7634574" lon="-4.7028694"/>
 <node id="2546278919" visible="true" version="1" changeset="19064827" timestamp="2013-11-23T00:05:57Z" user="andi9876" uid="1256497" lat="36.7591215" lon="-4.6962405"/>
 <node id="2546278927" visible="true" version="1" changeset="19064827" timestamp="2013-11-23T00:05:57Z" user="andi9876" uid="1256497" lat="36.7567976" lon="-4.6969742"/>
 <node id="2546278928" visible="true" version="1" changeset="19064827" timestamp="2013-11-23T00:05:57Z" user="andi9876" uid="1256497" lat="36.7568512" lon="-4.6970572"/>
 <node id="2546278930" visible="true" version="1" changeset="19064827" timestamp="2013-11-23T00:05:57Z" user="andi9876" uid="1256497" lat="36.7569314" lon="-4.6971298"/>
 <node id="2546278932" visible="true" version="1" changeset="19064827" timestamp="2013-11-23T00:05:57Z" user="andi9876" uid="1256497" lat="36.7573266" lon="-4.6969388"/>
 <node id="2546278934" visible="true" version="1" changeset="19064827" timestamp="2013-11-23T00:05:57Z" user="andi9876" uid="1256497" lat="36.7573337" lon="-4.6967506"/>
 <node id="2546278935" visible="true" version="1" changeset="19064827" timestamp="2013-11-23T00:05:57Z" user="andi9876" uid="1256497" lat="36.7572003" lon="-4.6966365"/>
 <node id="2546278938" visible="true" version="1" changeset="19064827" timestamp="2013-11-23T00:05:57Z" user="andi9876" uid="1256497" lat="36.7568766" lon="-4.6961250"/>
 <node id="2546278940" visible="true" version="1" changeset="19064827" timestamp="2013-11-23T00:05:57Z" user="andi9876" uid="1256497" lat="36.7568885" lon="-4.6959124"/>
 <node id="2546278941" visible="true" version="1" changeset="19064827" timestamp="2013-11-23T00:05:57Z" user="andi9876" uid="1256497" lat="36.7569205" lon="-4.6956186"/>
 <node id="2546278945" visible="true" version="1" changeset="19064827" timestamp="2013-11-23T00:05:57Z" user="andi9876" uid="1256497" lat="36.7590132" lon="-4.6958279"/>
 <node id="2546278946" visible="true" version="1" changeset="19064827" timestamp="2013-11-23T00:05:57Z" user="andi9876" uid="1256497" lat="36.7590072" lon="-4.6959996"/>
 <node id="2546278947" visible="true" version="1" changeset="19064827" timestamp="2013-11-23T00:05:57Z" user="andi9876" uid="1256497" lat="36.7590495" lon="-4.6962324"/>
 <node id="2546278948" visible="true" version="1" changeset="19064827" timestamp="2013-11-23T00:05:57Z" user="andi9876" uid="1256497" lat="36.7593946" lon="-4.6950026"/>
 <node id="2546278949" visible="true" version="1" changeset="19064827" timestamp="2013-11-23T00:05:57Z" user="andi9876" uid="1256497" lat="36.7595302" lon="-4.6950593"/>
 <node id="2546278950" visible="true" version="1" changeset="19064827" timestamp="2013-11-23T00:05:57Z" user="andi9876" uid="1256497" lat="36.7574720" lon="-4.6954991"/>
 <node id="2546278951" visible="true" version="1" changeset="19064827" timestamp="2013-11-23T00:05:57Z" user="andi9876" uid="1256497" lat="36.7591706" lon="-4.6959519"/>
 <node id="2546278952" visible="true" version="1" changeset="19064827" timestamp="2013-11-23T00:05:57Z" user="andi9876" uid="1256497" lat="36.7592137" lon="-4.6955190"/>
 <node id="2546278977" visible="true" version="1" changeset="19064827" timestamp="2013-11-23T00:05:58Z" user="andi9876" uid="1256497" lat="36.7597431" lon="-4.6951769"/>
 <node id="2546278978" visible="true" version="1" changeset="19064827" timestamp="2013-11-23T00:05:58Z" user="andi9876" uid="1256497" lat="36.7599848" lon="-4.6952630"/>
 <node id="2546278979" visible="true" version="1" changeset="19064827" timestamp="2013-11-23T00:05:58Z" user="andi9876" uid="1256497" lat="36.7602170" lon="-4.6952726"/>
 <node id="2546278980" visible="true" version="1" changeset="19064827" timestamp="2013-11-23T00:05:58Z" user="andi9876" uid="1256497" lat="36.7604173" lon="-4.6953035"/>
 <node id="2546278982" visible="true" version="1" changeset="19064827" timestamp="2013-11-23T00:05:58Z" user="andi9876" uid="1256497" lat="36.7607236" lon="-4.6953789"/>
 <node id="2546278983" visible="true" version="1" changeset="19064827" timestamp="2013-11-23T00:05:58Z" user="andi9876" uid="1256497" lat="36.7567183" lon="-4.6968514"/>
 <node id="2546278984" visible="true" version="1" changeset="19064827" timestamp="2013-11-23T00:05:58Z" user="andi9876" uid="1256497" lat="36.7610185" lon="-4.6953998"/>
 <node id="2546278985" visible="true" version="1" changeset="19064827" timestamp="2013-11-23T00:05:58Z" user="andi9876" uid="1256497" lat="36.7585404" lon="-4.6955371"/>
 <node id="2546278986" visible="true" version="1" changeset="19064827" timestamp="2013-11-23T00:05:58Z" user="andi9876" uid="1256497" lat="36.7612761" lon="-4.6955119"/>
 <node id="2546278987" visible="true" version="1" changeset="19064827" timestamp="2013-11-23T00:05:58Z" user="andi9876" uid="1256497" lat="36.7617314" lon="-4.6956524"/>
 <node id="2546278988" visible="true" version="1" changeset="19064827" timestamp="2013-11-23T00:05:58Z" user="andi9876" uid="1256497" lat="36.7572378" lon="-4.6954042"/>
 <node id="2546278989" visible="true" version="1" changeset="19064827" timestamp="2013-11-23T00:05:58Z" user="andi9876" uid="1256497" lat="36.7591676" lon="-4.6952856"/>
 <node id="2546278990" visible="true" version="1" changeset="19064827" timestamp="2013-11-23T00:05:58Z" user="andi9876" uid="1256497" lat="36.7619450" lon="-4.6957654"/>
 <node id="2546278991" visible="true" version="1" changeset="19064827" timestamp="2013-11-23T00:05:58Z" user="andi9876" uid="1256497" lat="36.7578121" lon="-4.6955621"/>
 <node id="2546278992" visible="true" version="1" changeset="19064827" timestamp="2013-11-23T00:05:58Z" user="andi9876" uid="1256497" lat="36.7621605" lon="-4.6959310"/>
 <node id="2546278993" visible="true" version="2" changeset="48154000" timestamp="2017-04-26T08:15:48Z" user="andi9876" uid="1256497" lat="36.7622731" lon="-4.6961721"/>
 <node id="2546278995" visible="true" version="2" changeset="48154000" timestamp="2017-04-26T08:15:48Z" user="andi9876" uid="1256497" lat="36.7624190" lon="-4.6964701"/>
 <node id="2546278996" visible="true" version="1" changeset="19064827" timestamp="2013-11-23T00:05:58Z" user="andi9876" uid="1256497" lat="36.7625618" lon="-4.6965704"/>
 <node id="2546278998" visible="true" version="1" changeset="19064827" timestamp="2013-11-23T00:05:58Z" user="andi9876" uid="1256497" lat="36.7591447" lon="-4.6960894"/>
 <node id="2546278999" visible="true" version="1" changeset="19064827" timestamp="2013-11-23T00:05:58Z" user="andi9876" uid="1256497" lat="36.7627500" lon="-4.6966542"/>
 <node id="2546279000" visible="true" version="1" changeset="19064827" timestamp="2013-11-23T00:05:58Z" user="andi9876" uid="1256497" lat="36.7629769" lon="-4.6966726"/>
 <node id="2546279001" visible="true" version="1" changeset="19064827" timestamp="2013-11-23T00:05:58Z" user="andi9876" uid="1256497" lat="36.7580659" lon="-4.6955619"/>
 <node id="2546279006" visible="true" version="1" changeset="19064827" timestamp="2013-11-23T00:05:58Z" user="andi9876" uid="1256497" lat="36.7583083" lon="-4.6955497"/>
 <node id="2546279008" visible="true" version="1" changeset="19064827" timestamp="2013-11-23T00:05:58Z" user="andi9876" uid="1256497" lat="36.7631062" lon="-4.6967191"/>
 <node id="2546279012" visible="true" version="1" changeset="19064827" timestamp="2013-11-23T00:05:58Z" user="andi9876" uid="1256497" lat="36.7592370" lon="-4.6957471"/>
 <node id="2546279014" visible="true" version="1" changeset="19064827" timestamp="2013-11-23T00:05:58Z" user="andi9876" uid="1256497" lat="36.7614638" lon="-4.6955636"/>
 <node id="2546279017" visible="true" version="1" changeset="19064827" timestamp="2013-11-23T00:05:59Z" user="andi9876" uid="1256497" lat="36.7576493" lon="-4.6955455"/>
 <node id="2546279019" visible="true" version="2" changeset="48154000" timestamp="2017-04-26T08:15:48Z" user="andi9876" uid="1256497" lat="36.7631880" lon="-4.6968719"/>
 <node id="2546279021" visible="true" version="1" changeset="19064827" timestamp="2013-11-23T00:05:59Z" user="andi9876" uid="1256497" lat="36.7587132" lon="-4.6955602"/>
 <node id="2546279025" visible="true" version="2" changeset="48154000" timestamp="2017-04-26T08:15:48Z" user="andi9876" uid="1256497" lat="36.7633440" lon="-4.6970052"/>
 <node id="2546279031" visible="true" version="2" changeset="147148330" timestamp="2024-02-06T19:22:44Z" user="alan_gr" uid="5307206" lat="36.7635934" lon="-4.6970151"/>
 <node id="2546279035" visible="true" version="1" changeset="19064827" timestamp="2013-11-23T00:05:59Z" user="andi9876" uid="1256497" lat="36.7589133" lon="-4.6956368"/>
 <node id="2546279038" visible="true" version="1" changeset="19064827" timestamp="2013-11-23T00:05:59Z" user="andi9876" uid="1256497" lat="36.7569717" lon="-4.6954225"/>
 <node id="2546279041" visible="true" version="1" changeset="19064827" timestamp="2013-11-23T00:05:59Z" user="andi9876" uid="1256497" lat="36.7592318" lon="-4.6950647"/>
 <node id="2546279046" visible="true" version="1" changeset="19064827" timestamp="2013-11-23T00:05:59Z" user="andi9876" uid="1256497" lat="36.7573423" lon="-4.6954433"/>
 <node id="2546279047" visible="true" version="2" changeset="147148330" timestamp="2024-02-06T19:22:44Z" user="alan_gr" uid="5307206" lat="36.7636526" lon="-4.6969880"/>
 <node id="2546279048" visible="true" version="1" changeset="19064827" timestamp="2013-11-23T00:05:59Z" user="andi9876" uid="1256497" lat="36.7569128" lon="-4.6963783"/>
 <node id="2546279049" visible="true" version="1" changeset="19064827" timestamp="2013-11-23T00:05:59Z" user="andi9876" uid="1256497" lat="36.7571844" lon="-4.6970702"/>
 <node id="2546279050" visible="true" version="1" changeset="19064827" timestamp="2013-11-23T00:05:59Z" user="andi9876" uid="1256497" lat="36.7570181" lon="-4.6965197"/>
 <node id="2546279061" visible="true" version="1" changeset="19064827" timestamp="2013-11-23T00:06:00Z" user="andi9876" uid="1256497" lat="36.7570907" lon="-4.6971190"/>
 <node id="2546279062" visible="true" version="1" changeset="19064827" timestamp="2013-11-23T00:06:00Z" user="andi9876" uid="1256497" lat="36.7571178" lon="-4.6953702"/>
 <node id="2620912938" visible="true" version="1" changeset="19969818" timestamp="2014-01-13T11:22:09Z" user="Leonardo Velasco" uid="241061" lat="36.7627245" lon="-4.7045471"/>
 <node id="2620913600" visible="true" version="1" changeset="19969852" timestamp="2014-01-13T11:24:05Z" user="Leonardo Velasco" uid="241061" lat="36.7606176" lon="-4.7074585"/>
 <node id="2620913602" visible="true" version="2" changeset="92640614" timestamp="2020-10-17T19:57:38Z" user="Begavil84" uid="1725439" lat="36.7600640" lon="-4.7089914"/>
 <node id="2620913603" visible="true" version="1" changeset="19969852" timestamp="2014-01-13T11:24:05Z" user="Leonardo Velasco" uid="241061" lat="36.7607205" lon="-4.7071746"/>
 <node id="2620914963" visible="true" version="1" changeset="19969903" timestamp="2014-01-13T11:27:28Z" user="Leonardo Velasco" uid="241061" lat="36.7641976" lon="-4.7118850"/>
 <node id="2620914964" visible="true" version="1" changeset="19969903" timestamp="2014-01-13T11:27:28Z" user="Leonardo Velasco" uid="241061" lat="36.7641646" lon="-4.7117452"/>
 <node id="2620914965" visible="true" version="1" changeset="19969903" timestamp="2014-01-13T11:27:29Z" user="Leonardo Velasco" uid="241061" lat="36.7639790" lon="-4.7118136"/>
 <node id="2620914966" visible="true" version="1" changeset="19969903" timestamp="2014-01-13T11:27:29Z" user="Leonardo Velasco" uid="241061" lat="36.7640120" lon="-4.7119534"/>
 <node id="2620914967" visible="true" version="5" changeset="138942555" timestamp="2023-07-24T14:16:11Z" user="Robot8A" uid="393359" lat="36.7639771" lon="-4.7105300"/>
 <node id="2620914968" visible="true" version="4" changeset="138942555" timestamp="2023-07-24T14:16:11Z" user="Robot8A" uid="393359" lat="36.7640411" lon="-4.7102833"/>
 <node id="2620914969" visible="true" version="4" changeset="138942555" timestamp="2023-07-24T14:16:11Z" user="Robot8A" uid="393359" lat="36.7640728" lon="-4.7102738"/>
 <node id="2620914971" visible="true" version="4" changeset="138942555" timestamp="2023-07-24T14:16:11Z" user="Robot8A" uid="393359" lat="36.7642202" lon="-4.7104290"/>
 <node id="2620914973" visible="true" version="4" changeset="138942555" timestamp="2023-07-24T14:16:11Z" user="Robot8A" uid="393359" lat="36.7640598" lon="-4.7106004"/>
 <node id="2620914975" visible="true" version="1" changeset="19969903" timestamp="2014-01-13T11:27:29Z" user="Leonardo Velasco" uid="241061" lat="36.7637685" lon="-4.7116334"/>
 <node id="2620914977" visible="true" version="1" changeset="19969903" timestamp="2014-01-13T11:27:29Z" user="Leonardo Velasco" uid="241061" lat="36.7634781" lon="-4.7117409"/>
 <node id="2620914979" visible="true" version="1" changeset="19969903" timestamp="2014-01-13T11:27:29Z" user="Leonardo Velasco" uid="241061" lat="36.7632962" lon="-4.7109912"/>
 <node id="2620915463" visible="true" version="2" changeset="138942555" timestamp="2023-07-24T14:16:11Z" user="Robot8A" uid="393359" lat="36.7640612" lon="-4.7116844"/>
 <node id="2620915465" visible="true" version="2" changeset="138942555" timestamp="2023-07-24T14:16:11Z" user="Robot8A" uid="393359" lat="36.7648926" lon="-4.7112970"/>
 <node id="2620915467" visible="true" version="1" changeset="19969916" timestamp="2014-01-13T11:28:03Z" user="Leonardo Velasco" uid="241061" lat="36.7653501" lon="-4.7113069"/>
 <node id="2719307261" visible="true" version="1" changeset="21119064" timestamp="2014-03-15T15:38:19Z" user="Albhertz" uid="217429" lat="36.7348641" lon="-4.6950194"/>
 <node id="2719307263" visible="true" version="1" changeset="21119064" timestamp="2014-03-15T15:38:19Z" user="Albhertz" uid="217429" lat="36.7332278" lon="-4.6931721"/>
 <node id="2719307264" visible="true" version="1" changeset="21119064" timestamp="2014-03-15T15:38:19Z" user="Albhertz" uid="217429" lat="36.7339463" lon="-4.6941248"/>
 <node id="2719307265" visible="true" version="1" changeset="21119064" timestamp="2014-03-15T15:38:19Z" user="Albhertz" uid="217429" lat="36.7326510" lon="-4.6919671"/>
 <node id="2728484711" visible="true" version="1" changeset="21207586" timestamp="2014-03-20T10:34:33Z" user="cdavila" uid="26599" lat="36.7707095" lon="-4.7090301"/>
 <node id="2815328132" visible="true" version="1" changeset="21927779" timestamp="2014-04-25T10:30:00Z" user="luschi" uid="1714220" lat="36.7585668" lon="-4.7105897"/>
 <node id="2815328135" visible="true" version="2" changeset="151637262" timestamp="2024-05-21T16:32:14Z" user="Peri3" uid="14595185" lat="36.7509009" lon="-4.7122978"/>
 <node id="2815328136" visible="true" version="1" changeset="21927779" timestamp="2014-04-25T10:30:00Z" user="luschi" uid="1714220" lat="36.7562481" lon="-4.7128052"/>
 <node id="2815328137" visible="true" version="1" changeset="21927779" timestamp="2014-04-25T10:30:00Z" user="luschi" uid="1714220" lat="36.7561529" lon="-4.7129766"/>
 <node id="2815328140" visible="true" version="1" changeset="21927779" timestamp="2014-04-25T10:30:00Z" user="luschi" uid="1714220" lat="36.7477523" lon="-4.7120431"/>
 <node id="2815328141" visible="true" version="1" changeset="21927779" timestamp="2014-04-25T10:30:00Z" user="luschi" uid="1714220" lat="36.7566027" lon="-4.7121212"/>
 <node id="2815328142" visible="true" version="1" changeset="21927779" timestamp="2014-04-25T10:30:00Z" user="luschi" uid="1714220" lat="36.7494523" lon="-4.7119600"/>
 <node id="2815328143" visible="true" version="2" changeset="37981984" timestamp="2016-03-21T17:54:01Z" user="andi9876" uid="1256497" lat="36.7517587" lon="-4.7122508"/>
 <node id="2815328144" visible="true" version="1" changeset="21927779" timestamp="2014-04-25T10:30:00Z" user="luschi" uid="1714220" lat="36.7580461" lon="-4.7117427"/>
 <node id="2815328147" visible="true" version="1" changeset="21927779" timestamp="2014-04-25T10:30:00Z" user="luschi" uid="1714220" lat="36.7577840" lon="-4.7118178"/>
 <node id="2815328149" visible="true" version="2" changeset="39389840" timestamp="2016-05-18T02:51:04Z" user="dpawlyk" uid="1719931" lat="36.7473791" lon="-4.7121129"/>
 <node id="2815328150" visible="true" version="3" changeset="37981984" timestamp="2016-03-21T17:54:01Z" user="andi9876" uid="1256497" lat="36.7528608" lon="-4.7123812"/>
 <node id="2815328151" visible="true" version="1" changeset="21927779" timestamp="2014-04-25T10:30:00Z" user="luschi" uid="1714220" lat="36.7566715" lon="-4.7120220"/>
 <node id="2815328152" visible="true" version="2" changeset="151637262" timestamp="2024-05-21T16:32:14Z" user="Peri3" uid="14595185" lat="36.7506063" lon="-4.7122925"/>
 <node id="2815328153" visible="true" version="1" changeset="21927779" timestamp="2014-04-25T10:30:00Z" user="luschi" uid="1714220" lat="36.7579301" lon="-4.7117883"/>
 <node id="2815328154" visible="true" version="1" changeset="21927779" timestamp="2014-04-25T10:30:00Z" user="luschi" uid="1714220" lat="36.7481182" lon="-4.7119710"/>
 <node id="2815328155" visible="true" version="1" changeset="21927779" timestamp="2014-04-25T10:30:00Z" user="luschi" uid="1714220" lat="36.7581607" lon="-4.7116089"/>
 <node id="2815328156" visible="true" version="1" changeset="21927779" timestamp="2014-04-25T10:30:01Z" user="luschi" uid="1714220" lat="36.7582595" lon="-4.7113675"/>
 <node id="2815328157" visible="true" version="1" changeset="21927779" timestamp="2014-04-25T10:30:01Z" user="luschi" uid="1714220" lat="36.7576357" lon="-4.7118259"/>
 <node id="2815328159" visible="true" version="2" changeset="37981984" timestamp="2016-03-21T17:54:01Z" user="andi9876" uid="1256497" lat="36.7533553" lon="-4.7125545"/>
 <node id="2815328160" visible="true" version="1" changeset="21927779" timestamp="2014-04-25T10:30:01Z" user="luschi" uid="1714220" lat="36.7474214" lon="-4.7121077"/>
 <node id="2815328162" visible="true" version="1" changeset="21927779" timestamp="2014-04-25T10:30:01Z" user="luschi" uid="1714220" lat="36.7587449" lon="-4.7104146"/>
 <node id="2815328164" visible="true" version="1" changeset="21927779" timestamp="2014-04-25T10:30:01Z" user="luschi" uid="1714220" lat="36.7543585" lon="-4.7134862"/>
 <node id="2815328165" visible="true" version="1" changeset="21927779" timestamp="2014-04-25T10:30:01Z" user="luschi" uid="1714220" lat="36.7568621" lon="-4.7118366"/>
 <node id="2815328166" visible="true" version="1" changeset="21927779" timestamp="2014-04-25T10:30:01Z" user="luschi" uid="1714220" lat="36.7564910" lon="-4.7123787"/>
 <node id="2815328167" visible="true" version="2" changeset="40532544" timestamp="2016-07-07T01:30:22Z" user="dcapillae_old" uid="865993" lat="36.7542362" lon="-4.7134508"/>
 <node id="2815328168" visible="true" version="2" changeset="37981984" timestamp="2016-03-21T17:54:01Z" user="andi9876" uid="1256497" lat="36.7522220" lon="-4.7122810"/>
 <node id="2815328169" visible="true" version="1" changeset="21927779" timestamp="2014-04-25T10:30:01Z" user="luschi" uid="1714220" lat="36.7570598" lon="-4.7117320"/>
 <node id="2815328170" visible="true" version="1" changeset="21927779" timestamp="2014-04-25T10:30:01Z" user="luschi" uid="1714220" lat="36.7478834" lon="-4.7119949"/>
 <node id="2815328172" visible="true" version="3" changeset="37981984" timestamp="2016-03-21T17:54:01Z" user="andi9876" uid="1256497" lat="36.7531187" lon="-4.7124378"/>
 <node id="2815328173" visible="true" version="2" changeset="37981984" timestamp="2016-03-21T17:54:01Z" user="andi9876" uid="1256497" lat="36.7536431" lon="-4.7128581"/>
 <node id="2815328175" visible="true" version="1" changeset="21927779" timestamp="2014-04-25T10:30:01Z" user="luschi" uid="1714220" lat="36.7475954" lon="-4.7120914"/>
 <node id="2815328176" visible="true" version="1" changeset="21927779" timestamp="2014-04-25T10:30:01Z" user="luschi" uid="1714220" lat="36.7497193" lon="-4.7120541"/>
 <node id="2815328177" visible="true" version="2" changeset="37981984" timestamp="2016-03-21T17:54:01Z" user="andi9876" uid="1256497" lat="36.7535024" lon="-4.7127020"/>
 <node id="2815328178" visible="true" version="1" changeset="21927779" timestamp="2014-04-25T10:30:01Z" user="luschi" uid="1714220" lat="36.7526666" lon="-4.7114188"/>
 <node id="2815328180" visible="true" version="2" changeset="37981984" timestamp="2016-03-21T17:54:01Z" user="andi9876" uid="1256497" lat="36.7524568" lon="-4.7123207"/>
 <node id="2815328181" visible="true" version="1" changeset="21927779" timestamp="2014-04-25T10:30:01Z" user="luschi" uid="1714220" lat="36.7551902" lon="-4.7136793"/>
 <node id="2815328183" visible="true" version="1" changeset="21927779" timestamp="2014-04-25T10:30:01Z" user="luschi" uid="1714220" lat="36.7546100" lon="-4.7135854"/>
 <node id="2815328184" visible="true" version="1" changeset="21927779" timestamp="2014-04-25T10:30:01Z" user="luschi" uid="1714220" lat="36.7528413" lon="-4.7132208"/>
 <node id="2815328187" visible="true" version="1" changeset="21927779" timestamp="2014-04-25T10:30:01Z" user="luschi" uid="1714220" lat="36.7560347" lon="-4.7131160"/>
 <node id="2815328188" visible="true" version="1" changeset="21927779" timestamp="2014-04-25T10:30:01Z" user="luschi" uid="1714220" lat="36.7586334" lon="-4.7104743"/>
 <node id="2815328189" visible="true" version="1" changeset="21927779" timestamp="2014-04-25T10:30:01Z" user="luschi" uid="1714220" lat="36.7475164" lon="-4.7121097"/>
 <node id="2815328190" visible="true" version="1" changeset="21927779" timestamp="2014-04-25T10:30:01Z" user="luschi" uid="1714220" lat="36.7553449" lon="-4.7136122"/>
 <node id="2815328191" visible="true" version="1" changeset="21927779" timestamp="2014-04-25T10:30:01Z" user="luschi" uid="1714220" lat="36.7493105" lon="-4.7119439"/>
 <node id="2815328192" visible="true" version="2" changeset="151637262" timestamp="2024-05-21T16:32:14Z" user="Peri3" uid="14595185" lat="36.7503911" lon="-4.7122250"/>
 <node id="2815328193" visible="true" version="1" changeset="21927779" timestamp="2014-04-25T10:30:01Z" user="luschi" uid="1714220" lat="36.7538966" lon="-4.7131643"/>
 <node id="2815328194" visible="true" version="1" changeset="21927779" timestamp="2014-04-25T10:30:01Z" user="luschi" uid="1714220" lat="36.7583975" lon="-4.7109881"/>
 <node id="2815328195" visible="true" version="1" changeset="21927779" timestamp="2014-04-25T10:30:01Z" user="luschi" uid="1714220" lat="36.7569616" lon="-4.7117430"/>
 <node id="2815328196" visible="true" version="1" changeset="21927779" timestamp="2014-04-25T10:30:01Z" user="luschi" uid="1714220" lat="36.7550017" lon="-4.7136822"/>
 <node id="2815347977" visible="true" version="1" changeset="21927779" timestamp="2014-04-25T10:37:54Z" user="luschi" uid="1714220" lat="36.7514673" lon="-4.7011815"/>
 <node id="2815347983" visible="true" version="2" changeset="88350180" timestamp="2020-07-22T12:46:36Z" user="Sammyhawkrad" uid="6406545" lat="36.7294753" lon="-4.6971429"/>
 <node id="2978294871" visible="true" version="2" changeset="27452061" timestamp="2014-12-14T08:13:28Z" user="mdk" uid="178186" lat="36.7526343" lon="-4.7122403"/>
 <node id="3615408402" visible="true" version="1" changeset="32185801" timestamp="2015-06-24T15:22:29Z" user="andi9876" uid="1256497" lat="36.7601651" lon="-4.7087114"/>
 <node id="3815897865" visible="true" version="1" changeset="35061721" timestamp="2015-11-03T17:56:23Z" user="luschi" uid="1714220" lat="36.7527105" lon="-4.7205691"/>
 <node id="4072091431" visible="true" version="1" changeset="37981984" timestamp="2016-03-21T17:54:00Z" user="andi9876" uid="1256497" lat="36.7521499" lon="-4.7126105"/>
 <node id="4072091432" visible="true" version="1" changeset="37981984" timestamp="2016-03-21T17:54:00Z" user="andi9876" uid="1256497" lat="36.7534274" lon="-4.7126175"/>
 <node id="4072091433" visible="true" version="2" changeset="41422499" timestamp="2016-08-13T03:43:12Z" user="andi9876" uid="1256497" lat="36.7520366" lon="-4.7124453">
  <tag k="barrier" v="lift_gate"/>
 </node>
 <node id="4072091434" visible="true" version="1" changeset="37981984" timestamp="2016-03-21T17:54:00Z" user="andi9876" uid="1256497" lat="36.7518981" lon="-4.7123112"/>
 <node id="4072091435" visible="true" version="2" changeset="41422499" timestamp="2016-08-13T03:43:13Z" user="andi9876" uid="1256497" lat="36.7530867" lon="-4.7126019">
  <tag k="barrier" v="lift_gate"/>
 </node>
 <node id="4072091436" visible="true" version="4" changeset="39007264" timestamp="2016-04-30T21:44:56Z" user="teasu" uid="2040341" lat="36.7526785" lon="-4.7127433">
  <tag k="ford" v="yes"/>
 </node>
 <node id="4072091437" visible="true" version="1" changeset="37981984" timestamp="2016-03-21T17:54:00Z" user="andi9876" uid="1256497" lat="36.7525561" lon="-4.7127810"/>
 <node id="4072091438" visible="true" version="2" changeset="41422499" timestamp="2016-08-13T03:43:13Z" user="andi9876" uid="1256497" lat="36.7532479" lon="-4.7125810"/>
 <node id="4072091439" visible="true" version="1" changeset="37981984" timestamp="2016-03-21T17:54:00Z" user="andi9876" uid="1256497" lat="36.7522454" lon="-4.7127505"/>
 <node id="4072091440" visible="true" version="1" changeset="37981984" timestamp="2016-03-21T17:54:00Z" user="andi9876" uid="1256497" lat="36.7523507" lon="-4.7128227"/>
 <node id="4156433935" visible="true" version="1" changeset="38989957" timestamp="2016-04-29T21:44:01Z" user="teasu" uid="2040341" lat="36.7405856" lon="-4.7039440">
  <tag k="ford" v="yes"/>
 </node>
 <node id="4156433993" visible="true" version="1" changeset="38989957" timestamp="2016-04-29T21:44:02Z" user="teasu" uid="2040341" lat="36.7466728" lon="-4.7049150"/>
 <node id="4156433998" visible="true" version="1" changeset="38989957" timestamp="2016-04-29T21:44:02Z" user="teasu" uid="2040341" lat="36.7473870" lon="-4.7047235"/>
 <node id="4156434037" visible="true" version="1" changeset="38989957" timestamp="2016-04-29T21:44:03Z" user="teasu" uid="2040341" lat="36.7490799" lon="-4.7036803"/>
 <node id="4156434062" visible="true" version="1" changeset="38989957" timestamp="2016-04-29T21:44:03Z" user="teasu" uid="2040341" lat="36.7494238" lon="-4.7033106"/>
 <node id="4156434066" visible="true" version="1" changeset="38989957" timestamp="2016-04-29T21:44:03Z" user="teasu" uid="2040341" lat="36.7494650" lon="-4.7031496">
  <tag k="ford" v="yes"/>
 </node>
 <node id="4156434068" visible="true" version="1" changeset="38989957" timestamp="2016-04-29T21:44:03Z" user="teasu" uid="2040341" lat="36.7495032" lon="-4.7030003"/>
 <node id="4158346739" visible="true" version="1" changeset="39007190" timestamp="2016-04-30T21:39:00Z" user="teasu" uid="2040341" lat="36.7302722" lon="-4.7045235"/>
 <node id="4158346742" visible="true" version="1" changeset="39007190" timestamp="2016-04-30T21:39:00Z" user="teasu" uid="2040341" lat="36.7306797" lon="-4.7002418"/>
 <node id="4158346744" visible="true" version="1" changeset="39007190" timestamp="2016-04-30T21:39:00Z" user="teasu" uid="2040341" lat="36.7308478" lon="-4.7004022">
  <tag k="ford" v="yes"/>
 </node>
 <node id="4158346757" visible="true" version="1" changeset="39007190" timestamp="2016-04-30T21:39:00Z" user="teasu" uid="2040341" lat="36.7315377" lon="-4.7033557"/>
 <node id="4158346759" visible="true" version="1" changeset="39007190" timestamp="2016-04-30T21:39:00Z" user="teasu" uid="2040341" lat="36.7316431" lon="-4.7078625"/>
 <node id="4158346766" visible="true" version="1" changeset="39007190" timestamp="2016-04-30T21:39:00Z" user="teasu" uid="2040341" lat="36.7321572" lon="-4.7089974"/>
 <node id="4158346785" visible="true" version="1" changeset="39007190" timestamp="2016-04-30T21:39:00Z" user="teasu" uid="2040341" lat="36.7339104" lon="-4.7047373"/>
 <node id="4158346997" visible="true" version="1" changeset="39007190" timestamp="2016-04-30T21:39:00Z" user="teasu" uid="2040341" lat="36.7344509" lon="-4.7094086"/>
 <node id="4158346998" visible="true" version="1" changeset="39007190" timestamp="2016-04-30T21:39:00Z" user="teasu" uid="2040341" lat="36.7345695" lon="-4.7041946"/>
 <node id="4158347005" visible="true" version="1" changeset="39007190" timestamp="2016-04-30T21:39:01Z" user="teasu" uid="2040341" lat="36.7353017" lon="-4.6952747"/>
 <node id="4158347016" visible="true" version="1" changeset="39007190" timestamp="2016-04-30T21:39:01Z" user="teasu" uid="2040341" lat="36.7362172" lon="-4.7034050"/>
 <node id="4158347019" visible="true" version="1" changeset="39007190" timestamp="2016-04-30T21:39:01Z" user="teasu" uid="2040341" lat="36.7366162" lon="-4.6960415"/>
 <node id="4158347020" visible="true" version="1" changeset="39007190" timestamp="2016-04-30T21:39:01Z" user="teasu" uid="2040341" lat="36.7367553" lon="-4.7105847"/>
 <node id="4158347050" visible="true" version="1" changeset="39007190" timestamp="2016-04-30T21:39:01Z" user="teasu" uid="2040341" lat="36.7377990" lon="-4.7034708"/>
 <node id="4158347061" visible="true" version="1" changeset="39007190" timestamp="2016-04-30T21:39:01Z" user="teasu" uid="2040341" lat="36.7400924" lon="-4.7039149"/>
 <node id="4158347065" visible="true" version="1" changeset="39007190" timestamp="2016-04-30T21:39:02Z" user="teasu" uid="2040341" lat="36.7411617" lon="-4.6984770"/>
 <node id="4158347066" visible="true" version="1" changeset="39007190" timestamp="2016-04-30T21:39:02Z" user="teasu" uid="2040341" lat="36.7412260" lon="-4.7054446"/>
 <node id="4158347067" visible="true" version="1" changeset="39007190" timestamp="2016-04-30T21:39:02Z" user="teasu" uid="2040341" lat="36.7430449" lon="-4.7059545"/>
 <node id="4158347068" visible="true" version="1" changeset="39007190" timestamp="2016-04-30T21:39:02Z" user="teasu" uid="2040341" lat="36.7434535" lon="-4.7112672"/>
 <node id="4158347069" visible="true" version="1" changeset="39007190" timestamp="2016-04-30T21:39:02Z" user="teasu" uid="2040341" lat="36.7458522" lon="-4.7054117"/>
 <node id="4158347070" visible="true" version="1" changeset="39007190" timestamp="2016-04-30T21:39:02Z" user="teasu" uid="2040341" lat="36.7460104" lon="-4.7110205"/>
 <node id="4158347071" visible="true" version="1" changeset="39007190" timestamp="2016-04-30T21:39:02Z" user="teasu" uid="2040341" lat="36.7476710" lon="-4.7119909"/>
 <node id="4158347072" visible="true" version="1" changeset="39007190" timestamp="2016-04-30T21:39:02Z" user="teasu" uid="2040341" lat="36.7484354" lon="-4.7045071"/>
 <node id="4158347073" visible="true" version="1" changeset="39007190" timestamp="2016-04-30T21:39:02Z" user="teasu" uid="2040341" lat="36.7493052" lon="-4.7038327"/>
 <node id="4158347074" visible="true" version="1" changeset="39007190" timestamp="2016-04-30T21:39:02Z" user="teasu" uid="2040341" lat="36.7503991" lon="-4.7122541"/>
 <node id="4158347075" visible="true" version="1" changeset="39007190" timestamp="2016-04-30T21:39:02Z" user="teasu" uid="2040341" lat="36.7506627" lon="-4.7034708"/>
 <node id="4158347076" visible="true" version="1" changeset="39007190" timestamp="2016-04-30T21:39:02Z" user="teasu" uid="2040341" lat="36.7511503" lon="-4.7086520"/>
 <node id="4158347077" visible="true" version="1" changeset="39007190" timestamp="2016-04-30T21:39:02Z" user="teasu" uid="2040341" lat="36.7517565" lon="-4.7072868"/>
 <node id="4158347078" visible="true" version="1" changeset="39007190" timestamp="2016-04-30T21:39:02Z" user="teasu" uid="2040341" lat="36.7518619" lon="-4.7117277"/>
 <node id="4158347079" visible="true" version="1" changeset="39007190" timestamp="2016-04-30T21:39:02Z" user="teasu" uid="2040341" lat="36.7519937" lon="-4.7095566"/>
 <node id="4158347080" visible="true" version="1" changeset="39007190" timestamp="2016-04-30T21:39:02Z" user="teasu" uid="2040341" lat="36.7520069" lon="-4.7043426"/>
 <node id="4158347081" visible="true" version="1" changeset="39007190" timestamp="2016-04-30T21:39:02Z" user="teasu" uid="2040341" lat="36.7527976" lon="-4.7072539"/>
 <node id="4160099368" visible="true" version="1" changeset="39026428" timestamp="2016-05-01T21:44:09Z" user="teasu" uid="2040341" lat="36.7492113" lon="-4.7025268"/>
 <node id="4160099369" visible="true" version="1" changeset="39026428" timestamp="2016-05-01T21:44:09Z" user="teasu" uid="2040341" lat="36.7493314" lon="-4.7025391"/>
 <node id="4160099370" visible="true" version="1" changeset="39026428" timestamp="2016-05-01T21:44:09Z" user="teasu" uid="2040341" lat="36.7494684" lon="-4.7024995"/>
 <node id="4160099371" visible="true" version="1" changeset="39026428" timestamp="2016-05-01T21:44:09Z" user="teasu" uid="2040341" lat="36.7497503" lon="-4.7023930"/>
 <node id="4160099372" visible="true" version="1" changeset="39026428" timestamp="2016-05-01T21:44:09Z" user="teasu" uid="2040341" lat="36.7498177" lon="-4.7023360"/>
 <node id="4160099373" visible="true" version="1" changeset="39026428" timestamp="2016-05-01T21:44:09Z" user="teasu" uid="2040341" lat="36.7499130" lon="-4.7023533"/>
 <node id="4160099374" visible="true" version="1" changeset="39026428" timestamp="2016-05-01T21:44:09Z" user="teasu" uid="2040341" lat="36.7500639" lon="-4.7022765"/>
 <node id="4160099375" visible="true" version="1" changeset="39026428" timestamp="2016-05-01T21:44:09Z" user="teasu" uid="2040341" lat="36.7502386" lon="-4.7022443"/>
 <node id="4160099376" visible="true" version="1" changeset="39026428" timestamp="2016-05-01T21:44:09Z" user="teasu" uid="2040341" lat="36.7503935" lon="-4.7021724"/>
 <node id="4160099377" visible="true" version="1" changeset="39026428" timestamp="2016-05-01T21:44:10Z" user="teasu" uid="2040341" lat="36.7504709" lon="-4.7021130"/>
 <node id="4160099378" visible="true" version="1" changeset="39026428" timestamp="2016-05-01T21:44:10Z" user="teasu" uid="2040341" lat="36.7508103" lon="-4.7020857"/>
 <node id="4160099379" visible="true" version="1" changeset="39026428" timestamp="2016-05-01T21:44:10Z" user="teasu" uid="2040341" lat="36.7509910" lon="-4.7021328"/>
 <node id="4160099380" visible="true" version="1" changeset="39026428" timestamp="2016-05-01T21:44:10Z" user="teasu" uid="2040341" lat="36.7511935" lon="-4.7020907"/>
 <node id="4160099381" visible="true" version="1" changeset="39026428" timestamp="2016-05-01T21:44:10Z" user="teasu" uid="2040341" lat="36.7513007" lon="-4.7020907"/>
 <node id="4160099382" visible="true" version="1" changeset="39026428" timestamp="2016-05-01T21:44:10Z" user="teasu" uid="2040341" lat="36.7515171" lon="-4.7020312"/>
 <node id="4160099383" visible="true" version="1" changeset="39026428" timestamp="2016-05-01T21:44:10Z" user="teasu" uid="2040341" lat="36.7517553" lon="-4.7020263"/>
 <node id="4160099384" visible="true" version="1" changeset="39026428" timestamp="2016-05-01T21:44:10Z" user="teasu" uid="2040341" lat="36.7519220" lon="-4.7020411"/>
 <node id="4160099385" visible="true" version="1" changeset="39026428" timestamp="2016-05-01T21:44:10Z" user="teasu" uid="2040341" lat="36.7521186" lon="-4.7019842"/>
 <node id="4160099386" visible="true" version="1" changeset="39026428" timestamp="2016-05-01T21:44:10Z" user="teasu" uid="2040341" lat="36.7523171" lon="-4.7019495"/>
 <node id="4160099387" visible="true" version="1" changeset="39026428" timestamp="2016-05-01T21:44:10Z" user="teasu" uid="2040341" lat="36.7525751" lon="-4.7020387"/>
 <node id="4160099388" visible="true" version="1" changeset="39026428" timestamp="2016-05-01T21:44:10Z" user="teasu" uid="2040341" lat="36.7527836" lon="-4.7021923"/>
 <node id="4160099489" visible="true" version="1" changeset="39026428" timestamp="2016-05-01T21:44:10Z" user="teasu" uid="2040341" lat="36.7529384" lon="-4.7023062"/>
 <node id="4160099490" visible="true" version="1" changeset="39026428" timestamp="2016-05-01T21:44:10Z" user="teasu" uid="2040341" lat="36.7530198" lon="-4.7024376"/>
 <node id="4160110136" visible="true" version="2" changeset="40195700" timestamp="2016-06-22T04:55:48Z" user="Lübeck" uid="55462" lat="36.7534127" lon="-4.7033758"/>
 <node id="4192704887" visible="true" version="1" changeset="39389840" timestamp="2016-05-18T01:53:43Z" user="dpawlyk" uid="1719931" lat="36.7516425" lon="-4.7359146"/>
 <node id="4192704888" visible="true" version="1" changeset="39389840" timestamp="2016-05-18T01:53:43Z" user="dpawlyk" uid="1719931" lat="36.7506852" lon="-4.7283363"/>
 <node id="4192715689" visible="true" version="1" changeset="39389840" timestamp="2016-05-18T01:53:43Z" user="dpawlyk" uid="1719931" lat="36.7496752" lon="-4.7299279"/>
 <node id="4192715690" visible="true" version="1" changeset="39389840" timestamp="2016-05-18T01:53:43Z" user="dpawlyk" uid="1719931" lat="36.7524810" lon="-4.7351780"/>
 <node id="4192715692" visible="true" version="1" changeset="39389840" timestamp="2016-05-18T01:53:43Z" user="dpawlyk" uid="1719931" lat="36.7541641" lon="-4.7440368"/>
 <node id="4192715693" visible="true" version="1" changeset="39389840" timestamp="2016-05-18T01:53:43Z" user="dpawlyk" uid="1719931" lat="36.7581324" lon="-4.7564962"/>
 <node id="4192715694" visible="true" version="1" changeset="39389840" timestamp="2016-05-18T01:53:43Z" user="dpawlyk" uid="1719931" lat="36.7613742" lon="-4.7598678"/>
 <node id="4192715696" visible="true" version="2" changeset="44164933" timestamp="2016-12-04T19:35:16Z" user="Parie" uid="246941" lat="36.7621439" lon="-4.7196239"/>
 <node id="4192715697" visible="true" version="1" changeset="39389840" timestamp="2016-05-18T01:53:43Z" user="dpawlyk" uid="1719931" lat="36.7544018" lon="-4.7450024"/>
 <node id="4202494388" visible="true" version="1" changeset="39513525" timestamp="2016-05-23T16:46:19Z" user="dpawlyk" uid="1719931" lat="36.8180521" lon="-4.7023658"/>
 <node id="4202516090" visible="true" version="1" changeset="39513525" timestamp="2016-05-23T16:46:20Z" user="dpawlyk" uid="1719931" lat="36.8186131" lon="-4.7009493"/>
 <node id="4210031644" visible="true" version="1" changeset="39593614" timestamp="2016-05-27T01:19:13Z" user="dpawlyk" uid="1719931" lat="36.8083819" lon="-4.6990202"/>
 <node id="4210031646" visible="true" version="1" changeset="39593614" timestamp="2016-05-27T01:19:13Z" user="dpawlyk" uid="1719931" lat="36.8086241" lon="-4.6994807"/>
 <node id="4210031660" visible="true" version="1" changeset="39593614" timestamp="2016-05-27T01:19:13Z" user="dpawlyk" uid="1719931" lat="36.8217160" lon="-4.6916876"/>
 <node id="4210031661" visible="true" version="1" changeset="39593614" timestamp="2016-05-27T01:19:13Z" user="dpawlyk" uid="1719931" lat="36.8185565" lon="-4.6997495"/>
 <node id="4210031664" visible="true" version="2" changeset="44164933" timestamp="2016-12-04T19:35:16Z" user="Parie" uid="246941" lat="36.8044405" lon="-4.7052518"/>
 <node id="4210031665" visible="true" version="2" changeset="44164933" timestamp="2016-12-04T19:35:16Z" user="Parie" uid="246941" lat="36.8043945" lon="-4.7026699"/>
 <node id="4210031667" visible="true" version="1" changeset="39593614" timestamp="2016-05-27T01:19:14Z" user="dpawlyk" uid="1719931" lat="36.8137740" lon="-4.7041062"/>
 <node id="4210031671" visible="true" version="1" changeset="39593614" timestamp="2016-05-27T01:19:14Z" user="dpawlyk" uid="1719931" lat="36.8069302" lon="-4.6986197"/>
 <node id="4210031676" visible="true" version="1" changeset="39593614" timestamp="2016-05-27T01:19:14Z" user="dpawlyk" uid="1719931" lat="36.8027396" lon="-4.7098359"/>
 <node id="4210031678" visible="true" version="1" changeset="39593614" timestamp="2016-05-27T01:19:14Z" user="dpawlyk" uid="1719931" lat="36.8063727" lon="-4.6988743"/>
 <node id="4210031679" visible="true" version="1" changeset="39593614" timestamp="2016-05-27T01:19:14Z" user="dpawlyk" uid="1719931" lat="36.8043962" lon="-4.7057989"/>
 <node id="4210031680" visible="true" version="1" changeset="39593614" timestamp="2016-05-27T01:19:14Z" user="dpawlyk" uid="1719931" lat="36.8049402" lon="-4.7013476"/>
 <node id="4210031682" visible="true" version="1" changeset="39593614" timestamp="2016-05-27T01:19:14Z" user="dpawlyk" uid="1719931" lat="36.8232624" lon="-4.6918528"/>
 <node id="4210031683" visible="true" version="1" changeset="39593614" timestamp="2016-05-27T01:19:14Z" user="dpawlyk" uid="1719931" lat="36.8180909" lon="-4.6975753"/>
 <node id="4210031687" visible="true" version="1" changeset="39593614" timestamp="2016-05-27T01:19:14Z" user="dpawlyk" uid="1719931" lat="36.8016032" lon="-4.7112578"/>
 <node id="4210040891" visible="true" version="1" changeset="39593614" timestamp="2016-05-27T01:19:14Z" user="dpawlyk" uid="1719931" lat="36.8189588" lon="-4.6938004"/>
 <node id="4210040896" visible="true" version="1" changeset="39593614" timestamp="2016-05-27T01:19:14Z" user="dpawlyk" uid="1719931" lat="36.7955414" lon="-4.7090240"/>
 <node id="4210040899" visible="true" version="1" changeset="39593614" timestamp="2016-05-27T01:19:14Z" user="dpawlyk" uid="1719931" lat="36.8087500" lon="-4.7018725"/>
 <node id="4210040901" visible="true" version="1" changeset="39593614" timestamp="2016-05-27T01:19:14Z" user="dpawlyk" uid="1719931" lat="36.8097348" lon="-4.7035585"/>
 <node id="4210040902" visible="true" version="2" changeset="44164933" timestamp="2016-12-04T19:35:16Z" user="Parie" uid="246941" lat="36.7920307" lon="-4.7116333"/>
 <node id="4210040904" visible="true" version="1" changeset="39593614" timestamp="2016-05-27T01:19:14Z" user="dpawlyk" uid="1719931" lat="36.8184547" lon="-4.6990433"/>
 <node id="4210040905" visible="true" version="1" changeset="39593614" timestamp="2016-05-27T01:19:14Z" user="dpawlyk" uid="1719931" lat="36.8175664" lon="-4.6963721"/>
 <node id="4210040906" visible="true" version="1" changeset="39593614" timestamp="2016-05-27T01:19:14Z" user="dpawlyk" uid="1719931" lat="36.8196326" lon="-4.6933817"/>
 <node id="4210040907" visible="true" version="1" changeset="39593614" timestamp="2016-05-27T01:19:14Z" user="dpawlyk" uid="1719931" lat="36.8177916" lon="-4.7024942"/>
 <node id="4210055497" visible="true" version="1" changeset="39593614" timestamp="2016-05-27T01:25:25Z" user="dpawlyk" uid="1719931" lat="36.8113393" lon="-4.7043457"/>
 <node id="4258060712" visible="true" version="1" changeset="40195700" timestamp="2016-06-22T04:55:41Z" user="Lübeck" uid="55462" lat="36.7305690" lon="-4.7052464"/>
 <node id="4258060721" visible="true" version="1" changeset="40195700" timestamp="2016-06-22T04:55:41Z" user="Lübeck" uid="55462" lat="36.7528439" lon="-4.7036046"/>
 <node id="4258060722" visible="true" version="2" changeset="163772242" timestamp="2025-03-18T12:18:25Z" user="kapazao" uid="7543375" lat="36.7529291" lon="-4.7208050"/>
 <node id="4258060723" visible="true" version="1" changeset="40195700" timestamp="2016-06-22T04:55:41Z" user="Lübeck" uid="55462" lat="36.7530119" lon="-4.7206514"/>
 <node id="4258060724" visible="true" version="1" changeset="40195700" timestamp="2016-06-22T04:55:41Z" user="Lübeck" uid="55462" lat="36.7530487" lon="-4.7022414"/>
 <node id="4258060725" visible="true" version="1" changeset="40195700" timestamp="2016-06-22T04:55:41Z" user="Lübeck" uid="55462" lat="36.7530876" lon="-4.7103372"/>
 <node id="4258060726" visible="true" version="2" changeset="163772242" timestamp="2025-03-18T12:18:25Z" user="kapazao" uid="7543375" lat="36.7532506" lon="-4.7205582"/>
 <node id="4258060727" visible="true" version="1" changeset="40195700" timestamp="2016-06-22T04:55:41Z" user="Lübeck" uid="55462" lat="36.7531793" lon="-4.7022550"/>
 <node id="4258060728" visible="true" version="1" changeset="40195700" timestamp="2016-06-22T04:55:41Z" user="Lübeck" uid="55462" lat="36.7534749" lon="-4.7102251"/>
 <node id="4258060729" visible="true" version="2" changeset="163772242" timestamp="2025-03-18T12:18:25Z" user="kapazao" uid="7543375" lat="36.7534962" lon="-4.7205199"/>
 <node id="4258060730" visible="true" version="1" changeset="40195700" timestamp="2016-06-22T04:55:41Z" user="Lübeck" uid="55462" lat="36.7536636" lon="-4.7108844"/>
 <node id="4258060731" visible="true" version="1" changeset="40195700" timestamp="2016-06-22T04:55:41Z" user="Lübeck" uid="55462" lat="36.7537053" lon="-4.7105833"/>
 <node id="4258060732" visible="true" version="1" changeset="40195700" timestamp="2016-06-22T04:55:42Z" user="Lübeck" uid="55462" lat="36.7537374" lon="-4.7044721"/>
 <node id="4258060733" visible="true" version="1" changeset="40195700" timestamp="2016-06-22T04:55:42Z" user="Lübeck" uid="55462" lat="36.7537815" lon="-4.7113552"/>
 <node id="4258060734" visible="true" version="1" changeset="40195700" timestamp="2016-06-22T04:55:42Z" user="Lübeck" uid="55462" lat="36.7538087" lon="-4.7104248"/>
 <node id="4258060735" visible="true" version="1" changeset="40195700" timestamp="2016-06-22T04:55:42Z" user="Lübeck" uid="55462" lat="36.7538138" lon="-4.7205236"/>
 <node id="4258060736" visible="true" version="1" changeset="40195700" timestamp="2016-06-22T04:55:42Z" user="Lübeck" uid="55462" lat="36.7538263" lon="-4.7087461"/>
 <node id="4258060737" visible="true" version="1" changeset="40195700" timestamp="2016-06-22T04:55:42Z" user="Lübeck" uid="55462" lat="36.7538432" lon="-4.7101645"/>
 <node id="4258060738" visible="true" version="1" changeset="40195700" timestamp="2016-06-22T04:55:42Z" user="Lübeck" uid="55462" lat="36.7538939" lon="-4.7028074"/>
 <node id="4258060739" visible="true" version="1" changeset="40195700" timestamp="2016-06-22T04:55:42Z" user="Lübeck" uid="55462" lat="36.7538939" lon="-4.7097797"/>
 <node id="4258060740" visible="true" version="1" changeset="40195700" timestamp="2016-06-22T04:55:42Z" user="Lübeck" uid="55462" lat="36.7539973" lon="-4.7118283"/>
 <node id="4258060741" visible="true" version="1" changeset="40195700" timestamp="2016-06-22T04:55:42Z" user="Lübeck" uid="55462" lat="36.7540187" lon="-4.7059883"/>
 <node id="4258060742" visible="true" version="1" changeset="40195700" timestamp="2016-06-22T04:55:42Z" user="Lübeck" uid="55462" lat="36.7541388" lon="-4.7085754"/>
 <node id="4258060743" visible="true" version="1" changeset="40195700" timestamp="2016-06-22T04:55:42Z" user="Lübeck" uid="55462" lat="36.7542042" lon="-4.7078594"/>
 <node id="4258060744" visible="true" version="1" changeset="40195700" timestamp="2016-06-22T04:55:42Z" user="Lübeck" uid="55462" lat="36.7542148" lon="-4.7206587"/>
 <node id="4258060745" visible="true" version="1" changeset="40195700" timestamp="2016-06-22T04:55:42Z" user="Lübeck" uid="55462" lat="36.7542313" lon="-4.7030383"/>
 <node id="4258060746" visible="true" version="1" changeset="40195700" timestamp="2016-06-22T04:55:42Z" user="Lübeck" uid="55462" lat="36.7542658" lon="-4.7122811"/>
 <node id="4258060747" visible="true" version="1" changeset="40195700" timestamp="2016-06-22T04:55:42Z" user="Lübeck" uid="55462" lat="36.7546480" lon="-4.7208414"/>
 <node id="4258060748" visible="true" version="1" changeset="40195700" timestamp="2016-06-22T04:55:42Z" user="Lübeck" uid="55462" lat="36.7546612" lon="-4.7129195"/>
 <node id="4258060749" visible="true" version="1" changeset="40195700" timestamp="2016-06-22T04:55:42Z" user="Lübeck" uid="55462" lat="36.7546884" lon="-4.7037355"/>
 <node id="4258060750" visible="true" version="1" changeset="40195700" timestamp="2016-06-22T04:55:42Z" user="Lübeck" uid="55462" lat="36.7548335" lon="-4.7037989"/>
 <node id="4258060751" visible="true" version="1" changeset="40195700" timestamp="2016-06-22T04:55:42Z" user="Lübeck" uid="55462" lat="36.7548645" lon="-4.7208779"/>
 <node id="4258060752" visible="true" version="1" changeset="40195700" timestamp="2016-06-22T04:55:42Z" user="Lübeck" uid="55462" lat="36.7549749" lon="-4.7131436"/>
 <node id="4258060753" visible="true" version="1" changeset="40195700" timestamp="2016-06-22T04:55:42Z" user="Lübeck" uid="55462" lat="36.7550053" lon="-4.7091824"/>
 <node id="4258060755" visible="true" version="1" changeset="40195700" timestamp="2016-06-22T04:55:42Z" user="Lübeck" uid="55462" lat="36.7551037" lon="-4.7037513"/>
 <node id="4258060756" visible="true" version="1" changeset="40195700" timestamp="2016-06-22T04:55:42Z" user="Lübeck" uid="55462" lat="36.7552143" lon="-4.7038215"/>
 <node id="4258060757" visible="true" version="1" changeset="40195700" timestamp="2016-06-22T04:55:42Z" user="Lübeck" uid="55462" lat="36.7553105" lon="-4.7132432"/>
 <node id="4258060759" visible="true" version="1" changeset="40195700" timestamp="2016-06-22T04:55:42Z" user="Lübeck" uid="55462" lat="36.7555172" lon="-4.7132273"/>
 <node id="4258060760" visible="true" version="1" changeset="40195700" timestamp="2016-06-22T04:55:42Z" user="Lübeck" uid="55462" lat="36.7555499" lon="-4.7042720"/>
 <node id="4258060761" visible="true" version="1" changeset="40195700" timestamp="2016-06-22T04:55:42Z" user="Lübeck" uid="55462" lat="36.7556337" lon="-4.7102196"/>
 <node id="4258060762" visible="true" version="1" changeset="40195700" timestamp="2016-06-22T04:55:42Z" user="Lübeck" uid="55462" lat="36.7556401" lon="-4.7208889"/>
 <node id="4258060763" visible="true" version="1" changeset="40195700" timestamp="2016-06-22T04:55:42Z" user="Lübeck" uid="55462" lat="36.7557367" lon="-4.7124260"/>
 <node id="4258060764" visible="true" version="1" changeset="40195700" timestamp="2016-06-22T04:55:42Z" user="Lübeck" uid="55462" lat="36.7557711" lon="-4.7123467"/>
 <node id="4258060765" visible="true" version="1" changeset="40195700" timestamp="2016-06-22T04:55:42Z" user="Lübeck" uid="55462" lat="36.7557766" lon="-4.7126161"/>
 <node id="4258060766" visible="true" version="1" changeset="40195700" timestamp="2016-06-22T04:55:42Z" user="Lübeck" uid="55462" lat="36.7557784" lon="-4.7047497"/>
 <node id="4258060767" visible="true" version="1" changeset="40195700" timestamp="2016-06-22T04:55:42Z" user="Lübeck" uid="55462" lat="36.7558437" lon="-4.7129693"/>
 <node id="4258060768" visible="true" version="1" changeset="40195700" timestamp="2016-06-22T04:55:42Z" user="Lübeck" uid="55462" lat="36.7558491" lon="-4.7123513"/>
 <node id="4258060769" visible="true" version="1" changeset="40195700" timestamp="2016-06-22T04:55:42Z" user="Lübeck" uid="55462" lat="36.7558654" lon="-4.7128764"/>
 <node id="4258060770" visible="true" version="1" changeset="40195700" timestamp="2016-06-22T04:55:42Z" user="Lübeck" uid="55462" lat="36.7560359" lon="-4.7124011"/>
 <node id="4258060771" visible="true" version="1" changeset="40195700" timestamp="2016-06-22T04:55:42Z" user="Lübeck" uid="55462" lat="36.7560903" lon="-4.7052409"/>
 <node id="4258060772" visible="true" version="1" changeset="40195700" timestamp="2016-06-22T04:55:42Z" user="Lübeck" uid="55462" lat="36.7561031" lon="-4.7108951"/>
 <node id="4258060773" visible="true" version="1" changeset="40195700" timestamp="2016-06-22T04:55:42Z" user="Lübeck" uid="55462" lat="36.7562481" lon="-4.7056370"/>
 <node id="4258060774" visible="true" version="1" changeset="40195700" timestamp="2016-06-22T04:55:42Z" user="Lübeck" uid="55462" lat="36.7562955" lon="-4.7109976"/>
 <node id="4258060775" visible="true" version="1" changeset="40195700" timestamp="2016-06-22T04:55:42Z" user="Lübeck" uid="55462" lat="36.7564023" lon="-4.7061554"/>
 <node id="4258060776" visible="true" version="1" changeset="40195700" timestamp="2016-06-22T04:55:42Z" user="Lübeck" uid="55462" lat="36.7564329" lon="-4.7209356"/>
 <node id="4258060777" visible="true" version="1" changeset="40195700" timestamp="2016-06-22T04:55:42Z" user="Lübeck" uid="55462" lat="36.7564621" lon="-4.7065244"/>
 <node id="4258060779" visible="true" version="1" changeset="40195700" timestamp="2016-06-22T04:55:42Z" user="Lübeck" uid="55462" lat="36.7565946" lon="-4.7131449"/>
 <node id="4258060780" visible="true" version="1" changeset="40195700" timestamp="2016-06-22T04:55:42Z" user="Lübeck" uid="55462" lat="36.7566471" lon="-4.7067961"/>
 <node id="4258060781" visible="true" version="1" changeset="40195700" timestamp="2016-06-22T04:55:42Z" user="Lübeck" uid="55462" lat="36.7567269" lon="-4.7075431"/>
 <node id="4258060782" visible="true" version="1" changeset="40195700" timestamp="2016-06-22T04:55:42Z" user="Lübeck" uid="55462" lat="36.7567546" lon="-4.7112537"/>
 <node id="4258060783" visible="true" version="1" changeset="40195700" timestamp="2016-06-22T04:55:42Z" user="Lübeck" uid="55462" lat="36.7567786" lon="-4.7134532"/>
 <node id="4258060784" visible="true" version="1" changeset="40195700" timestamp="2016-06-22T04:55:42Z" user="Lübeck" uid="55462" lat="36.7568699" lon="-4.7209891"/>
 <node id="4258060785" visible="true" version="1" changeset="40195700" timestamp="2016-06-22T04:55:42Z" user="Lübeck" uid="55462" lat="36.7569213" lon="-4.7113957"/>
 <node id="4258060786" visible="true" version="1" changeset="40195700" timestamp="2016-06-22T04:55:42Z" user="Lübeck" uid="55462" lat="36.7569899" lon="-4.7089557"/>
 <node id="4258060787" visible="true" version="1" changeset="40195700" timestamp="2016-06-22T04:55:42Z" user="Lübeck" uid="55462" lat="36.7569943" lon="-4.7114578"/>
 <node id="4258060788" visible="true" version="1" changeset="40195700" timestamp="2016-06-22T04:55:42Z" user="Lübeck" uid="55462" lat="36.7570290" lon="-4.7114874"/>
 <node id="4258060789" visible="true" version="1" changeset="40195700" timestamp="2016-06-22T04:55:42Z" user="Lübeck" uid="55462" lat="36.7570466" lon="-4.7131908"/>
 <node id="4258060790" visible="true" version="1" changeset="40195700" timestamp="2016-06-22T04:55:42Z" user="Lübeck" uid="55462" lat="36.7571731" lon="-4.7112466"/>
 <node id="4258060791" visible="true" version="1" changeset="40195700" timestamp="2016-06-22T04:55:42Z" user="Lübeck" uid="55462" lat="36.7572234" lon="-4.7117587"/>
 <node id="4258060792" visible="true" version="1" changeset="40195700" timestamp="2016-06-22T04:55:42Z" user="Lübeck" uid="55462" lat="36.7572257" lon="-4.7096370"/>
 <node id="4258060794" visible="true" version="1" changeset="40195700" timestamp="2016-06-22T04:55:42Z" user="Lübeck" uid="55462" lat="36.7573944" lon="-4.7108572"/>
 <node id="4258060795" visible="true" version="1" changeset="40195700" timestamp="2016-06-22T04:55:42Z" user="Lübeck" uid="55462" lat="36.7574960" lon="-4.7126463"/>
 <node id="4258060796" visible="true" version="1" changeset="40195700" timestamp="2016-06-22T04:55:42Z" user="Lübeck" uid="55462" lat="36.7575939" lon="-4.7106172"/>
 <node id="4258060797" visible="true" version="1" changeset="40195700" timestamp="2016-06-22T04:55:42Z" user="Lübeck" uid="55462" lat="36.7576011" lon="-4.7104384"/>
 <node id="4258060798" visible="true" version="1" changeset="40195700" timestamp="2016-06-22T04:55:42Z" user="Lübeck" uid="55462" lat="36.7576405" lon="-4.7121412"/>
 <node id="4258060799" visible="true" version="1" changeset="40195700" timestamp="2016-06-22T04:55:42Z" user="Lübeck" uid="55462" lat="36.7578125" lon="-4.7211959"/>
 <node id="4258060800" visible="true" version="1" changeset="40195700" timestamp="2016-06-22T04:55:42Z" user="Lübeck" uid="55462" lat="36.7581867" lon="-4.7214170"/>
 <node id="4258060801" visible="true" version="1" changeset="40195700" timestamp="2016-06-22T04:55:42Z" user="Lübeck" uid="55462" lat="36.7585866" lon="-4.7210961"/>
 <node id="4258060802" visible="true" version="1" changeset="40195700" timestamp="2016-06-22T04:55:42Z" user="Lübeck" uid="55462" lat="36.7588408" lon="-4.7207716"/>
 <node id="4258060803" visible="true" version="1" changeset="40195700" timestamp="2016-06-22T04:55:42Z" user="Lübeck" uid="55462" lat="36.7591465" lon="-4.7205934"/>
 <node id="4258060804" visible="true" version="1" changeset="40195700" timestamp="2016-06-22T04:55:42Z" user="Lübeck" uid="55462" lat="36.7603090" lon="-4.7201228"/>
 <node id="4258060805" visible="true" version="1" changeset="40195700" timestamp="2016-06-22T04:55:43Z" user="Lübeck" uid="55462" lat="36.7607689" lon="-4.7199694"/>
 <node id="4258060806" visible="true" version="1" changeset="40195700" timestamp="2016-06-22T04:55:43Z" user="Lübeck" uid="55462" lat="36.7611230" lon="-4.7194311"/>
 <node id="4258060807" visible="true" version="1" changeset="40195700" timestamp="2016-06-22T04:55:43Z" user="Lübeck" uid="55462" lat="36.7613030" lon="-4.7189284"/>
 <node id="4258060808" visible="true" version="1" changeset="40195700" timestamp="2016-06-22T04:55:43Z" user="Lübeck" uid="55462" lat="36.7614377" lon="-4.7187428">
  <tag k="ford" v="yes"/>
 </node>
 <node id="4258060809" visible="true" version="1" changeset="40195700" timestamp="2016-06-22T04:55:43Z" user="Lübeck" uid="55462" lat="36.7614715" lon="-4.7172063"/>
 <node id="4258060810" visible="true" version="1" changeset="40195700" timestamp="2016-06-22T04:55:43Z" user="Lübeck" uid="55462" lat="36.7614915" lon="-4.7176235"/>
 <node id="4258060811" visible="true" version="1" changeset="40195700" timestamp="2016-06-22T04:55:43Z" user="Lübeck" uid="55462" lat="36.7614944" lon="-4.7167535"/>
 <node id="4258060812" visible="true" version="1" changeset="40195700" timestamp="2016-06-22T04:55:43Z" user="Lübeck" uid="55462" lat="36.7616086" lon="-4.7184863"/>
 <node id="4258060813" visible="true" version="1" changeset="40195700" timestamp="2016-06-22T04:55:43Z" user="Lübeck" uid="55462" lat="36.7616258" lon="-4.7183223"/>
 <node id="4258060814" visible="true" version="1" changeset="40195700" timestamp="2016-06-22T04:55:43Z" user="Lübeck" uid="55462" lat="36.7616543" lon="-4.7190032"/>
 <node id="4258060815" visible="true" version="1" changeset="40195700" timestamp="2016-06-22T04:55:43Z" user="Lübeck" uid="55462" lat="36.7618857" lon="-4.7152989"/>
 <node id="4258354890" visible="true" version="1" changeset="40200909" timestamp="2016-06-22T09:59:51Z" user="Lübeck" uid="55462" lat="36.7796364" lon="-4.7211827"/>
 <node id="4286969798" visible="true" version="1" changeset="40532544" timestamp="2016-07-07T01:30:17Z" user="dcapillae_old" uid="865993" lat="36.7530774" lon="-4.7116056"/>
 <node id="4286969799" visible="true" version="1" changeset="40532544" timestamp="2016-07-07T01:30:17Z" user="dcapillae_old" uid="865993" lat="36.7531117" lon="-4.7113442"/>
 <node id="4286969800" visible="true" version="1" changeset="40532544" timestamp="2016-07-07T01:30:17Z" user="dcapillae_old" uid="865993" lat="36.7531598" lon="-4.7120484"/>
 <node id="4286969801" visible="true" version="1" changeset="40532544" timestamp="2016-07-07T01:30:17Z" user="dcapillae_old" uid="865993" lat="36.7532284" lon="-4.7111285"/>
 <node id="4286969802" visible="true" version="1" changeset="40532544" timestamp="2016-07-07T01:30:17Z" user="dcapillae_old" uid="865993" lat="36.7533097" lon="-4.7121726"/>
 <node id="4286969803" visible="true" version="1" changeset="40532544" timestamp="2016-07-07T01:30:17Z" user="dcapillae_old" uid="865993" lat="36.7533189" lon="-4.7107272"/>
 <node id="4286969804" visible="true" version="1" changeset="40532544" timestamp="2016-07-07T01:30:17Z" user="dcapillae_old" uid="865993" lat="36.7534882" lon="-4.7106058"/>
 <node id="4286969805" visible="true" version="1" changeset="40532544" timestamp="2016-07-07T01:30:17Z" user="dcapillae_old" uid="865993" lat="36.7535317" lon="-4.7121526"/>
 <node id="4286969806" visible="true" version="1" changeset="40532544" timestamp="2016-07-07T01:30:17Z" user="dcapillae_old" uid="865993" lat="36.7535706" lon="-4.7108029"/>
 <node id="4286969807" visible="true" version="1" changeset="40532544" timestamp="2016-07-07T01:30:17Z" user="dcapillae_old" uid="865993" lat="36.7538521" lon="-4.7121098"/>
 <node id="4286969808" visible="true" version="1" changeset="40532544" timestamp="2016-07-07T01:30:18Z" user="dcapillae_old" uid="865993" lat="36.7541108" lon="-4.7123397"/>
 <node id="4286969809" visible="true" version="1" changeset="40532544" timestamp="2016-07-07T01:30:18Z" user="dcapillae_old" uid="865993" lat="36.7541245" lon="-4.7132667"/>
 <node id="4286969810" visible="true" version="1" changeset="40532544" timestamp="2016-07-07T01:30:18Z" user="dcapillae_old" uid="865993" lat="36.7543717" lon="-4.7128825"/>
 <node id="4286969811" visible="true" version="1" changeset="40532544" timestamp="2016-07-07T01:30:18Z" user="dcapillae_old" uid="865993" lat="36.7544083" lon="-4.7127197"/>
 <node id="4309843208" visible="true" version="1" changeset="40834105" timestamp="2016-07-18T19:49:27Z" user="DannyAiquipa" uid="2226712" lat="36.7604194" lon="-4.7077714"/>
 <node id="4309843209" visible="true" version="1" changeset="40834105" timestamp="2016-07-18T19:49:27Z" user="DannyAiquipa" uid="2226712" lat="36.7604978" lon="-4.7077901"/>
 <node id="4309890522" visible="true" version="1" changeset="40836027" timestamp="2016-07-18T20:17:20Z" user="ridixcr" uid="2508151" lat="36.7609826" lon="-4.7064520"/>
 <node id="4346081023" visible="true" version="1" changeset="41391211" timestamp="2016-08-11T15:18:32Z" user="rene78" uid="257555" lat="36.7628010" lon="-4.7013490"/>
 <node id="4346081024" visible="true" version="1" changeset="41391211" timestamp="2016-08-11T15:18:32Z" user="rene78" uid="257555" lat="36.7626880" lon="-4.7012750"/>
 <node id="4346081025" visible="true" version="1" changeset="41391211" timestamp="2016-08-11T15:18:32Z" user="rene78" uid="257555" lat="36.7621160" lon="-4.7014370"/>
 <node id="4346081026" visible="true" version="1" changeset="41391211" timestamp="2016-08-11T15:18:32Z" user="rene78" uid="257555" lat="36.7612330" lon="-4.7013960"/>
 <node id="4346081027" visible="true" version="1" changeset="41391211" timestamp="2016-08-11T15:18:32Z" user="rene78" uid="257555" lat="36.7607870" lon="-4.7013650"/>
 <node id="4346081028" visible="true" version="1" changeset="41391211" timestamp="2016-08-11T15:18:32Z" user="rene78" uid="257555" lat="36.7598720" lon="-4.6997360"/>
 <node id="4346081029" visible="true" version="1" changeset="41391211" timestamp="2016-08-11T15:18:32Z" user="rene78" uid="257555" lat="36.7598150" lon="-4.6995730"/>
 <node id="4346081030" visible="true" version="1" changeset="41391211" timestamp="2016-08-11T15:18:32Z" user="rene78" uid="257555" lat="36.7597600" lon="-4.6994590"/>
 <node id="4346081031" visible="true" version="1" changeset="41391211" timestamp="2016-08-11T15:18:32Z" user="rene78" uid="257555" lat="36.7596280" lon="-4.6993670"/>
 <node id="4346081032" visible="true" version="1" changeset="41391211" timestamp="2016-08-11T15:18:32Z" user="rene78" uid="257555" lat="36.7586270" lon="-4.6996230"/>
 <node id="4346081033" visible="true" version="1" changeset="41391211" timestamp="2016-08-11T15:18:32Z" user="rene78" uid="257555" lat="36.7583600" lon="-4.6994980"/>
 <node id="4346081034" visible="true" version="1" changeset="41391211" timestamp="2016-08-11T15:18:32Z" user="rene78" uid="257555" lat="36.7569020" lon="-4.6974880"/>
 <node id="4346081035" visible="true" version="1" changeset="41391211" timestamp="2016-08-11T15:18:32Z" user="rene78" uid="257555" lat="36.7564940" lon="-4.6970110"/>
 <node id="4346081036" visible="true" version="1" changeset="41391211" timestamp="2016-08-11T15:18:32Z" user="rene78" uid="257555" lat="36.7565030" lon="-4.6969120"/>
 <node id="4346081037" visible="true" version="1" changeset="41391211" timestamp="2016-08-11T15:18:32Z" user="rene78" uid="257555" lat="36.7606182" lon="-4.7038907"/>
 <node id="4346081038" visible="true" version="1" changeset="41391211" timestamp="2016-08-11T15:18:32Z" user="rene78" uid="257555" lat="36.7606370" lon="-4.7035940"/>
 <node id="4346081039" visible="true" version="1" changeset="41391211" timestamp="2016-08-11T15:18:32Z" user="rene78" uid="257555" lat="36.7605520" lon="-4.7032630"/>
 <node id="4346081040" visible="true" version="1" changeset="41391211" timestamp="2016-08-11T15:18:32Z" user="rene78" uid="257555" lat="36.7603120" lon="-4.7023360"/>
 <node id="4346081041" visible="true" version="1" changeset="41391211" timestamp="2016-08-11T15:18:32Z" user="rene78" uid="257555" lat="36.7597520" lon="-4.7016860"/>
 <node id="4346081042" visible="true" version="1" changeset="41391211" timestamp="2016-08-11T15:18:32Z" user="rene78" uid="257555" lat="36.7592820" lon="-4.7002630"/>
 <node id="4346081043" visible="true" version="1" changeset="41391211" timestamp="2016-08-11T15:18:32Z" user="rene78" uid="257555" lat="36.7584300" lon="-4.6997870"/>
 <node id="4346081044" visible="true" version="1" changeset="41391211" timestamp="2016-08-11T15:18:32Z" user="rene78" uid="257555" lat="36.7606420" lon="-4.7037060"/>
 <node id="4346081045" visible="true" version="1" changeset="41391211" timestamp="2016-08-11T15:18:32Z" user="rene78" uid="257555" lat="36.7604660" lon="-4.7027370"/>
 <node id="4346081046" visible="true" version="1" changeset="41391211" timestamp="2016-08-11T15:18:32Z" user="rene78" uid="257555" lat="36.7603930" lon="-4.7024960"/>
 <node id="4346081047" visible="true" version="1" changeset="41391211" timestamp="2016-08-11T15:18:32Z" user="rene78" uid="257555" lat="36.7602250" lon="-4.7022400"/>
 <node id="4346081048" visible="true" version="1" changeset="41391211" timestamp="2016-08-11T15:18:32Z" user="rene78" uid="257555" lat="36.7599720" lon="-4.7020310"/>
 <node id="4346081049" visible="true" version="1" changeset="41391211" timestamp="2016-08-11T15:18:32Z" user="rene78" uid="257555" lat="36.7598860" lon="-4.7019210"/>
 <node id="4346081050" visible="true" version="1" changeset="41391211" timestamp="2016-08-11T15:18:32Z" user="rene78" uid="257555" lat="36.7597060" lon="-4.7015410"/>
 <node id="4346081051" visible="true" version="1" changeset="41391211" timestamp="2016-08-11T15:18:32Z" user="rene78" uid="257555" lat="36.7595810" lon="-4.7009690"/>
 <node id="4346081052" visible="true" version="1" changeset="41391211" timestamp="2016-08-11T15:18:32Z" user="rene78" uid="257555" lat="36.7595050" lon="-4.7007300"/>
 <node id="4346081053" visible="true" version="1" changeset="41391211" timestamp="2016-08-11T15:18:32Z" user="rene78" uid="257555" lat="36.7593500" lon="-4.7003640"/>
 <node id="4346081054" visible="true" version="1" changeset="41391211" timestamp="2016-08-11T15:18:32Z" user="rene78" uid="257555" lat="36.7590800" lon="-4.7001020"/>
 <node id="4346081055" visible="true" version="1" changeset="41391211" timestamp="2016-08-11T15:18:32Z" user="rene78" uid="257555" lat="36.7587750" lon="-4.7000340"/>
 <node id="4346081056" visible="true" version="1" changeset="41391211" timestamp="2016-08-11T15:18:32Z" user="rene78" uid="257555" lat="36.7584960" lon="-4.6998610"/>
 <node id="4346081057" visible="true" version="1" changeset="41391211" timestamp="2016-08-11T15:18:32Z" user="rene78" uid="257555" lat="36.7583680" lon="-4.6996530"/>
 <node id="4346081058" visible="true" version="1" changeset="41391211" timestamp="2016-08-11T15:18:32Z" user="rene78" uid="257555" lat="36.7605997" lon="-4.7039970"/>
 <node id="4346081059" visible="true" version="1" changeset="41391211" timestamp="2016-08-11T15:18:32Z" user="rene78" uid="257555" lat="36.7606939" lon="-4.7040121"/>
 <node id="4346081060" visible="true" version="1" changeset="41391211" timestamp="2016-08-11T15:18:32Z" user="rene78" uid="257555" lat="36.7612760" lon="-4.7035140"/>
 <node id="4346081061" visible="true" version="1" changeset="41391211" timestamp="2016-08-11T15:18:32Z" user="rene78" uid="257555" lat="36.7614230" lon="-4.7031000"/>
 <node id="4346081062" visible="true" version="1" changeset="41391211" timestamp="2016-08-11T15:18:32Z" user="rene78" uid="257555" lat="36.7614350" lon="-4.7029680"/>
 <node id="4346081063" visible="true" version="1" changeset="41391211" timestamp="2016-08-11T15:18:32Z" user="rene78" uid="257555" lat="36.7614100" lon="-4.7024690"/>
 <node id="4346081064" visible="true" version="1" changeset="41391211" timestamp="2016-08-11T15:18:32Z" user="rene78" uid="257555" lat="36.7615580" lon="-4.7019870"/>
 <node id="4346081065" visible="true" version="1" changeset="41391211" timestamp="2016-08-11T15:18:32Z" user="rene78" uid="257555" lat="36.7614080" lon="-4.7027590"/>
 <node id="4346081066" visible="true" version="1" changeset="41391211" timestamp="2016-08-11T15:18:32Z" user="rene78" uid="257555" lat="36.7614310" lon="-4.7023620"/>
 <node id="4346081067" visible="true" version="1" changeset="41391211" timestamp="2016-08-11T15:18:32Z" user="rene78" uid="257555" lat="36.7615390" lon="-4.7020950"/>
 <node id="4346085575" visible="true" version="1" changeset="41391326" timestamp="2016-08-11T15:24:41Z" user="rene78" uid="257555" lat="36.7645829" lon="-4.7000500"/>
 <node id="4346085576" visible="true" version="1" changeset="41391326" timestamp="2016-08-11T15:24:41Z" user="rene78" uid="257555" lat="36.7645546" lon="-4.6996890"/>
 <node id="4346085577" visible="true" version="1" changeset="41391326" timestamp="2016-08-11T15:24:41Z" user="rene78" uid="257555" lat="36.7647474" lon="-4.6999367"/>
 <node id="4346085578" visible="true" version="1" changeset="41391326" timestamp="2016-08-11T15:24:41Z" user="rene78" uid="257555" lat="36.7649061" lon="-4.7005950"/>
 <node id="4346085579" visible="true" version="1" changeset="41391326" timestamp="2016-08-11T15:24:41Z" user="rene78" uid="257555" lat="36.7645829" lon="-4.7007295"/>
 <node id="4346085580" visible="true" version="1" changeset="41391326" timestamp="2016-08-11T15:24:41Z" user="rene78" uid="257555" lat="36.7644015" lon="-4.7006021"/>
 <node id="4346085581" visible="true" version="1" changeset="41391326" timestamp="2016-08-11T15:24:41Z" user="rene78" uid="257555" lat="36.7642314" lon="-4.7007508"/>
 <node id="4346085582" visible="true" version="2" changeset="163342782" timestamp="2025-03-07T20:30:41Z" user="Peri3" uid="14595185" lat="36.7641228" lon="-4.7015143"/>
 <node id="4346085585" visible="true" version="1" changeset="41391326" timestamp="2016-08-11T15:24:41Z" user="rene78" uid="257555" lat="36.7642970" lon="-4.7012750"/>
 <node id="4375933058" visible="true" version="2" changeset="138942555" timestamp="2023-07-24T14:16:11Z" user="Robot8A" uid="393359" lat="36.7638692" lon="-4.7107149"/>
 <node id="4375933060" visible="true" version="2" changeset="138942555" timestamp="2023-07-24T14:16:11Z" user="Robot8A" uid="393359" lat="36.7638377" lon="-4.7106652"/>
 <node id="4375933063" visible="true" version="2" changeset="138942555" timestamp="2023-07-24T14:16:11Z" user="Robot8A" uid="393359" lat="36.7638093" lon="-4.7106468"/>
 <node id="4375933066" visible="true" version="1" changeset="41808554" timestamp="2016-08-30T18:20:48Z" user="dpawlyk" uid="1719931" lat="36.7637533" lon="-4.7106245"/>
 <node id="4375933067" visible="true" version="2" changeset="138942555" timestamp="2023-07-24T14:16:11Z" user="Robot8A" uid="393359" lat="36.7637147" lon="-4.7106158"/>
 <node id="4375933068" visible="true" version="1" changeset="41808554" timestamp="2016-08-30T18:20:48Z" user="dpawlyk" uid="1719931" lat="36.7582234" lon="-4.7085878"/>
 <node id="4375933069" visible="true" version="1" changeset="41808554" timestamp="2016-08-30T18:20:48Z" user="dpawlyk" uid="1719931" lat="36.7577383" lon="-4.7076977"/>
 <node id="4375933072" visible="true" version="1" changeset="41808554" timestamp="2016-08-30T18:20:48Z" user="dpawlyk" uid="1719931" lat="36.7569718" lon="-4.7056124"/>
 <node id="4379627628" visible="true" version="1" changeset="41854934" timestamp="2016-09-01T18:55:40Z" user="dpawlyk" uid="1719931" lat="36.7247667" lon="-4.6882110"/>
 <node id="4379627679" visible="true" version="1" changeset="41854934" timestamp="2016-09-01T18:57:50Z" user="dpawlyk" uid="1719931" lat="36.7518304" lon="-4.7122818"/>
 <node id="4379627680" visible="true" version="2" changeset="44164933" timestamp="2016-12-04T19:35:16Z" user="Parie" uid="246941" lat="36.7649985" lon="-4.7220781"/>
 <node id="4379629340" visible="true" version="1" changeset="41854934" timestamp="2016-09-01T18:58:14Z" user="dpawlyk" uid="1719931" lat="36.7531135" lon="-4.7182571"/>
 <node id="4488027399" visible="true" version="1" changeset="43479469" timestamp="2016-11-08T06:02:14Z" user="andi9876" uid="1256497" lat="36.8157683" lon="-4.7032705"/>
 <node id="4538374919" visible="true" version="1" changeset="44164933" timestamp="2016-12-04T19:35:08Z" user="Parie" uid="246941" lat="36.7277658" lon="-4.6512365"/>
 <node id="4538374929" visible="true" version="1" changeset="44164933" timestamp="2016-12-04T19:35:08Z" user="Parie" uid="246941" lat="36.7311972" lon="-4.6594078"/>
 <node id="4538374930" visible="true" version="1" changeset="44164933" timestamp="2016-12-04T19:35:08Z" user="Parie" uid="246941" lat="36.7303824" lon="-4.6682162"/>
 <node id="4538374931" visible="true" version="1" changeset="44164933" timestamp="2016-12-04T19:35:08Z" user="Parie" uid="246941" lat="36.7312165" lon="-4.6707375"/>
 <node id="4538374932" visible="true" version="1" changeset="44164933" timestamp="2016-12-04T19:35:08Z" user="Parie" uid="246941" lat="36.7309155" lon="-4.6718640"/>
 <node id="4538374933" visible="true" version="1" changeset="44164933" timestamp="2016-12-04T19:35:08Z" user="Parie" uid="246941" lat="36.7281983" lon="-4.6775503"/>
 <node id="4538374934" visible="true" version="1" changeset="44164933" timestamp="2016-12-04T19:35:08Z" user="Parie" uid="246941" lat="36.7253004" lon="-4.6801681"/>
 <node id="4538374935" visible="true" version="1" changeset="44164933" timestamp="2016-12-04T19:35:08Z" user="Parie" uid="246941" lat="36.7239331" lon="-4.6830649"/>
 <node id="4538374936" visible="true" version="1" changeset="44164933" timestamp="2016-12-04T19:35:08Z" user="Parie" uid="246941" lat="36.7238385" lon="-4.6861334"/>
 <node id="4538374949" visible="true" version="1" changeset="44164933" timestamp="2016-12-04T19:35:08Z" user="Parie" uid="246941" lat="36.7331340" lon="-4.7039593"/>
 <node id="4538374950" visible="true" version="1" changeset="44164933" timestamp="2016-12-04T19:35:08Z" user="Parie" uid="246941" lat="36.7346387" lon="-4.7040130"/>
 <node id="4538374951" visible="true" version="1" changeset="44164933" timestamp="2016-12-04T19:35:08Z" user="Parie" uid="246941" lat="36.7352320" lon="-4.7036267"/>
 <node id="4538374952" visible="true" version="1" changeset="44164933" timestamp="2016-12-04T19:35:08Z" user="Parie" uid="246941" lat="36.7383659" lon="-4.7012610"/>
 <node id="4538374953" visible="true" version="1" changeset="44164933" timestamp="2016-12-04T19:35:08Z" user="Parie" uid="246941" lat="36.7395137" lon="-4.7017385"/>
 <node id="4538374954" visible="true" version="1" changeset="44164933" timestamp="2016-12-04T19:35:08Z" user="Parie" uid="246941" lat="36.7514765" lon="-4.7023232"/>
 <node id="4538374955" visible="true" version="1" changeset="44164933" timestamp="2016-12-04T19:35:08Z" user="Parie" uid="246941" lat="36.7590624" lon="-4.7139371"/>
 <node id="4538374956" visible="true" version="1" changeset="44164933" timestamp="2016-12-04T19:35:08Z" user="Parie" uid="246941" lat="36.7594793" lon="-4.7152031"/>
 <node id="4538374957" visible="true" version="1" changeset="44164933" timestamp="2016-12-04T19:35:08Z" user="Parie" uid="246941" lat="36.7602486" lon="-4.7172202"/>
 <node id="4538374958" visible="true" version="1" changeset="44164933" timestamp="2016-12-04T19:35:08Z" user="Parie" uid="246941" lat="36.7608245" lon="-4.7180677"/>
 <node id="4538374960" visible="true" version="1" changeset="44164933" timestamp="2016-12-04T19:35:08Z" user="Parie" uid="246941" lat="36.7641121" lon="-4.7221823"/>
 <node id="4538374961" visible="true" version="1" changeset="44164933" timestamp="2016-12-04T19:35:08Z" user="Parie" uid="246941" lat="36.7655861" lon="-4.7215224"/>
 <node id="4538374962" visible="true" version="1" changeset="44164933" timestamp="2016-12-04T19:35:08Z" user="Parie" uid="246941" lat="36.7695149" lon="-4.7184089"/>
 <node id="4538374963" visible="true" version="1" changeset="44164933" timestamp="2016-12-04T19:35:08Z" user="Parie" uid="246941" lat="36.7703786" lon="-4.7178430"/>
 <node id="4538374964" visible="true" version="1" changeset="44164933" timestamp="2016-12-04T19:35:08Z" user="Parie" uid="246941" lat="36.7733651" lon="-4.7152761"/>
 <node id="4538374965" visible="true" version="1" changeset="44164933" timestamp="2016-12-04T19:35:08Z" user="Parie" uid="246941" lat="36.7731825" lon="-4.7137231"/>
 <node id="4538374966" visible="true" version="1" changeset="44164933" timestamp="2016-12-04T19:35:08Z" user="Parie" uid="246941" lat="36.7733522" lon="-4.7132430"/>
 <node id="4538374967" visible="true" version="1" changeset="44164933" timestamp="2016-12-04T19:35:08Z" user="Parie" uid="246941" lat="36.7736186" lon="-4.7126743"/>
 <node id="4538374968" visible="true" version="1" changeset="44164933" timestamp="2016-12-04T19:35:08Z" user="Parie" uid="246941" lat="36.7738163" lon="-4.7115156"/>
 <node id="4538374969" visible="true" version="1" changeset="44164933" timestamp="2016-12-04T19:35:08Z" user="Parie" uid="246941" lat="36.7740784" lon="-4.7109470"/>
 <node id="4538374970" visible="true" version="1" changeset="44164933" timestamp="2016-12-04T19:35:08Z" user="Parie" uid="246941" lat="36.7747379" lon="-4.7105929"/>
 <node id="4538374971" visible="true" version="1" changeset="44164933" timestamp="2016-12-04T19:35:08Z" user="Parie" uid="246941" lat="36.7752128" lon="-4.7106117"/>
 <node id="4538374972" visible="true" version="1" changeset="44164933" timestamp="2016-12-04T19:35:08Z" user="Parie" uid="246941" lat="36.7761441" lon="-4.7104347"/>
 <node id="4538374973" visible="true" version="1" changeset="44164933" timestamp="2016-12-04T19:35:08Z" user="Parie" uid="246941" lat="36.7765652" lon="-4.7106010"/>
 <node id="4538374974" visible="true" version="1" changeset="44164933" timestamp="2016-12-04T19:35:08Z" user="Parie" uid="246941" lat="36.7773515" lon="-4.7115237"/>
 <node id="4538374975" visible="true" version="1" changeset="44164933" timestamp="2016-12-04T19:35:08Z" user="Parie" uid="246941" lat="36.7763632" lon="-4.7145224"/>
 <node id="4538374976" visible="true" version="1" changeset="44164933" timestamp="2016-12-04T19:35:08Z" user="Parie" uid="246941" lat="36.7757960" lon="-4.7152198"/>
 <node id="4538374977" visible="true" version="1" changeset="44164933" timestamp="2016-12-04T19:35:08Z" user="Parie" uid="246941" lat="36.7766962" lon="-4.7182614"/>
 <node id="4538374978" visible="true" version="1" changeset="44164933" timestamp="2016-12-04T19:35:08Z" user="Parie" uid="246941" lat="36.7784536" lon="-4.7204501"/>
 <node id="4538374979" visible="true" version="1" changeset="44164933" timestamp="2016-12-04T19:35:08Z" user="Parie" uid="246941" lat="36.7810229" lon="-4.7202945"/>
 <node id="4538374980" visible="true" version="1" changeset="44164933" timestamp="2016-12-04T19:35:08Z" user="Parie" uid="246941" lat="36.7815321" lon="-4.7198492"/>
 <node id="4538374981" visible="true" version="1" changeset="44164933" timestamp="2016-12-04T19:35:08Z" user="Parie" uid="246941" lat="36.7821357" lon="-4.7149542"/>
 <node id="4538374982" visible="true" version="1" changeset="44164933" timestamp="2016-12-04T19:35:08Z" user="Parie" uid="246941" lat="36.7828618" lon="-4.7136560"/>
 <node id="4538374983" visible="true" version="1" changeset="44164933" timestamp="2016-12-04T19:35:08Z" user="Parie" uid="246941" lat="36.7832872" lon="-4.7133395"/>
 <node id="4538374984" visible="true" version="1" changeset="44164933" timestamp="2016-12-04T19:35:08Z" user="Parie" uid="246941" lat="36.7846212" lon="-4.7131169"/>
 <node id="4538374985" visible="true" version="1" changeset="44164933" timestamp="2016-12-04T19:35:09Z" user="Parie" uid="246941" lat="36.7870443" lon="-4.7147611"/>
 <node id="4538374986" visible="true" version="1" changeset="44164933" timestamp="2016-12-04T19:35:09Z" user="Parie" uid="246941" lat="36.7880539" lon="-4.7151339"/>
 <node id="4538374987" visible="true" version="1" changeset="44164933" timestamp="2016-12-04T19:35:09Z" user="Parie" uid="246941" lat="36.7891880" lon="-4.7143990"/>
 <node id="4538374988" visible="true" version="1" changeset="44164933" timestamp="2016-12-04T19:35:09Z" user="Parie" uid="246941" lat="36.7917678" lon="-4.7127441"/>
 <node id="4538375089" visible="true" version="1" changeset="44164933" timestamp="2016-12-04T19:35:09Z" user="Parie" uid="246941" lat="36.7923430" lon="-4.7108587"/>
 <node id="4538375090" visible="true" version="1" changeset="44164933" timestamp="2016-12-04T19:35:09Z" user="Parie" uid="246941" lat="36.8042890" lon="-4.7046413"/>
 <node id="4538375091" visible="true" version="1" changeset="44164933" timestamp="2016-12-04T19:35:09Z" user="Parie" uid="246941" lat="36.8170438" lon="-4.7025599"/>
 <node id="4538375093" visible="true" version="1" changeset="44164933" timestamp="2016-12-04T19:35:09Z" user="Parie" uid="246941" lat="36.8201923" lon="-4.6926902"/>
 <node id="4538375094" visible="true" version="1" changeset="44164933" timestamp="2016-12-04T19:35:09Z" user="Parie" uid="246941" lat="36.8274408" lon="-4.6964185"/>
 <node id="4539665076" visible="true" version="1" changeset="44182976" timestamp="2016-12-05T13:10:17Z" user="Parie" uid="246941" lat="36.7300156" lon="-4.6732601"/>
 <node id="4539676287" visible="true" version="1" changeset="44183155" timestamp="2016-12-05T13:16:19Z" user="Parie" uid="246941" lat="36.7295060" lon="-4.6758796"/>
 <node id="4539676288" visible="true" version="1" changeset="44183155" timestamp="2016-12-05T13:16:19Z" user="Parie" uid="246941" lat="36.7296425" lon="-4.6754049"/>
 <node id="4539676289" visible="true" version="1" changeset="44183155" timestamp="2016-12-05T13:16:19Z" user="Parie" uid="246941" lat="36.7294920" lon="-4.6744339"/>
 <node id="4539676292" visible="true" version="3" changeset="54943667" timestamp="2017-12-27T00:39:51Z" user="Mateusz Konieczny" uid="1722488" lat="36.7296568" lon="-4.6746898">
  <tag k="ford" v="yes"/>
  <tag k="seasonal" v="wet_season"/>
 </node>
 <node id="4539696111" visible="true" version="1" changeset="44183598" timestamp="2016-12-05T13:33:02Z" user="Parie" uid="246941" lat="36.7580344" lon="-4.7065500"/>
 <node id="4539696112" visible="true" version="1" changeset="44183598" timestamp="2016-12-05T13:33:02Z" user="Parie" uid="246941" lat="36.7580516" lon="-4.7064373"/>
 <node id="4539696113" visible="true" version="1" changeset="44183598" timestamp="2016-12-05T13:33:02Z" user="Parie" uid="246941" lat="36.7580043" lon="-4.7062791"/>
 <node id="4539696114" visible="true" version="1" changeset="44183598" timestamp="2016-12-05T13:33:02Z" user="Parie" uid="246941" lat="36.7579635" lon="-4.7056139"/>
 <node id="4539696115" visible="true" version="1" changeset="44183598" timestamp="2016-12-05T13:33:02Z" user="Parie" uid="246941" lat="36.7579140" lon="-4.7054127"/>
 <node id="4539696116" visible="true" version="1" changeset="44183598" timestamp="2016-12-05T13:33:02Z" user="Parie" uid="246941" lat="36.7587472" lon="-4.7067209"/>
 <node id="4539696117" visible="true" version="2" changeset="92640614" timestamp="2020-10-17T19:57:38Z" user="Begavil84" uid="1725439" lat="36.7584364" lon="-4.7071169"/>
 <node id="4539696118" visible="true" version="1" changeset="44183598" timestamp="2016-12-05T13:33:02Z" user="Parie" uid="246941" lat="36.7611636" lon="-4.7107996"/>
 <node id="4539696119" visible="true" version="1" changeset="44183598" timestamp="2016-12-05T13:33:02Z" user="Parie" uid="246941" lat="36.7611091" lon="-4.7108080"/>
 <node id="4539696120" visible="true" version="1" changeset="44183598" timestamp="2016-12-05T13:33:02Z" user="Parie" uid="246941" lat="36.7610769" lon="-4.7108630"/>
 <node id="4539696121" visible="true" version="1" changeset="44183598" timestamp="2016-12-05T13:33:02Z" user="Parie" uid="246941" lat="36.7610543" lon="-4.7109837"/>
 <node id="4539696122" visible="true" version="2" changeset="92640614" timestamp="2020-10-17T19:57:38Z" user="Begavil84" uid="1725439" lat="36.7616809" lon="-4.7115009"/>
 <node id="4539696123" visible="true" version="1" changeset="44183598" timestamp="2016-12-05T13:33:02Z" user="Parie" uid="246941" lat="36.7616786" lon="-4.7115362"/>
 <node id="4539696124" visible="true" version="1" changeset="44183598" timestamp="2016-12-05T13:33:02Z" user="Parie" uid="246941" lat="36.7616571" lon="-4.7115912"/>
 <node id="4539696125" visible="true" version="1" changeset="44183598" timestamp="2016-12-05T13:33:02Z" user="Parie" uid="246941" lat="36.7616152" lon="-4.7116650"/>
 <node id="4539696126" visible="true" version="1" changeset="44183598" timestamp="2016-12-05T13:33:02Z" user="Parie" uid="246941" lat="36.7614519" lon="-4.7117146"/>
 <node id="4539696127" visible="true" version="1" changeset="44183598" timestamp="2016-12-05T13:33:02Z" user="Parie" uid="246941" lat="36.7613283" lon="-4.7117159"/>
 <node id="4539696128" visible="true" version="1" changeset="44183598" timestamp="2016-12-05T13:33:02Z" user="Parie" uid="246941" lat="36.7612472" lon="-4.7116837"/>
 <node id="4539696129" visible="true" version="1" changeset="44183598" timestamp="2016-12-05T13:33:02Z" user="Parie" uid="246941" lat="36.7604994" lon="-4.7113565"/>
 <node id="4539696130" visible="true" version="1" changeset="44183598" timestamp="2016-12-05T13:33:02Z" user="Parie" uid="246941" lat="36.7605295" lon="-4.7113056"/>
 <node id="4539696131" visible="true" version="1" changeset="44183598" timestamp="2016-12-05T13:33:02Z" user="Parie" uid="246941" lat="36.7603791" lon="-4.7105089"/>
 <node id="4539696132" visible="true" version="1" changeset="44183598" timestamp="2016-12-05T13:33:02Z" user="Parie" uid="246941" lat="36.7601878" lon="-4.7104660"/>
 <node id="4539696133" visible="true" version="1" changeset="44183598" timestamp="2016-12-05T13:33:02Z" user="Parie" uid="246941" lat="36.7609046" lon="-4.7097238"/>
 <node id="4539696134" visible="true" version="1" changeset="44183598" timestamp="2016-12-05T13:33:02Z" user="Parie" uid="246941" lat="36.7609227" lon="-4.7100020"/>
 <node id="4539696135" visible="true" version="1" changeset="44183598" timestamp="2016-12-05T13:33:02Z" user="Parie" uid="246941" lat="36.7608625" lon="-4.7101790"/>
 <node id="4539696136" visible="true" version="1" changeset="44183598" timestamp="2016-12-05T13:33:02Z" user="Parie" uid="246941" lat="36.7608217" lon="-4.7103936"/>
 <node id="4539696137" visible="true" version="1" changeset="44183598" timestamp="2016-12-05T13:33:02Z" user="Parie" uid="246941" lat="36.7608454" lon="-4.7105170"/>
 <node id="4539696138" visible="true" version="1" changeset="44183598" timestamp="2016-12-05T13:33:02Z" user="Parie" uid="246941" lat="36.7608582" lon="-4.7108844"/>
 <node id="4539696139" visible="true" version="1" changeset="44183598" timestamp="2016-12-05T13:33:02Z" user="Parie" uid="246941" lat="36.7608690" lon="-4.7110668"/>
 <node id="4539696140" visible="true" version="1" changeset="44183598" timestamp="2016-12-05T13:33:02Z" user="Parie" uid="246941" lat="36.7610559" lon="-4.7114558"/>
 <node id="4539696141" visible="true" version="1" changeset="44183598" timestamp="2016-12-05T13:33:02Z" user="Parie" uid="246941" lat="36.7610774" lon="-4.7115309"/>
 <node id="4539696142" visible="true" version="1" changeset="44183598" timestamp="2016-12-05T13:33:02Z" user="Parie" uid="246941" lat="36.7610731" lon="-4.7116194"/>
 <node id="4539696143" visible="true" version="1" changeset="44183598" timestamp="2016-12-05T13:33:02Z" user="Parie" uid="246941" lat="36.7610194" lon="-4.7116462"/>
 <node id="4539696144" visible="true" version="1" changeset="44183598" timestamp="2016-12-05T13:33:02Z" user="Parie" uid="246941" lat="36.7606176" lon="-4.7115443"/>
 <node id="4539696145" visible="true" version="1" changeset="44183598" timestamp="2016-12-05T13:33:02Z" user="Parie" uid="246941" lat="36.7603447" lon="-4.7114799"/>
 <node id="4539696146" visible="true" version="1" changeset="44183598" timestamp="2016-12-05T13:33:02Z" user="Parie" uid="246941" lat="36.7601835" lon="-4.7115389"/>
 <node id="4539696147" visible="true" version="1" changeset="44183598" timestamp="2016-12-05T13:33:02Z" user="Parie" uid="246941" lat="36.7597860" lon="-4.7115067"/>
 <node id="4539696148" visible="true" version="1" changeset="44183598" timestamp="2016-12-05T13:33:02Z" user="Parie" uid="246941" lat="36.7593562" lon="-4.7113163"/>
 <node id="4539696149" visible="true" version="1" changeset="44183598" timestamp="2016-12-05T13:33:02Z" user="Parie" uid="246941" lat="36.7592681" lon="-4.7112251"/>
 <node id="4539696150" visible="true" version="1" changeset="44183598" timestamp="2016-12-05T13:33:02Z" user="Parie" uid="246941" lat="36.7591048" lon="-4.7108013"/>
 <node id="4539696151" visible="true" version="1" changeset="44183598" timestamp="2016-12-05T13:33:02Z" user="Parie" uid="246941" lat="36.7590274" lon="-4.7106538"/>
 <node id="4539696152" visible="true" version="1" changeset="44183598" timestamp="2016-12-05T13:33:02Z" user="Parie" uid="246941" lat="36.7588920" lon="-4.7101549"/>
 <node id="4539696153" visible="true" version="1" changeset="44183598" timestamp="2016-12-05T13:33:02Z" user="Parie" uid="246941" lat="36.7586170" lon="-4.7091705"/>
 <node id="4539696154" visible="true" version="1" changeset="44183598" timestamp="2016-12-05T13:33:02Z" user="Parie" uid="246941" lat="36.7585869" lon="-4.7089747"/>
 <node id="4539696155" visible="true" version="1" changeset="44183598" timestamp="2016-12-05T13:33:02Z" user="Parie" uid="246941" lat="36.7587868" lon="-4.7084919"/>
 <node id="4539696156" visible="true" version="1" changeset="44183598" timestamp="2016-12-05T13:33:02Z" user="Parie" uid="246941" lat="36.7588663" lon="-4.7081781"/>
 <node id="4539696157" visible="true" version="1" changeset="44183598" timestamp="2016-12-05T13:33:02Z" user="Parie" uid="246941" lat="36.7588534" lon="-4.7080520"/>
 <node id="4539696158" visible="true" version="2" changeset="92640614" timestamp="2020-10-17T19:57:38Z" user="Begavil84" uid="1725439" lat="36.7585265" lon="-4.7071855"/>
 <node id="4539696159" visible="true" version="1" changeset="44183598" timestamp="2016-12-05T13:33:02Z" user="Parie" uid="246941" lat="36.7583140" lon="-4.7070945"/>
 <node id="4539696160" visible="true" version="1" changeset="44183598" timestamp="2016-12-05T13:33:03Z" user="Parie" uid="246941" lat="36.7580884" lon="-4.7067029"/>
 <node id="4539696161" visible="true" version="1" changeset="44183598" timestamp="2016-12-05T13:33:03Z" user="Parie" uid="246941" lat="36.7600664" lon="-4.7114209"/>
 <node id="4539696162" visible="true" version="1" changeset="44183598" timestamp="2016-12-05T13:33:03Z" user="Parie" uid="246941" lat="36.7600836" lon="-4.7111486"/>
 <node id="4539696163" visible="true" version="1" changeset="44183598" timestamp="2016-12-05T13:33:03Z" user="Parie" uid="246941" lat="36.7597097" lon="-4.7114128"/>
 <node id="4539696164" visible="true" version="1" changeset="44183598" timestamp="2016-12-05T13:33:03Z" user="Parie" uid="246941" lat="36.7597720" lon="-4.7111205"/>
 <node id="4539696165" visible="true" version="1" changeset="44183598" timestamp="2016-12-05T13:33:03Z" user="Parie" uid="246941" lat="36.7594024" lon="-4.7109877"/>
 <node id="4539696166" visible="true" version="1" changeset="44183598" timestamp="2016-12-05T13:33:03Z" user="Parie" uid="246941" lat="36.7593422" lon="-4.7112439"/>
 <node id="4539696167" visible="true" version="1" changeset="44183598" timestamp="2016-12-05T13:33:03Z" user="Parie" uid="246941" lat="36.7592042" lon="-4.7103668"/>
 <node id="4539696168" visible="true" version="1" changeset="44183598" timestamp="2016-12-05T13:33:03Z" user="Parie" uid="246941" lat="36.7594282" lon="-4.7106565"/>
 <node id="4539696169" visible="true" version="1" changeset="44183598" timestamp="2016-12-05T13:33:03Z" user="Parie" uid="246941" lat="36.7594819" lon="-4.7106705"/>
 <node id="4539696170" visible="true" version="1" changeset="44183598" timestamp="2016-12-05T13:33:03Z" user="Parie" uid="246941" lat="36.7597038" lon="-4.7107430"/>
 <node id="4539696171" visible="true" version="1" changeset="44183598" timestamp="2016-12-05T13:33:03Z" user="Parie" uid="246941" lat="36.7597194" lon="-4.7106813"/>
 <node id="4539696172" visible="true" version="1" changeset="44183598" timestamp="2016-12-05T13:33:03Z" user="Parie" uid="246941" lat="36.7598649" lon="-4.7107322"/>
 <node id="4539696173" visible="true" version="1" changeset="44183598" timestamp="2016-12-05T13:33:03Z" user="Parie" uid="246941" lat="36.7598856" lon="-4.7106544"/>
 <node id="4539696174" visible="true" version="1" changeset="44183598" timestamp="2016-12-05T13:33:03Z" user="Parie" uid="246941" lat="36.7599880" lon="-4.7106876"/>
 <node id="4539696175" visible="true" version="1" changeset="44183598" timestamp="2016-12-05T13:33:03Z" user="Parie" uid="246941" lat="36.7599647" lon="-4.7108067"/>
 <node id="4539696176" visible="true" version="1" changeset="44183598" timestamp="2016-12-05T13:33:03Z" user="Parie" uid="246941" lat="36.7600356" lon="-4.7108388"/>
 <node id="4539696177" visible="true" version="1" changeset="44183598" timestamp="2016-12-05T13:33:03Z" user="Parie" uid="246941" lat="36.7599894" lon="-4.7110065"/>
 <node id="4539696178" visible="true" version="1" changeset="44183598" timestamp="2016-12-05T13:33:03Z" user="Parie" uid="246941" lat="36.7597434" lon="-4.7109166"/>
 <node id="4539696179" visible="true" version="1" changeset="44183598" timestamp="2016-12-05T13:33:03Z" user="Parie" uid="246941" lat="36.7597337" lon="-4.7109555"/>
 <node id="4539696180" visible="true" version="1" changeset="44183598" timestamp="2016-12-05T13:33:03Z" user="Parie" uid="246941" lat="36.7594361" lon="-4.7108482"/>
 <node id="4539696181" visible="true" version="1" changeset="44183598" timestamp="2016-12-05T13:33:03Z" user="Parie" uid="246941" lat="36.7594307" lon="-4.7108804"/>
 <node id="4539696182" visible="true" version="1" changeset="44183598" timestamp="2016-12-05T13:33:03Z" user="Parie" uid="246941" lat="36.7591406" lon="-4.7105049"/>
 <node id="4539696183" visible="true" version="1" changeset="44183598" timestamp="2016-12-05T13:33:03Z" user="Parie" uid="246941" lat="36.7591138" lon="-4.7105371"/>
 <node id="4539696184" visible="true" version="1" changeset="44183598" timestamp="2016-12-05T13:33:03Z" user="Parie" uid="246941" lat="36.7589806" lon="-4.7100919"/>
 <node id="4539696185" visible="true" version="1" changeset="44183598" timestamp="2016-12-05T13:33:03Z" user="Parie" uid="246941" lat="36.7590289" lon="-4.7100811"/>
 <node id="4539696186" visible="true" version="1" changeset="44183598" timestamp="2016-12-05T13:33:03Z" user="Parie" uid="246941" lat="36.7590085" lon="-4.7100194"/>
 <node id="4539696187" visible="true" version="1" changeset="44183598" timestamp="2016-12-05T13:33:03Z" user="Parie" uid="246941" lat="36.7590859" lon="-4.7099926"/>
 <node id="4539723243" visible="true" version="1" changeset="44184115" timestamp="2016-12-05T13:56:18Z" user="Parie" uid="246941" lat="36.7634347" lon="-4.7147910"/>
 <node id="4539723244" visible="true" version="1" changeset="44184115" timestamp="2016-12-05T13:56:18Z" user="Parie" uid="246941" lat="36.7622400" lon="-4.7141526"/>
 <node id="4539723245" visible="true" version="1" changeset="44184115" timestamp="2016-12-05T13:56:18Z" user="Parie" uid="246941" lat="36.7637183" lon="-4.7136054"/>
 <node id="4539723246" visible="true" version="1" changeset="44184115" timestamp="2016-12-05T13:56:18Z" user="Parie" uid="246941" lat="36.7647110" lon="-4.7127579"/>
 <node id="4539723247" visible="true" version="2" changeset="118836764" timestamp="2022-03-23T20:05:50Z" user="bkr" uid="40560" lat="36.7645162" lon="-4.7122984"/>
 <node id="4539723248" visible="true" version="1" changeset="44184115" timestamp="2016-12-05T13:56:18Z" user="Parie" uid="246941" lat="36.7627750" lon="-4.7128303"/>
 <node id="4815068888" visible="true" version="1" changeset="48114802" timestamp="2017-04-25T08:14:23Z" user="Samuel_MTB" uid="5728880" lat="36.7596863" lon="-4.7070304"/>
 <node id="4815068889" visible="true" version="1" changeset="48114802" timestamp="2017-04-25T08:14:23Z" user="Samuel_MTB" uid="5728880" lat="36.7601151" lon="-4.7058214"/>
 <node id="4815068890" visible="true" version="1" changeset="48114802" timestamp="2017-04-25T08:14:23Z" user="Samuel_MTB" uid="5728880" lat="36.7599789" lon="-4.7062080"/>
 <node id="4815068891" visible="true" version="1" changeset="48114802" timestamp="2017-04-25T08:14:23Z" user="Samuel_MTB" uid="5728880" lat="36.7592627" lon="-4.7050266"/>
 <node id="4815068892" visible="true" version="1" changeset="48114802" timestamp="2017-04-25T08:14:23Z" user="Samuel_MTB" uid="5728880" lat="36.7585850" lon="-4.7051973"/>
 <node id="4815068893" visible="true" version="1" changeset="48114802" timestamp="2017-04-25T08:14:23Z" user="Samuel_MTB" uid="5728880" lat="36.7595497" lon="-4.7074106"/>
 <node id="4815068894" visible="true" version="1" changeset="48114802" timestamp="2017-04-25T08:14:23Z" user="Samuel_MTB" uid="5728880" lat="36.7584201" lon="-4.7055260"/>
 <node id="4815068895" visible="true" version="1" changeset="48114802" timestamp="2017-04-25T08:14:23Z" user="Samuel_MTB" uid="5728880" lat="36.7592153" lon="-4.7074806"/>
 <node id="4815068896" visible="true" version="2" changeset="92640614" timestamp="2020-10-17T19:57:38Z" user="Begavil84" uid="1725439" lat="36.7587413" lon="-4.7080581"/>
 <node id="4815068897" visible="true" version="1" changeset="48114802" timestamp="2017-04-25T08:14:23Z" user="Samuel_MTB" uid="5728880" lat="36.7583061" lon="-4.7054181"/>
 <node id="4817471539" visible="true" version="1" changeset="48152022" timestamp="2017-04-26T06:56:38Z" user="Samuel_MTB" uid="5728880" lat="36.7587037" lon="-4.7094808"/>
 <node id="4817471540" visible="true" version="1" changeset="48152022" timestamp="2017-04-26T06:56:38Z" user="Samuel_MTB" uid="5728880" lat="36.7585982" lon="-4.7098279"/>
 <node id="4817471541" visible="true" version="1" changeset="48152022" timestamp="2017-04-26T06:56:38Z" user="Samuel_MTB" uid="5728880" lat="36.7590887" lon="-4.7072751"/>
 <node id="4817471542" visible="true" version="2" changeset="92640614" timestamp="2020-10-17T19:57:38Z" user="Begavil84" uid="1725439" lat="36.7586715" lon="-4.7075930"/>
 <node id="4817471543" visible="true" version="1" changeset="48152022" timestamp="2017-04-26T06:56:38Z" user="Samuel_MTB" uid="5728880" lat="36.7591309" lon="-4.7080869"/>
 <node id="4817471544" visible="true" version="1" changeset="48152022" timestamp="2017-04-26T06:56:38Z" user="Samuel_MTB" uid="5728880" lat="36.7590484" lon="-4.7080555"/>
 <node id="4817471545" visible="true" version="1" changeset="48152022" timestamp="2017-04-26T06:56:38Z" user="Samuel_MTB" uid="5728880" lat="36.7588008" lon="-4.7075448"/>
 <node id="4817471546" visible="true" version="1" changeset="48152022" timestamp="2017-04-26T06:56:38Z" user="Samuel_MTB" uid="5728880" lat="36.7589767" lon="-4.7074106"/>
 <node id="4817471547" visible="true" version="1" changeset="48152022" timestamp="2017-04-26T06:56:38Z" user="Samuel_MTB" uid="5728880" lat="36.7592047" lon="-4.7078903"/>
 <node id="4817471548" visible="true" version="1" changeset="48152022" timestamp="2017-04-26T06:56:38Z" user="Samuel_MTB" uid="5728880" lat="36.7592340" lon="-4.7079839"/>
 <node id="4817471549" visible="true" version="1" changeset="48152022" timestamp="2017-04-26T06:56:38Z" user="Samuel_MTB" uid="5728880" lat="36.7591837" lon="-4.7080781"/>
 <node id="4817471551" visible="true" version="1" changeset="48152022" timestamp="2017-04-26T06:56:38Z" user="Samuel_MTB" uid="5728880" lat="36.7597137" lon="-4.7099234"/>
 <node id="4817471552" visible="true" version="1" changeset="48152022" timestamp="2017-04-26T06:56:38Z" user="Samuel_MTB" uid="5728880" lat="36.7595402" lon="-4.7083638"/>
 <node id="4817471553" visible="true" version="1" changeset="48152022" timestamp="2017-04-26T06:56:38Z" user="Samuel_MTB" uid="5728880" lat="36.7598113" lon="-4.7076150"/>
 <node id="4817471554" visible="true" version="1" changeset="48152022" timestamp="2017-04-26T06:56:38Z" user="Samuel_MTB" uid="5728880" lat="36.7601978" lon="-4.7065474"/>
 <node id="4817471555" visible="true" version="1" changeset="48152022" timestamp="2017-04-26T06:56:38Z" user="Samuel_MTB" uid="5728880" lat="36.7606026" lon="-4.7054295"/>
 <node id="4817471556" visible="true" version="1" changeset="48152022" timestamp="2017-04-26T06:56:38Z" user="Samuel_MTB" uid="5728880" lat="36.7608787" lon="-4.7055096"/>
 <node id="4817471557" visible="true" version="1" changeset="48152022" timestamp="2017-04-26T06:56:38Z" user="Samuel_MTB" uid="5728880" lat="36.7605285" lon="-4.7065138"/>
 <node id="4817471558" visible="true" version="1" changeset="48152022" timestamp="2017-04-26T06:56:38Z" user="Samuel_MTB" uid="5728880" lat="36.7601151" lon="-4.7076992"/>
 <node id="4817471559" visible="true" version="1" changeset="48152022" timestamp="2017-04-26T06:56:38Z" user="Samuel_MTB" uid="5728880" lat="36.7598275" lon="-4.7085239"/>
 <node id="4817471560" visible="true" version="1" changeset="48152022" timestamp="2017-04-26T06:56:38Z" user="Samuel_MTB" uid="5728880" lat="36.7596565" lon="-4.7090142"/>
 <node id="5238746924" visible="true" version="2" changeset="138942555" timestamp="2023-07-24T14:16:11Z" user="Robot8A" uid="393359" lat="36.7641054" lon="-4.7102742"/>
 <node id="5370250905" visible="true" version="1" changeset="55858629" timestamp="2018-01-29T12:47:27Z" user="alan_gr" uid="5307206" lat="36.7512098" lon="-4.7278372">
  <tag k="ford" v="yes"/>
 </node>
 <node id="5432358132" visible="true" version="1" changeset="56624761" timestamp="2018-02-23T23:52:25Z" user="alan_gr" uid="5307206" lat="36.7620817" lon="-4.7059138"/>
 <node id="5432358133" visible="true" version="1" changeset="56624761" timestamp="2018-02-23T23:52:25Z" user="alan_gr" uid="5307206" lat="36.7614869" lon="-4.7048880"/>
 <node id="5432358134" visible="true" version="2" changeset="92640614" timestamp="2020-10-17T19:57:38Z" user="Begavil84" uid="1725439" lat="36.7590010" lon="-4.7082934"/>
 <node id="5457431807" visible="true" version="4" changeset="173662332" timestamp="2025-10-23T08:50:37Z" user="kapazao_import" uid="8770019" lat="36.7639685" lon="-4.7116268">
  <tag k="bus" v="yes"/>
  <tag k="highway" v="bus_stop"/>
  <tag k="name" v="Apeadero de Ferrocarril"/>
  <tag k="operator" v="Consorcio de Transporte Metropolitano del Área de Málaga"/>
  <tag k="operator:type" v="consortium"/>
  <tag k="public_transport" v="platform"/>
  <tag k="route_ref" v="M-137"/>
  <tag k="shelter" v="no"/>
 </node>
 <node id="5459518498" visible="true" version="1" changeset="56938478" timestamp="2018-03-06T15:07:25Z" user="alan_gr" uid="5307206" lat="36.7639747" lon="-4.7117214"/>
 <node id="5459518500" visible="true" version="1" changeset="56938478" timestamp="2018-03-06T15:07:25Z" user="alan_gr" uid="5307206" lat="36.7639803" lon="-4.7117470"/>
 <node id="5459518501" visible="true" version="1" changeset="56938478" timestamp="2018-03-06T15:07:25Z" user="alan_gr" uid="5307206" lat="36.7639931" lon="-4.7118732"/>
 <node id="5459518502" visible="true" version="1" changeset="56938478" timestamp="2018-03-06T15:07:25Z" user="alan_gr" uid="5307206" lat="36.7639728" lon="-4.7118798"/>
 <node id="5459518503" visible="true" version="1" changeset="56938478" timestamp="2018-03-06T15:07:25Z" user="alan_gr" uid="5307206" lat="36.7639711" lon="-4.7119031"/>
 <node id="5459518504" visible="true" version="1" changeset="56938478" timestamp="2018-03-06T15:07:25Z" user="alan_gr" uid="5307206" lat="36.7638837" lon="-4.7119169"/>
 <node id="5459518505" visible="true" version="1" changeset="56938478" timestamp="2018-03-06T15:07:25Z" user="alan_gr" uid="5307206" lat="36.7638998" lon="-4.7120153"/>
 <node id="5459518506" visible="true" version="1" changeset="56938478" timestamp="2018-03-06T15:07:25Z" user="alan_gr" uid="5307206" lat="36.7636615" lon="-4.7120990"/>
 <node id="5459518507" visible="true" version="1" changeset="56938478" timestamp="2018-03-06T15:07:25Z" user="alan_gr" uid="5307206" lat="36.7635987" lon="-4.7117559"/>
 <node id="5459518508" visible="true" version="1" changeset="56938478" timestamp="2018-03-06T15:07:25Z" user="alan_gr" uid="5307206" lat="36.7639516" lon="-4.7116151"/>
 <node id="5459518509" visible="true" version="1" changeset="56938478" timestamp="2018-03-06T15:07:25Z" user="alan_gr" uid="5307206" lat="36.7639936" lon="-4.7118082"/>
 <node id="5738130736" visible="true" version="1" changeset="60397093" timestamp="2018-07-04T05:21:41Z" user="Ludovic Drouard" uid="1151930" lat="36.7902059" lon="-4.8353374">
  <tag k="ford" v="yes"/>
 </node>
 <node id="6271710615" visible="true" version="1" changeset="67101075" timestamp="2019-02-11T13:51:14Z" user="km2bp" uid="3610826" lat="36.7640836" lon="-4.7091566">
  <tag k="leaf_cycle" v="evergreen"/>
  <tag k="leaf_type" v="broadleaved"/>
  <tag k="natural" v="tree"/>
  <tag k="species" v="Citrus × aurantium"/>
 </node>
 <node id="6271710616" visible="true" version="1" changeset="67101075" timestamp="2019-02-11T13:51:14Z" user="km2bp" uid="3610826" lat="36.7640099" lon="-4.7091469">
  <tag k="leaf_cycle" v="evergreen"/>
  <tag k="leaf_type" v="broadleaved"/>
  <tag k="natural" v="tree"/>
  <tag k="species" v="Citrus × aurantium"/>
 </node>
 <node id="6271710617" visible="true" version="1" changeset="67101075" timestamp="2019-02-11T13:51:14Z" user="km2bp" uid="3610826" lat="36.7639517" lon="-4.7091407">
  <tag k="leaf_cycle" v="evergreen"/>
  <tag k="leaf_type" v="broadleaved"/>
  <tag k="natural" v="tree"/>
  <tag k="species" v="Citrus × aurantium"/>
 </node>
 <node id="6271710618" visible="true" version="1" changeset="67101075" timestamp="2019-02-11T13:51:14Z" user="km2bp" uid="3610826" lat="36.7639021" lon="-4.7091248">
  <tag k="leaf_cycle" v="evergreen"/>
  <tag k="leaf_type" v="broadleaved"/>
  <tag k="natural" v="tree"/>
  <tag k="species" v="Citrus × aurantium"/>
 </node>
 <node id="6271710619" visible="true" version="1" changeset="67101075" timestamp="2019-02-11T13:51:14Z" user="km2bp" uid="3610826" lat="36.7638079" lon="-4.7091195">
  <tag k="leaf_cycle" v="evergreen"/>
  <tag k="leaf_type" v="broadleaved"/>
  <tag k="natural" v="tree"/>
  <tag k="species" v="Citrus × aurantium"/>
 </node>
 <node id="6271710620" visible="true" version="1" changeset="67101075" timestamp="2019-02-11T13:51:14Z" user="km2bp" uid="3610826" lat="36.7636712" lon="-4.7091031">
  <tag k="leaf_cycle" v="evergreen"/>
  <tag k="leaf_type" v="broadleaved"/>
  <tag k="natural" v="tree"/>
  <tag k="species" v="Citrus × aurantium"/>
 </node>
 <node id="6271710621" visible="true" version="1" changeset="67101075" timestamp="2019-02-11T13:51:14Z" user="km2bp" uid="3610826" lat="36.7636127" lon="-4.7090899">
  <tag k="leaf_cycle" v="evergreen"/>
  <tag k="leaf_type" v="broadleaved"/>
  <tag k="natural" v="tree"/>
  <tag k="species" v="Citrus × aurantium"/>
 </node>
 <node id="6271710622" visible="true" version="1" changeset="67101075" timestamp="2019-02-11T13:51:14Z" user="km2bp" uid="3610826" lat="36.7637349" lon="-4.7091084">
  <tag k="leaf_cycle" v="evergreen"/>
  <tag k="leaf_type" v="broadleaved"/>
  <tag k="natural" v="tree"/>
  <tag k="species" v="Citrus × aurantium"/>
 </node>
 <node id="6271710623" visible="true" version="1" changeset="67101075" timestamp="2019-02-11T13:51:14Z" user="km2bp" uid="3610826" lat="36.7635498" lon="-4.7090899">
  <tag k="leaf_cycle" v="evergreen"/>
  <tag k="leaf_type" v="broadleaved"/>
  <tag k="natural" v="tree"/>
  <tag k="species" v="Citrus × aurantium"/>
 </node>
 <node id="6271710624" visible="true" version="1" changeset="67101075" timestamp="2019-02-11T13:51:14Z" user="km2bp" uid="3610826" lat="36.7634869" lon="-4.7090753">
  <tag k="leaf_cycle" v="evergreen"/>
  <tag k="leaf_type" v="broadleaved"/>
  <tag k="natural" v="tree"/>
  <tag k="species" v="Citrus × aurantium"/>
 </node>
 <node id="6271710625" visible="true" version="1" changeset="67101075" timestamp="2019-02-11T13:51:14Z" user="km2bp" uid="3610826" lat="36.7634289" lon="-4.7090668">
  <tag k="leaf_cycle" v="evergreen"/>
  <tag k="leaf_type" v="broadleaved"/>
  <tag k="natural" v="tree"/>
  <tag k="species" v="Citrus × aurantium"/>
 </node>
 <node id="6271710626" visible="true" version="1" changeset="67101075" timestamp="2019-02-11T13:51:14Z" user="km2bp" uid="3610826" lat="36.7633807" lon="-4.7090622">
  <tag k="leaf_cycle" v="evergreen"/>
  <tag k="leaf_type" v="broadleaved"/>
  <tag k="natural" v="tree"/>
  <tag k="species" v="Citrus × aurantium"/>
 </node>
 <node id="6271710627" visible="true" version="1" changeset="67101075" timestamp="2019-02-11T13:51:14Z" user="km2bp" uid="3610826" lat="36.7633437" lon="-4.7090568">
  <tag k="leaf_cycle" v="evergreen"/>
  <tag k="leaf_type" v="broadleaved"/>
  <tag k="natural" v="tree"/>
  <tag k="species" v="Citrus × aurantium"/>
 </node>
 <node id="6271710628" visible="true" version="1" changeset="67101075" timestamp="2019-02-11T13:51:15Z" user="km2bp" uid="3610826" lat="36.7632826" lon="-4.7090483">
  <tag k="leaf_cycle" v="evergreen"/>
  <tag k="leaf_type" v="broadleaved"/>
  <tag k="natural" v="tree"/>
  <tag k="species" v="Citrus × aurantium"/>
 </node>
 <node id="6271710629" visible="true" version="1" changeset="67101075" timestamp="2019-02-11T13:51:15Z" user="km2bp" uid="3610826" lat="36.7632141" lon="-4.7090414">
  <tag k="leaf_cycle" v="evergreen"/>
  <tag k="leaf_type" v="broadleaved"/>
  <tag k="natural" v="tree"/>
  <tag k="species" v="Citrus × aurantium"/>
 </node>
 <node id="6271710630" visible="true" version="1" changeset="67101075" timestamp="2019-02-11T13:51:15Z" user="km2bp" uid="3610826" lat="36.7632024" lon="-4.7091731">
  <tag k="leaf_cycle" v="evergreen"/>
  <tag k="leaf_type" v="broadleaved"/>
  <tag k="natural" v="tree"/>
  <tag k="species" v="Citrus × aurantium"/>
 </node>
 <node id="6271710631" visible="true" version="1" changeset="67101075" timestamp="2019-02-11T13:51:15Z" user="km2bp" uid="3610826" lat="36.7632690" lon="-4.7091862">
  <tag k="leaf_cycle" v="evergreen"/>
  <tag k="leaf_type" v="broadleaved"/>
  <tag k="natural" v="tree"/>
  <tag k="species" v="Citrus × aurantium"/>
 </node>
 <node id="6271710632" visible="true" version="1" changeset="67101075" timestamp="2019-02-11T13:51:15Z" user="km2bp" uid="3610826" lat="36.7633345" lon="-4.7091924">
  <tag k="leaf_cycle" v="evergreen"/>
  <tag k="leaf_type" v="broadleaved"/>
  <tag k="natural" v="tree"/>
  <tag k="species" v="Citrus × aurantium"/>
 </node>
 <node id="6271710633" visible="true" version="1" changeset="67101075" timestamp="2019-02-11T13:51:15Z" user="km2bp" uid="3610826" lat="36.7633974" lon="-4.7092055">
  <tag k="leaf_cycle" v="evergreen"/>
  <tag k="leaf_type" v="broadleaved"/>
  <tag k="natural" v="tree"/>
  <tag k="species" v="Citrus × aurantium"/>
 </node>
 <node id="6271710634" visible="true" version="1" changeset="67101075" timestamp="2019-02-11T13:51:15Z" user="km2bp" uid="3610826" lat="36.7634690" lon="-4.7092132">
  <tag k="leaf_cycle" v="evergreen"/>
  <tag k="leaf_type" v="broadleaved"/>
  <tag k="natural" v="tree"/>
  <tag k="species" v="Citrus × aurantium"/>
 </node>
 <node id="6271710635" visible="true" version="1" changeset="67101075" timestamp="2019-02-11T13:51:15Z" user="km2bp" uid="3610826" lat="36.7635356" lon="-4.7092170">
  <tag k="leaf_cycle" v="evergreen"/>
  <tag k="leaf_type" v="broadleaved"/>
  <tag k="natural" v="tree"/>
  <tag k="species" v="Citrus × aurantium"/>
 </node>
 <node id="6271710636" visible="true" version="1" changeset="67101075" timestamp="2019-02-11T13:51:15Z" user="km2bp" uid="3610826" lat="36.7636041" lon="-4.7092270">
  <tag k="leaf_cycle" v="evergreen"/>
  <tag k="leaf_type" v="broadleaved"/>
  <tag k="natural" v="tree"/>
  <tag k="species" v="Citrus × aurantium"/>
 </node>
 <node id="6271710637" visible="true" version="1" changeset="67101075" timestamp="2019-02-11T13:51:15Z" user="km2bp" uid="3610826" lat="36.7636732" lon="-4.7092440">
  <tag k="leaf_cycle" v="evergreen"/>
  <tag k="leaf_type" v="broadleaved"/>
  <tag k="natural" v="tree"/>
  <tag k="species" v="Citrus × aurantium"/>
 </node>
 <node id="6271710638" visible="true" version="1" changeset="67101075" timestamp="2019-02-11T13:51:15Z" user="km2bp" uid="3610826" lat="36.7637368" lon="-4.7092502">
  <tag k="leaf_cycle" v="evergreen"/>
  <tag k="leaf_type" v="broadleaved"/>
  <tag k="natural" v="tree"/>
  <tag k="species" v="Citrus × aurantium"/>
 </node>
 <node id="6271710639" visible="true" version="1" changeset="67101075" timestamp="2019-02-11T13:51:15Z" user="km2bp" uid="3610826" lat="36.7638022" lon="-4.7092548">
  <tag k="leaf_cycle" v="evergreen"/>
  <tag k="leaf_type" v="broadleaved"/>
  <tag k="natural" v="tree"/>
  <tag k="species" v="Citrus × aurantium"/>
 </node>
 <node id="6271710640" visible="true" version="1" changeset="67101075" timestamp="2019-02-11T13:51:15Z" user="km2bp" uid="3610826" lat="36.7638701" lon="-4.7092679">
  <tag k="leaf_cycle" v="evergreen"/>
  <tag k="leaf_type" v="broadleaved"/>
  <tag k="natural" v="tree"/>
  <tag k="species" v="Citrus × aurantium"/>
 </node>
 <node id="6271710641" visible="true" version="1" changeset="67101075" timestamp="2019-02-11T13:51:15Z" user="km2bp" uid="3610826" lat="36.7639373" lon="-4.7092763">
  <tag k="leaf_cycle" v="evergreen"/>
  <tag k="leaf_type" v="broadleaved"/>
  <tag k="natural" v="tree"/>
  <tag k="species" v="Citrus × aurantium"/>
 </node>
 <node id="6271710642" visible="true" version="1" changeset="67101075" timestamp="2019-02-11T13:51:15Z" user="km2bp" uid="3610826" lat="36.7640040" lon="-4.7092879">
  <tag k="leaf_cycle" v="evergreen"/>
  <tag k="leaf_type" v="broadleaved"/>
  <tag k="natural" v="tree"/>
  <tag k="species" v="Citrus × aurantium"/>
 </node>
 <node id="6271710643" visible="true" version="1" changeset="67101075" timestamp="2019-02-11T13:51:16Z" user="km2bp" uid="3610826" lat="36.7640755" lon="-4.7092979">
  <tag k="leaf_cycle" v="evergreen"/>
  <tag k="leaf_type" v="broadleaved"/>
  <tag k="natural" v="tree"/>
  <tag k="species" v="Citrus × aurantium"/>
 </node>
 <node id="6271710661" visible="true" version="1" changeset="67101075" timestamp="2019-02-11T13:51:17Z" user="km2bp" uid="3610826" lat="36.7643112" lon="-4.7093387"/>
 <node id="6271710664" visible="true" version="1" changeset="67101075" timestamp="2019-02-11T13:51:17Z" user="km2bp" uid="3610826" lat="36.7642751" lon="-4.7092514"/>
 <node id="6271710667" visible="true" version="1" changeset="67101075" timestamp="2019-02-11T13:51:17Z" user="km2bp" uid="3610826" lat="36.7643566" lon="-4.7091861"/>
 <node id="7567516178" visible="true" version="1" changeset="85911237" timestamp="2020-05-28T22:45:22Z" user="Patrick1977Bln" uid="259536" lat="36.7642282" lon="-4.7119741">
  <tag k="name" v="Pizarra"/>
  <tag k="public_transport" v="stop_position"/>
  <tag k="railway" v="stop"/>
  <tag k="train" v="yes"/>
 </node>
 <node id="7567516179" visible="true" version="1" changeset="85911237" timestamp="2020-05-28T22:45:22Z" user="Patrick1977Bln" uid="259536" lat="36.7642473" lon="-4.7120627">
  <tag k="name" v="Pizarra"/>
  <tag k="public_transport" v="stop_position"/>
  <tag k="railway" v="stop"/>
  <tag k="train" v="yes"/>
 </node>
 <node id="8017257474" visible="true" version="1" changeset="92640614" timestamp="2020-10-17T19:57:38Z" user="Begavil84" uid="1725439" lat="36.7634557" lon="-4.7107280"/>
 <node id="8017257475" visible="true" version="1" changeset="92640614" timestamp="2020-10-17T19:57:38Z" user="Begavil84" uid="1725439" lat="36.7626845" lon="-4.7113650"/>
 <node id="8017257476" visible="true" version="1" changeset="92640614" timestamp="2020-10-17T19:57:38Z" user="Begavil84" uid="1725439" lat="36.7625654" lon="-4.7114252"/>
 <node id="8017257477" visible="true" version="1" changeset="92640614" timestamp="2020-10-17T19:57:38Z" user="Begavil84" uid="1725439" lat="36.7624577" lon="-4.7114783"/>
 <node id="8017257478" visible="true" version="1" changeset="92640614" timestamp="2020-10-17T19:57:38Z" user="Begavil84" uid="1725439" lat="36.7617432" lon="-4.7116411"/>
 <node id="8017257479" visible="true" version="1" changeset="92640614" timestamp="2020-10-17T19:57:38Z" user="Begavil84" uid="1725439" lat="36.7601180" lon="-4.7091953"/>
 <node id="8017257480" visible="true" version="1" changeset="92640614" timestamp="2020-10-17T19:57:38Z" user="Begavil84" uid="1725439" lat="36.7601093" lon="-4.7092528"/>
 <node id="8017257481" visible="true" version="1" changeset="92640614" timestamp="2020-10-17T19:57:38Z" user="Begavil84" uid="1725439" lat="36.7598202" lon="-4.7091812"/>
 <node id="8017257482" visible="true" version="1" changeset="92640614" timestamp="2020-10-17T19:57:38Z" user="Begavil84" uid="1725439" lat="36.7598314" lon="-4.7091185"/>
 <node id="8017257483" visible="true" version="1" changeset="92640614" timestamp="2020-10-17T19:57:38Z" user="Begavil84" uid="1725439" lat="36.7600867" lon="-4.7093041"/>
 <node id="8017257484" visible="true" version="1" changeset="92640614" timestamp="2020-10-17T19:57:38Z" user="Begavil84" uid="1725439" lat="36.7600524" lon="-4.7093440"/>
 <node id="8017288685" visible="true" version="1" changeset="92640614" timestamp="2020-10-17T19:57:38Z" user="Begavil84" uid="1725439" lat="36.7600099" lon="-4.7093687"/>
 <node id="8017288686" visible="true" version="1" changeset="92640614" timestamp="2020-10-17T19:57:38Z" user="Begavil84" uid="1725439" lat="36.7599634" lon="-4.7093757"/>
 <node id="8017288687" visible="true" version="1" changeset="92640614" timestamp="2020-10-17T19:57:38Z" user="Begavil84" uid="1725439" lat="36.7599174" lon="-4.7093643"/>
 <node id="8017288688" visible="true" version="1" changeset="92640614" timestamp="2020-10-17T19:57:38Z" user="Begavil84" uid="1725439" lat="36.7598765" lon="-4.7093357"/>
 <node id="8017288689" visible="true" version="1" changeset="92640614" timestamp="2020-10-17T19:57:38Z" user="Begavil84" uid="1725439" lat="36.7598448" lon="-4.7092926"/>
 <node id="8017288690" visible="true" version="1" changeset="92640614" timestamp="2020-10-17T19:57:38Z" user="Begavil84" uid="1725439" lat="36.7598254" lon="-4.7092393"/>
 <node id="8017288691" visible="true" version="1" changeset="92640614" timestamp="2020-10-17T19:57:38Z" user="Begavil84" uid="1725439" lat="36.7598591" lon="-4.7090643"/>
 <node id="8017288692" visible="true" version="1" changeset="92640614" timestamp="2020-10-17T19:57:38Z" user="Begavil84" uid="1725439" lat="36.7598998" lon="-4.7090251"/>
 <node id="8017288693" visible="true" version="1" changeset="92640614" timestamp="2020-10-17T19:57:38Z" user="Begavil84" uid="1725439" lat="36.7599489" lon="-4.7090055"/>
 <node id="8017288694" visible="true" version="1" changeset="92640614" timestamp="2020-10-17T19:57:38Z" user="Begavil84" uid="1725439" lat="36.7600003" lon="-4.7090080"/>
 <node id="8017288695" visible="true" version="1" changeset="92640614" timestamp="2020-10-17T19:57:38Z" user="Begavil84" uid="1725439" lat="36.7600480" lon="-4.7090321"/>
 <node id="8017288696" visible="true" version="1" changeset="92640614" timestamp="2020-10-17T19:57:38Z" user="Begavil84" uid="1725439" lat="36.7600863" lon="-4.7090751"/>
 <node id="8017288697" visible="true" version="1" changeset="92640614" timestamp="2020-10-17T19:57:38Z" user="Begavil84" uid="1725439" lat="36.7601106" lon="-4.7091317"/>
 <node id="8017288698" visible="true" version="1" changeset="92640614" timestamp="2020-10-17T19:57:38Z" user="Begavil84" uid="1725439" lat="36.7599442" lon="-4.7094279"/>
 <node id="8017288699" visible="true" version="1" changeset="92640614" timestamp="2020-10-17T19:57:38Z" user="Begavil84" uid="1725439" lat="36.7600344" lon="-4.7089729"/>
 <node id="8017288700" visible="true" version="1" changeset="92640614" timestamp="2020-10-17T19:57:38Z" user="Begavil84" uid="1725439" lat="36.7597953" lon="-4.7090929"/>
 <node id="8017288701" visible="true" version="1" changeset="92640614" timestamp="2020-10-17T19:57:38Z" user="Begavil84" uid="1725439" lat="36.7582762" lon="-4.7069586"/>
 <node id="8017288702" visible="true" version="1" changeset="92640614" timestamp="2020-10-17T19:57:38Z" user="Begavil84" uid="1725439" lat="36.7585149" lon="-4.7067611"/>
 <node id="8017288703" visible="true" version="1" changeset="92640614" timestamp="2020-10-17T19:57:38Z" user="Begavil84" uid="1725439" lat="36.7584190" lon="-4.7070490"/>
 <node id="8017288704" visible="true" version="1" changeset="92640614" timestamp="2020-10-17T19:57:38Z" user="Begavil84" uid="1725439" lat="36.7588482" lon="-4.7074330"/>
 <node id="8017288705" visible="true" version="1" changeset="92640614" timestamp="2020-10-17T19:57:38Z" user="Begavil84" uid="1725439" lat="36.7586979" lon="-4.7075250"/>
 <node id="8017288706" visible="true" version="1" changeset="92640614" timestamp="2020-10-17T19:57:38Z" user="Begavil84" uid="1725439" lat="36.7585221" lon="-4.7070472"/>
 <node id="8017288707" visible="true" version="1" changeset="92640614" timestamp="2020-10-17T19:57:38Z" user="Begavil84" uid="1725439" lat="36.7586129" lon="-4.7070437"/>
 <node id="8017288708" visible="true" version="1" changeset="92640614" timestamp="2020-10-17T19:57:38Z" user="Begavil84" uid="1725439" lat="36.7586894" lon="-4.7070578"/>
 <node id="8017288709" visible="true" version="1" changeset="92640614" timestamp="2020-10-17T19:57:38Z" user="Begavil84" uid="1725439" lat="36.7587631" lon="-4.7071569"/>
 <node id="8017288710" visible="true" version="1" changeset="92640614" timestamp="2020-10-17T19:57:38Z" user="Begavil84" uid="1725439" lat="36.7632225" lon="-4.7069576"/>
 <node id="8017288711" visible="true" version="1" changeset="92640614" timestamp="2020-10-17T19:57:38Z" user="Begavil84" uid="1725439" lat="36.7613281" lon="-4.7056567"/>
 <node id="8017288712" visible="true" version="1" changeset="92640614" timestamp="2020-10-17T19:57:38Z" user="Begavil84" uid="1725439" lat="36.7613215" lon="-4.7056933"/>
 <node id="8017288713" visible="true" version="1" changeset="92640614" timestamp="2020-10-17T19:57:38Z" user="Begavil84" uid="1725439" lat="36.7611418" lon="-4.7056338"/>
 <node id="8017288714" visible="true" version="1" changeset="92640614" timestamp="2020-10-17T19:57:38Z" user="Begavil84" uid="1725439" lat="36.7611514" lon="-4.7055961"/>
 <node id="8017288715" visible="true" version="1" changeset="92640614" timestamp="2020-10-17T19:57:38Z" user="Begavil84" uid="1725439" lat="36.7613060" lon="-4.7057254"/>
 <node id="8017288716" visible="true" version="1" changeset="92640614" timestamp="2020-10-17T19:57:38Z" user="Begavil84" uid="1725439" lat="36.7612832" lon="-4.7057498"/>
 <node id="8017288717" visible="true" version="1" changeset="92640614" timestamp="2020-10-17T19:57:38Z" user="Begavil84" uid="1725439" lat="36.7612554" lon="-4.7057639"/>
 <node id="8017288718" visible="true" version="1" changeset="92640614" timestamp="2020-10-17T19:57:38Z" user="Begavil84" uid="1725439" lat="36.7612254" lon="-4.7057662"/>
 <node id="8017288719" visible="true" version="1" changeset="92640614" timestamp="2020-10-17T19:57:38Z" user="Begavil84" uid="1725439" lat="36.7611964" lon="-4.7057566"/>
 <node id="8017288720" visible="true" version="1" changeset="92640614" timestamp="2020-10-17T19:57:38Z" user="Begavil84" uid="1725439" lat="36.7611713" lon="-4.7057360"/>
 <node id="8017288721" visible="true" version="1" changeset="92640614" timestamp="2020-10-17T19:57:38Z" user="Begavil84" uid="1725439" lat="36.7611527" lon="-4.7057066"/>
 <node id="8017288722" visible="true" version="1" changeset="92640614" timestamp="2020-10-17T19:57:38Z" user="Begavil84" uid="1725439" lat="36.7611425" lon="-4.7056713"/>
 <node id="8017288723" visible="true" version="1" changeset="92640614" timestamp="2020-10-17T19:57:38Z" user="Begavil84" uid="1725439" lat="36.7611705" lon="-4.7055645"/>
 <node id="8017288724" visible="true" version="1" changeset="92640614" timestamp="2020-10-17T19:57:38Z" user="Begavil84" uid="1725439" lat="36.7611970" lon="-4.7055428"/>
 <node id="8017288725" visible="true" version="1" changeset="92640614" timestamp="2020-10-17T19:57:38Z" user="Begavil84" uid="1725439" lat="36.7612278" lon="-4.7055333"/>
 <node id="8017288726" visible="true" version="1" changeset="92640614" timestamp="2020-10-17T19:57:38Z" user="Begavil84" uid="1725439" lat="36.7612594" lon="-4.7055371"/>
 <node id="8017288727" visible="true" version="1" changeset="92640614" timestamp="2020-10-17T19:57:38Z" user="Begavil84" uid="1725439" lat="36.7612881" lon="-4.7055539"/>
 <node id="8017288728" visible="true" version="1" changeset="92640614" timestamp="2020-10-17T19:57:38Z" user="Begavil84" uid="1725439" lat="36.7613107" lon="-4.7055817"/>
 <node id="8017288729" visible="true" version="1" changeset="92640614" timestamp="2020-10-17T19:57:38Z" user="Begavil84" uid="1725439" lat="36.7613245" lon="-4.7056173"/>
 <node id="8017288730" visible="true" version="1" changeset="92640614" timestamp="2020-10-17T19:57:38Z" user="Begavil84" uid="1725439" lat="36.7611663" lon="-4.7057707"/>
 <node id="8017288731" visible="true" version="1" changeset="92640614" timestamp="2020-10-17T19:57:38Z" user="Begavil84" uid="1725439" lat="36.7611186" lon="-4.7056236"/>
 <node id="8017288732" visible="true" version="1" changeset="92640614" timestamp="2020-10-17T19:57:38Z" user="Begavil84" uid="1725439" lat="36.7612554" lon="-4.7054986"/>
 <node id="8017288733" visible="true" version="1" changeset="92640614" timestamp="2020-10-17T19:57:38Z" user="Begavil84" uid="1725439" lat="36.7612577" lon="-4.7057984"/>
 <node id="8017288734" visible="true" version="1" changeset="92640614" timestamp="2020-10-17T19:57:38Z" user="Begavil84" uid="1725439" lat="36.7609512" lon="-4.7064190"/>
 <node id="8017288735" visible="true" version="1" changeset="92640614" timestamp="2020-10-17T19:57:38Z" user="Begavil84" uid="1725439" lat="36.7611662" lon="-4.7058153"/>
 <node id="8017288736" visible="true" version="1" changeset="92640614" timestamp="2020-10-17T19:57:38Z" user="Begavil84" uid="1725439" lat="36.7606988" lon="-4.7071183"/>
 <node id="8017288737" visible="true" version="1" changeset="92640614" timestamp="2020-10-17T19:57:38Z" user="Begavil84" uid="1725439" lat="36.7609235" lon="-4.7065003"/>
 <node id="8017288738" visible="true" version="1" changeset="92640614" timestamp="2020-10-17T19:57:38Z" user="Begavil84" uid="1725439" lat="36.7604740" lon="-4.7077464"/>
 <node id="8017288739" visible="true" version="1" changeset="92640614" timestamp="2020-10-17T19:57:38Z" user="Begavil84" uid="1725439" lat="36.7606727" lon="-4.7071854"/>
 <node id="8017288740" visible="true" version="1" changeset="92640614" timestamp="2020-10-17T19:57:38Z" user="Begavil84" uid="1725439" lat="36.7601516" lon="-4.7086550"/>
 <node id="8017288741" visible="true" version="1" changeset="92640614" timestamp="2020-10-17T19:57:38Z" user="Begavil84" uid="1725439" lat="36.7604415" lon="-4.7078399"/>
 <node id="8017288742" visible="true" version="1" changeset="92640614" timestamp="2020-10-17T19:57:38Z" user="Begavil84" uid="1725439" lat="36.7600490" lon="-4.7089396"/>
 <node id="8017288743" visible="true" version="1" changeset="92640614" timestamp="2020-10-17T19:57:38Z" user="Begavil84" uid="1725439" lat="36.7601223" lon="-4.7087384"/>
 <node id="8655927959" visible="true" version="1" changeset="103421332" timestamp="2021-04-22T15:00:56Z" user="Friendly_Ghost" uid="10875409" lat="36.7564576" lon="-4.7170949"/>
 <node id="8655927960" visible="true" version="1" changeset="103421332" timestamp="2021-04-22T15:00:56Z" user="Friendly_Ghost" uid="10875409" lat="36.7562705" lon="-4.7169655"/>
 <node id="8655927961" visible="true" version="1" changeset="103421332" timestamp="2021-04-22T15:00:56Z" user="Friendly_Ghost" uid="10875409" lat="36.7558304" lon="-4.7173064"/>
 <node id="8655927962" visible="true" version="1" changeset="103421332" timestamp="2021-04-22T15:00:56Z" user="Friendly_Ghost" uid="10875409" lat="36.7542015" lon="-4.7179631"/>
 <node id="8655927963" visible="true" version="1" changeset="103421332" timestamp="2021-04-22T15:00:56Z" user="Friendly_Ghost" uid="10875409" lat="36.7529949" lon="-4.7191185"/>
 <node id="8655927964" visible="true" version="1" changeset="103421332" timestamp="2021-04-22T15:00:56Z" user="Friendly_Ghost" uid="10875409" lat="36.7527926" lon="-4.7196015"/>
 <node id="8655927965" visible="true" version="1" changeset="103421332" timestamp="2021-04-22T15:00:56Z" user="Friendly_Ghost" uid="10875409" lat="36.7528457" lon="-4.7203687"/>
 <node id="8655927966" visible="true" version="1" changeset="103421332" timestamp="2021-04-22T15:00:56Z" user="Friendly_Ghost" uid="10875409" lat="36.7530531" lon="-4.7207822"/>
 <node id="8655927967" visible="true" version="1" changeset="103421332" timestamp="2021-04-22T15:00:56Z" user="Friendly_Ghost" uid="10875409" lat="36.7538549" lon="-4.7211453"/>
 <node id="8655927968" visible="true" version="1" changeset="103421332" timestamp="2021-04-22T15:00:56Z" user="Friendly_Ghost" uid="10875409" lat="36.7543557" lon="-4.7215746"/>
 <node id="8655927969" visible="true" version="1" changeset="103421332" timestamp="2021-04-22T15:00:56Z" user="Friendly_Ghost" uid="10875409" lat="36.7546820" lon="-4.7220387"/>
 <node id="8655927970" visible="true" version="1" changeset="103421332" timestamp="2021-04-22T15:00:56Z" user="Friendly_Ghost" uid="10875409" lat="36.7549400" lon="-4.7226511"/>
 <node id="8655927971" visible="true" version="1" changeset="103421332" timestamp="2021-04-22T15:00:56Z" user="Friendly_Ghost" uid="10875409" lat="36.7555041" lon="-4.7248042"/>
 <node id="8655927972" visible="true" version="1" changeset="103421332" timestamp="2021-04-22T15:00:56Z" user="Friendly_Ghost" uid="10875409" lat="36.7559239" lon="-4.7256123"/>
 <node id="8655927973" visible="true" version="1" changeset="103421332" timestamp="2021-04-22T15:00:56Z" user="Friendly_Ghost" uid="10875409" lat="36.7586581" lon="-4.7287409"/>
 <node id="8655927974" visible="true" version="1" changeset="103421332" timestamp="2021-04-22T15:00:56Z" user="Friendly_Ghost" uid="10875409" lat="36.7593056" lon="-4.7292618"/>
 <node id="8655927975" visible="true" version="1" changeset="103421332" timestamp="2021-04-22T15:00:56Z" user="Friendly_Ghost" uid="10875409" lat="36.7597153" lon="-4.7294449"/>
 <node id="8655927976" visible="true" version="1" changeset="103421332" timestamp="2021-04-22T15:00:56Z" user="Friendly_Ghost" uid="10875409" lat="36.7600997" lon="-4.7295427"/>
 <node id="8655927977" visible="true" version="1" changeset="103421332" timestamp="2021-04-22T15:00:56Z" user="Friendly_Ghost" uid="10875409" lat="36.7606991" lon="-4.7295617"/>
 <node id="8655927978" visible="true" version="1" changeset="103421332" timestamp="2021-04-22T15:00:56Z" user="Friendly_Ghost" uid="10875409" lat="36.7621761" lon="-4.7295112"/>
 <node id="8655927979" visible="true" version="1" changeset="103421332" timestamp="2021-04-22T15:00:56Z" user="Friendly_Ghost" uid="10875409" lat="36.7627351" lon="-4.7296374"/>
 <node id="8655927980" visible="true" version="1" changeset="103421332" timestamp="2021-04-22T15:00:56Z" user="Friendly_Ghost" uid="10875409" lat="36.7638251" lon="-4.7299942"/>
 <node id="8655927981" visible="true" version="1" changeset="103421332" timestamp="2021-04-22T15:00:56Z" user="Friendly_Ghost" uid="10875409" lat="36.7640654" lon="-4.7303004"/>
 <node id="8655927982" visible="true" version="1" changeset="103421332" timestamp="2021-04-22T15:00:56Z" user="Friendly_Ghost" uid="10875409" lat="36.7649354" lon="-4.7309255"/>
 <node id="8655927983" visible="true" version="1" changeset="103421332" timestamp="2021-04-22T15:00:56Z" user="Friendly_Ghost" uid="10875409" lat="36.7660709" lon="-4.7315253"/>
 <node id="8655927984" visible="true" version="1" changeset="103421332" timestamp="2021-04-22T15:00:56Z" user="Friendly_Ghost" uid="10875409" lat="36.7664806" lon="-4.7316358"/>
 <node id="8655927985" visible="true" version="1" changeset="103421332" timestamp="2021-04-22T15:00:56Z" user="Friendly_Ghost" uid="10875409" lat="36.7668751" lon="-4.7316263"/>
 <node id="8655927986" visible="true" version="1" changeset="103421332" timestamp="2021-04-22T15:00:56Z" user="Friendly_Ghost" uid="10875409" lat="36.7677122" lon="-4.7313264"/>
 <node id="8655927987" visible="true" version="1" changeset="103421332" timestamp="2021-04-22T15:00:56Z" user="Friendly_Ghost" uid="10875409" lat="36.7678462" lon="-4.7309097"/>
 <node id="8655927988" visible="true" version="1" changeset="103421332" timestamp="2021-04-22T15:00:56Z" user="Friendly_Ghost" uid="10875409" lat="36.7671659" lon="-4.7302246"/>
 <node id="8655927989" visible="true" version="1" changeset="103421332" timestamp="2021-04-22T15:00:56Z" user="Friendly_Ghost" uid="10875409" lat="36.7671583" lon="-4.7298805"/>
 <node id="8655927990" visible="true" version="1" changeset="103421332" timestamp="2021-04-22T15:00:56Z" user="Friendly_Ghost" uid="10875409" lat="36.7670774" lon="-4.7296501"/>
 <node id="8655927991" visible="true" version="1" changeset="103421332" timestamp="2021-04-22T15:00:56Z" user="Friendly_Ghost" uid="10875409" lat="36.7672013" lon="-4.7294733"/>
 <node id="8655927992" visible="true" version="1" changeset="103421332" timestamp="2021-04-22T15:00:56Z" user="Friendly_Ghost" uid="10875409" lat="36.7669383" lon="-4.7293912"/>
 <node id="8655927993" visible="true" version="1" changeset="103421332" timestamp="2021-04-22T15:00:56Z" user="Friendly_Ghost" uid="10875409" lat="36.7659267" lon="-4.7300289"/>
 <node id="8655927994" visible="true" version="1" changeset="103421332" timestamp="2021-04-22T15:00:56Z" user="Friendly_Ghost" uid="10875409" lat="36.7654310" lon="-4.7299595"/>
 <node id="8655927995" visible="true" version="1" changeset="103421332" timestamp="2021-04-22T15:00:56Z" user="Friendly_Ghost" uid="10875409" lat="36.7647760" lon="-4.7294291"/>
 <node id="8655927996" visible="true" version="1" changeset="103421332" timestamp="2021-04-22T15:00:56Z" user="Friendly_Ghost" uid="10875409" lat="36.7645206" lon="-4.7287756"/>
 <node id="8655927997" visible="true" version="1" changeset="103421332" timestamp="2021-04-22T15:00:56Z" user="Friendly_Ghost" uid="10875409" lat="36.7646648" lon="-4.7277843"/>
 <node id="8655927998" visible="true" version="1" changeset="103421332" timestamp="2021-04-22T15:00:56Z" user="Friendly_Ghost" uid="10875409" lat="36.7646825" lon="-4.7273834"/>
 <node id="8655927999" visible="true" version="1" changeset="103421332" timestamp="2021-04-22T15:00:56Z" user="Friendly_Ghost" uid="10875409" lat="36.7645914" lon="-4.7266762"/>
 <node id="8655928000" visible="true" version="1" changeset="103421332" timestamp="2021-04-22T15:00:56Z" user="Friendly_Ghost" uid="10875409" lat="36.7642652" lon="-4.7255524"/>
 <node id="8655928001" visible="true" version="1" changeset="103421332" timestamp="2021-04-22T15:00:56Z" user="Friendly_Ghost" uid="10875409" lat="36.7631777" lon="-4.7235414"/>
 <node id="8655928002" visible="true" version="1" changeset="103421332" timestamp="2021-04-22T15:00:56Z" user="Friendly_Ghost" uid="10875409" lat="36.7625783" lon="-4.7222534"/>
 <node id="8655928003" visible="true" version="1" changeset="103421332" timestamp="2021-04-22T15:00:56Z" user="Friendly_Ghost" uid="10875409" lat="36.7623216" lon="-4.7213915"/>
 <node id="8655928004" visible="true" version="1" changeset="103421332" timestamp="2021-04-22T15:00:56Z" user="Friendly_Ghost" uid="10875409" lat="36.7618436" lon="-4.7203497"/>
 <node id="8655928005" visible="true" version="1" changeset="103421332" timestamp="2021-04-22T15:00:56Z" user="Friendly_Ghost" uid="10875409" lat="36.7614579" lon="-4.7196836"/>
 <node id="8655928006" visible="true" version="1" changeset="103421332" timestamp="2021-04-22T15:00:56Z" user="Friendly_Ghost" uid="10875409" lat="36.7611835" lon="-4.7194042"/>
 <node id="8655928007" visible="true" version="1" changeset="103421332" timestamp="2021-04-22T15:00:56Z" user="Friendly_Ghost" uid="10875409" lat="36.7610874" lon="-4.7194026"/>
 <node id="8655928008" visible="true" version="1" changeset="103421332" timestamp="2021-04-22T15:00:56Z" user="Friendly_Ghost" uid="10875409" lat="36.7605272" lon="-4.7184114"/>
 <node id="8655928009" visible="true" version="1" changeset="103421332" timestamp="2021-04-22T15:00:56Z" user="Friendly_Ghost" uid="10875409" lat="36.7584836" lon="-4.7152008"/>
 <node id="8655928010" visible="true" version="1" changeset="103421332" timestamp="2021-04-22T15:00:56Z" user="Friendly_Ghost" uid="10875409" lat="36.7581244" lon="-4.7147588"/>
 <node id="8655928011" visible="true" version="1" changeset="103421332" timestamp="2021-04-22T15:00:56Z" user="Friendly_Ghost" uid="10875409" lat="36.7577046" lon="-4.7145836"/>
 <node id="9599732608" visible="true" version="1" changeset="118820695" timestamp="2022-03-23T12:59:41Z" user="bkr" uid="40560" lat="36.7631852" lon="-4.7059220"/>
 <node id="9599732609" visible="true" version="2" changeset="150564586" timestamp="2024-04-27T05:33:07Z" user="kräckel" uid="1092114" lat="36.7632576" lon="-4.7063012"/>
 <node id="9599732611" visible="true" version="1" changeset="118820695" timestamp="2022-03-23T12:59:41Z" user="bkr" uid="40560" lat="36.7621884" lon="-4.7068698"/>
 <node id="9599732613" visible="true" version="1" changeset="118820695" timestamp="2022-03-23T12:59:41Z" user="bkr" uid="40560" lat="36.7620789" lon="-4.7068738"/>
 <node id="9601682906" visible="true" version="1" changeset="118836764" timestamp="2022-03-23T20:05:50Z" user="bkr" uid="40560" lat="36.7654975" lon="-4.7117698"/>
 <node id="9601682907" visible="true" version="1" changeset="118836764" timestamp="2022-03-23T20:05:50Z" user="bkr" uid="40560" lat="36.7628253" lon="-4.7125359"/>
 <node id="9601682909" visible="true" version="1" changeset="118836764" timestamp="2022-03-23T20:05:50Z" user="bkr" uid="40560" lat="36.7621914" lon="-4.7127084"/>
 <node id="9601682910" visible="true" version="1" changeset="118836764" timestamp="2022-03-23T20:05:50Z" user="bkr" uid="40560" lat="36.7631268" lon="-4.7124387"/>
 <node id="9601682913" visible="true" version="1" changeset="118836764" timestamp="2022-03-23T20:05:50Z" user="bkr" uid="40560" lat="36.7638049" lon="-4.7123855"/>
 <node id="9601682914" visible="true" version="1" changeset="118836764" timestamp="2022-03-23T20:05:50Z" user="bkr" uid="40560" lat="36.7660833" lon="-4.7115704"/>
 <node id="9601682916" visible="true" version="1" changeset="118836764" timestamp="2022-03-23T20:05:50Z" user="bkr" uid="40560" lat="36.7631540" lon="-4.7124299">
  <tag k="railway" v="switch"/>
 </node>
 <node id="9601698917" visible="true" version="1" changeset="118836764" timestamp="2022-03-23T20:05:50Z" user="bkr" uid="40560" lat="36.7625040" lon="-4.7126614"/>
 <node id="9601698919" visible="true" version="1" changeset="118836764" timestamp="2022-03-23T20:05:50Z" user="bkr" uid="40560" lat="36.7621488" lon="-4.7125286">
  <tag k="railway" v="signal"/>
  <tag k="ref" v="S 2/1"/>
 </node>
 <node id="9930294174" visible="true" version="1" changeset="124452594" timestamp="2022-08-03T20:33:37Z" user="Gerd Waldmann" uid="1729508" lat="36.7844746" lon="-4.7131367">
  <tag k="ford" v="yes"/>
 </node>
 <node id="10561934613" visible="true" version="1" changeset="131373839" timestamp="2023-01-17T11:12:25Z" user="lorenzomoreno" uid="6600498" lat="36.7659056" lon="-4.7003740"/>
 <node id="11065050325" visible="true" version="1" changeset="138942555" timestamp="2023-07-24T14:16:11Z" user="Robot8A" uid="393359" lat="36.7639617" lon="-4.7104904"/>
 <node id="11065050326" visible="true" version="1" changeset="138942555" timestamp="2023-07-24T14:16:11Z" user="Robot8A" uid="393359" lat="36.7638547" lon="-4.7106860"/>
 <node id="11065050327" visible="true" version="1" changeset="138942555" timestamp="2023-07-24T14:16:11Z" user="Robot8A" uid="393359" lat="36.7637797" lon="-4.7106336"/>
 <node id="11065050328" visible="true" version="1" changeset="138942555" timestamp="2023-07-24T14:16:11Z" user="Robot8A" uid="393359" lat="36.7639221" lon="-4.7107166"/>
 <node id="11065050329" visible="true" version="1" changeset="138942555" timestamp="2023-07-24T14:16:11Z" user="Robot8A" uid="393359" lat="36.7643128" lon="-4.7115791"/>
 <node id="11065050330" visible="true" version="1" changeset="138942555" timestamp="2023-07-24T14:16:11Z" user="Robot8A" uid="393359" lat="36.7644402" lon="-4.7114879"/>
 <node id="11065050331" visible="true" version="1" changeset="138942555" timestamp="2023-07-24T14:16:11Z" user="Robot8A" uid="393359" lat="36.7641048" lon="-4.7101219"/>
 <node id="11065050332" visible="true" version="1" changeset="138942555" timestamp="2023-07-24T14:16:11Z" user="Robot8A" uid="393359" lat="36.7640396" lon="-4.7102412"/>
 <node id="11065050333" visible="true" version="1" changeset="138942555" timestamp="2023-07-24T14:16:11Z" user="Robot8A" uid="393359" lat="36.7640121" lon="-4.7103022"/>
 <node id="11065050334" visible="true" version="1" changeset="138942555" timestamp="2023-07-24T14:16:11Z" user="Robot8A" uid="393359" lat="36.7642036" lon="-4.7103575"/>
 <node id="11065050335" visible="true" version="1" changeset="138942555" timestamp="2023-07-24T14:16:11Z" user="Robot8A" uid="393359" lat="36.7639552" lon="-4.7104472"/>
 <node id="11065050340" visible="true" version="1" changeset="138942555" timestamp="2023-07-24T14:16:11Z" user="Robot8A" uid="393359" lat="36.7640250" lon="-4.7105845"/>
 <node id="11065050341" visible="true" version="1" changeset="138942555" timestamp="2023-07-24T14:16:11Z" user="Robot8A" uid="393359" lat="36.7640902" lon="-4.7106041"/>
 <node id="11592615261" visible="true" version="1" changeset="147148330" timestamp="2024-02-06T19:22:44Z" user="alan_gr" uid="5307206" lat="36.7638748" lon="-4.6985020"/>
 <node id="11592615262" visible="true" version="1" changeset="147148330" timestamp="2024-02-06T19:22:44Z" user="alan_gr" uid="5307206" lat="36.7666091" lon="-4.6975431"/>
 <node id="11592615263" visible="true" version="1" changeset="147148330" timestamp="2024-02-06T19:22:44Z" user="alan_gr" uid="5307206" lat="36.7672150" lon="-4.6977362"/>
 <node id="11592615264" visible="true" version="1" changeset="147148330" timestamp="2024-02-06T19:22:44Z" user="alan_gr" uid="5307206" lat="36.7669947" lon="-4.6981117"/>
 <node id="11592615265" visible="true" version="1" changeset="147148330" timestamp="2024-02-06T19:22:44Z" user="alan_gr" uid="5307206" lat="36.7670431" lon="-4.6981654"/>
 <node id="11853477439" visible="true" version="1" changeset="150564586" timestamp="2024-04-27T05:33:07Z" user="kräckel" uid="1092114" lat="36.7632155" lon="-4.7064454">
  <tag k="crossing" v="uncontrolled"/>
  <tag k="crossing:markings" v="yes"/>
  <tag k="highway" v="crossing"/>
 </node>
 <node id="11853477440" visible="true" version="1" changeset="150564586" timestamp="2024-04-27T05:33:07Z" user="kräckel" uid="1092114" lat="36.7631685" lon="-4.7060716">
  <tag k="crossing" v="uncontrolled"/>
  <tag k="crossing:markings" v="yes"/>
  <tag k="highway" v="crossing"/>
 </node>
 <node id="12438945191" visible="true" version="1" changeset="160477565" timestamp="2024-12-21T17:22:52Z" user="wilfisher" uid="14224468" lat="36.7548873" lon="-4.7458752"/>
 <node id="12438945192" visible="true" version="1" changeset="160477565" timestamp="2024-12-21T17:22:52Z" user="wilfisher" uid="14224468" lat="36.7551313" lon="-4.7461962"/>
 <node id="12598786314" visible="true" version="2" changeset="165423981" timestamp="2025-04-25T13:07:00Z" user="Peri3" uid="14595185" lat="36.7513074" lon="-4.7122810"/>
 <node id="12644077551" visible="true" version="1" changeset="163342825" timestamp="2025-03-07T20:32:22Z" user="Peri3" uid="14595185" lat="36.7609847" lon="-4.7049741"/>
 <node id="12644077552" visible="true" version="1" changeset="163342825" timestamp="2025-03-07T20:32:22Z" user="Peri3" uid="14595185" lat="36.7612522" lon="-4.7049291"/>
 <node id="12644077553" visible="true" version="1" changeset="163342825" timestamp="2025-03-07T20:32:22Z" user="Peri3" uid="14595185" lat="36.7612080" lon="-4.7044715">
  <tag k="highway" v="turning_circle"/>
 </node>
 <node id="12644108680" visible="true" version="1" changeset="163342782" timestamp="2025-03-07T20:30:41Z" user="Peri3" uid="14595185" lat="36.7627402" lon="-4.7015785"/>
 <node id="12644108681" visible="true" version="1" changeset="163342782" timestamp="2025-03-07T20:30:41Z" user="Peri3" uid="14595185" lat="36.7630953" lon="-4.7013586"/>
 <node id="12644108682" visible="true" version="1" changeset="163342782" timestamp="2025-03-07T20:30:41Z" user="Peri3" uid="14595185" lat="36.7635331" lon="-4.7013359"/>
 <node id="12644108683" visible="true" version="2" changeset="172476793" timestamp="2025-09-26T09:56:40Z" user="kapazao" uid="7543375" lat="36.7636597" lon="-4.7041211"/>
 <node id="12644108684" visible="true" version="2" changeset="172476793" timestamp="2025-09-26T09:56:40Z" user="kapazao" uid="7543375" lat="36.7636670" lon="-4.7041399"/>
 <node id="12644108685" visible="true" version="2" changeset="172476793" timestamp="2025-09-26T09:56:40Z" user="kapazao" uid="7543375" lat="36.7635980" lon="-4.7042212"/>
 <node id="12644108686" visible="true" version="2" changeset="172476793" timestamp="2025-09-26T09:56:40Z" user="kapazao" uid="7543375" lat="36.7635825" lon="-4.7042100"/>
 <node id="12644108687" visible="true" version="2" changeset="172476793" timestamp="2025-09-26T09:56:40Z" user="kapazao" uid="7543375" lat="36.7636693" lon="-4.7041606"/>
 <node id="12644108688" visible="true" version="2" changeset="172476793" timestamp="2025-09-26T09:56:40Z" user="kapazao" uid="7543375" lat="36.7636663" lon="-4.7041811"/>
 <node id="12644108689" visible="true" version="2" changeset="172476793" timestamp="2025-09-26T09:56:40Z" user="kapazao" uid="7543375" lat="36.7636583" lon="-4.7041995"/>
 <node id="12644108690" visible="true" version="2" changeset="172476793" timestamp="2025-09-26T09:56:40Z" user="kapazao" uid="7543375" lat="36.7636462" lon="-4.7042138"/>
 <node id="12644108691" visible="true" version="2" changeset="172476793" timestamp="2025-09-26T09:56:40Z" user="kapazao" uid="7543375" lat="36.7636310" lon="-4.7042227"/>
 <node id="12644108692" visible="true" version="2" changeset="172476793" timestamp="2025-09-26T09:56:40Z" user="kapazao" uid="7543375" lat="36.7636144" lon="-4.7042252"/>
 <node id="12644108693" visible="true" version="2" changeset="172476793" timestamp="2025-09-26T09:56:40Z" user="kapazao" uid="7543375" lat="36.7635708" lon="-4.7041929"/>
 <node id="12644108694" visible="true" version="2" changeset="172476793" timestamp="2025-09-26T09:56:40Z" user="kapazao" uid="7543375" lat="36.7635644" lon="-4.7041720"/>
 <node id="12644108695" visible="true" version="2" changeset="172476793" timestamp="2025-09-26T09:56:40Z" user="kapazao" uid="7543375" lat="36.7635639" lon="-4.7041496"/>
 <node id="12644108696" visible="true" version="2" changeset="172476793" timestamp="2025-09-26T09:56:40Z" user="kapazao" uid="7543375" lat="36.7635695" lon="-4.7041283"/>
 <node id="12644108697" visible="true" version="2" changeset="172476793" timestamp="2025-09-26T09:56:40Z" user="kapazao" uid="7543375" lat="36.7635804" lon="-4.7041105"/>
 <node id="12644108698" visible="true" version="2" changeset="172476793" timestamp="2025-09-26T09:56:40Z" user="kapazao" uid="7543375" lat="36.7635955" lon="-4.7040983"/>
 <node id="12644108699" visible="true" version="2" changeset="172476793" timestamp="2025-09-26T09:56:40Z" user="kapazao" uid="7543375" lat="36.7636130" lon="-4.7040931"/>
 <node id="12644108700" visible="true" version="2" changeset="172476793" timestamp="2025-09-26T09:56:40Z" user="kapazao" uid="7543375" lat="36.7636308" lon="-4.7040955"/>
 <node id="12644112501" visible="true" version="2" changeset="172476793" timestamp="2025-09-26T09:56:40Z" user="kapazao" uid="7543375" lat="36.7636470" lon="-4.7041052"/>
 <node id="12644112502" visible="true" version="1" changeset="163342782" timestamp="2025-03-07T20:30:41Z" user="Peri3" uid="14595185" lat="36.7635481" lon="-4.7040763"/>
 <node id="12673290212" visible="true" version="1" changeset="163735806" timestamp="2025-03-17T14:48:02Z" user="ramonz" uid="2047207" lat="36.7970406" lon="-4.8379041"/>
 <node id="12839589727" visible="true" version="1" changeset="166292638" timestamp="2025-05-15T08:54:16Z" user="JakubS" uid="504620" lat="36.7545570" lon="-4.6771122"/>
 <node id="12839589728" visible="true" version="1" changeset="166292638" timestamp="2025-05-15T08:54:16Z" user="JakubS" uid="504620" lat="36.7545997" lon="-4.6772706"/>
 <node id="12839589729" visible="true" version="1" changeset="166292638" timestamp="2025-05-15T08:54:16Z" user="JakubS" uid="504620" lat="36.7546204" lon="-4.6774915"/>
 <node id="12839589730" visible="true" version="1" changeset="166292638" timestamp="2025-05-15T08:54:16Z" user="JakubS" uid="504620" lat="36.7544154" lon="-4.6782226"/>
 <node id="12839589731" visible="true" version="1" changeset="166292638" timestamp="2025-05-15T08:54:16Z" user="JakubS" uid="504620" lat="36.7541176" lon="-4.6791852"/>
 <node id="12839589732" visible="true" version="1" changeset="166292638" timestamp="2025-05-15T08:54:16Z" user="JakubS" uid="504620" lat="36.7537808" lon="-4.6793863"/>
 <node id="12839589733" visible="true" version="1" changeset="166292638" timestamp="2025-05-15T08:54:16Z" user="JakubS" uid="504620" lat="36.7535612" lon="-4.6808058"/>
 <node id="12839589734" visible="true" version="1" changeset="166292638" timestamp="2025-05-15T08:54:16Z" user="JakubS" uid="504620" lat="36.7535172" lon="-4.6814029"/>
 <node id="12839589735" visible="true" version="1" changeset="166292638" timestamp="2025-05-15T08:54:16Z" user="JakubS" uid="504620" lat="36.7535026" lon="-4.6819207"/>
 <node id="12839589736" visible="true" version="1" changeset="166292638" timestamp="2025-05-15T08:54:16Z" user="JakubS" uid="504620" lat="36.7535416" lon="-4.6823167"/>
 <node id="12839589737" visible="true" version="1" changeset="166292638" timestamp="2025-05-15T08:54:16Z" user="JakubS" uid="504620" lat="36.7536246" lon="-4.6826579"/>
 <node id="12839589738" visible="true" version="1" changeset="166292638" timestamp="2025-05-15T08:54:16Z" user="JakubS" uid="504620" lat="36.7537467" lon="-4.6828468"/>
 <node id="12839589739" visible="true" version="1" changeset="166292638" timestamp="2025-05-15T08:54:16Z" user="JakubS" uid="504620" lat="36.7543422" lon="-4.6833890"/>
 <node id="12839589740" visible="true" version="1" changeset="166292638" timestamp="2025-05-15T08:54:16Z" user="JakubS" uid="504620" lat="36.7551769" lon="-4.6841384"/>
 <node id="12839589741" visible="true" version="1" changeset="166292638" timestamp="2025-05-15T08:54:16Z" user="JakubS" uid="504620" lat="36.7554454" lon="-4.6844491"/>
 <node id="12839589742" visible="true" version="1" changeset="166292638" timestamp="2025-05-15T08:54:16Z" user="JakubS" uid="504620" lat="36.7555430" lon="-4.6847050"/>
 <node id="12839589743" visible="true" version="1" changeset="166292638" timestamp="2025-05-15T08:54:16Z" user="JakubS" uid="504620" lat="36.7556162" lon="-4.6851193"/>
 <node id="12839589744" visible="true" version="1" changeset="166292638" timestamp="2025-05-15T08:54:16Z" user="JakubS" uid="504620" lat="36.7557626" lon="-4.6860088"/>
 <node id="12839589745" visible="true" version="1" changeset="166292638" timestamp="2025-05-15T08:54:16Z" user="JakubS" uid="504620" lat="36.7559042" lon="-4.6872699"/>
 <node id="12839589746" visible="true" version="1" changeset="166292638" timestamp="2025-05-15T08:54:16Z" user="JakubS" uid="504620" lat="36.7558847" lon="-4.6888479"/>
 <node id="12839589747" visible="true" version="1" changeset="166292638" timestamp="2025-05-15T08:54:16Z" user="JakubS" uid="504620" lat="36.7557822" lon="-4.6919002"/>
 <node id="12839589748" visible="true" version="1" changeset="166292638" timestamp="2025-05-15T08:54:16Z" user="JakubS" uid="504620" lat="36.7556504" lon="-4.6951658"/>
 <node id="12839589749" visible="true" version="1" changeset="166292638" timestamp="2025-05-15T08:54:16Z" user="JakubS" uid="504620" lat="36.7556357" lon="-4.6963051"/>
 <node id="12839589750" visible="true" version="1" changeset="166292638" timestamp="2025-05-15T08:54:16Z" user="JakubS" uid="504620" lat="36.7557138" lon="-4.6968290"/>
 <node id="12839589751" visible="true" version="1" changeset="166292638" timestamp="2025-05-15T08:54:16Z" user="JakubS" uid="504620" lat="36.7559725" lon="-4.6976759"/>
 <node id="12839589752" visible="true" version="1" changeset="166292638" timestamp="2025-05-15T08:54:16Z" user="JakubS" uid="504620" lat="36.7561629" lon="-4.6979379"/>
 <node id="12839589753" visible="true" version="1" changeset="166292638" timestamp="2025-05-15T08:54:16Z" user="JakubS" uid="504620" lat="36.7567584" lon="-4.6986751"/>
 <node id="12839589754" visible="true" version="1" changeset="166292638" timestamp="2025-05-15T08:54:16Z" user="JakubS" uid="504620" lat="36.7575687" lon="-4.6994488"/>
 <node id="12839589755" visible="true" version="1" changeset="166292638" timestamp="2025-05-15T08:54:16Z" user="JakubS" uid="504620" lat="36.7581739" lon="-4.6998509"/>
 <node id="12839589756" visible="true" version="1" changeset="166292638" timestamp="2025-05-15T08:54:16Z" user="JakubS" uid="504620" lat="36.7600099" lon="-4.7011424"/>
 <node id="12839589757" visible="true" version="1" changeset="166292638" timestamp="2025-05-15T08:54:16Z" user="JakubS" uid="504620" lat="36.7612072" lon="-4.7019912"/>
 <node id="12839589758" visible="true" version="1" changeset="166292638" timestamp="2025-05-15T08:54:16Z" user="JakubS" uid="504620" lat="36.7626773" lon="-4.7020689"/>
 <node id="12839589759" visible="true" version="1" changeset="166292638" timestamp="2025-05-15T08:54:16Z" user="JakubS" uid="504620" lat="36.7652106" lon="-4.7022124"/>
 <node id="12839589760" visible="true" version="1" changeset="166292638" timestamp="2025-05-15T08:54:16Z" user="JakubS" uid="504620" lat="36.7677342" lon="-4.7023738"/>
 <node id="12839589761" visible="true" version="1" changeset="166292638" timestamp="2025-05-15T08:54:16Z" user="JakubS" uid="504620" lat="36.7683375" lon="-4.7027623"/>
 <node id="12839589762" visible="true" version="1" changeset="166292638" timestamp="2025-05-15T08:54:16Z" user="JakubS" uid="504620" lat="36.7700757" lon="-4.7038443"/>
 <node id="12839589763" visible="true" version="1" changeset="166292638" timestamp="2025-05-15T08:54:16Z" user="JakubS" uid="504620" lat="36.7710621" lon="-4.7044600"/>
 <node id="12839589764" visible="true" version="1" changeset="166292638" timestamp="2025-05-15T08:54:16Z" user="JakubS" uid="504620" lat="36.7713111" lon="-4.7047170"/>
 <node id="12839589765" visible="true" version="1" changeset="166292638" timestamp="2025-05-15T08:54:16Z" user="JakubS" uid="504620" lat="36.7728242" lon="-4.7062832"/>
 <node id="12839589766" visible="true" version="1" changeset="166292638" timestamp="2025-05-15T08:54:16Z" user="JakubS" uid="504620" lat="36.7735185" lon="-4.7070304"/>
 <node id="12839589767" visible="true" version="1" changeset="166292638" timestamp="2025-05-15T08:54:16Z" user="JakubS" uid="504620" lat="36.7740021" lon="-4.7069287"/>
 <node id="12839589768" visible="true" version="1" changeset="166292638" timestamp="2025-05-15T08:54:16Z" user="JakubS" uid="504620" lat="36.7760896" lon="-4.7064985"/>
 <node id="12839589769" visible="true" version="1" changeset="166292638" timestamp="2025-05-15T08:54:16Z" user="JakubS" uid="504620" lat="36.7772288" lon="-4.7062873"/>
 <node id="12839589770" visible="true" version="1" changeset="166292638" timestamp="2025-05-15T08:54:16Z" user="JakubS" uid="504620" lat="36.7787106" lon="-4.7052257"/>
 <node id="12839589771" visible="true" version="1" changeset="166292638" timestamp="2025-05-15T08:54:16Z" user="JakubS" uid="504620" lat="36.7799777" lon="-4.7042157"/>
 <node id="12839589772" visible="true" version="1" changeset="166292638" timestamp="2025-05-15T08:54:16Z" user="JakubS" uid="504620" lat="36.7804317" lon="-4.7038601"/>
 <node id="12839589773" visible="true" version="1" changeset="166292638" timestamp="2025-05-15T08:54:16Z" user="JakubS" uid="504620" lat="36.7807908" lon="-4.7034427"/>
 <node id="12839589774" visible="true" version="1" changeset="166292638" timestamp="2025-05-15T08:54:16Z" user="JakubS" uid="504620" lat="36.7809971" lon="-4.7032778"/>
 <node id="12839589775" visible="true" version="1" changeset="166292638" timestamp="2025-05-15T08:54:16Z" user="JakubS" uid="504620" lat="36.7811994" lon="-4.7031748"/>
 <node id="12839589776" visible="true" version="1" changeset="166292638" timestamp="2025-05-15T08:54:16Z" user="JakubS" uid="504620" lat="36.7814181" lon="-4.7031181"/>
 <node id="12839589777" visible="true" version="1" changeset="166292638" timestamp="2025-05-15T08:54:16Z" user="JakubS" uid="504620" lat="36.7816327" lon="-4.7031438"/>
 <node id="12839589778" visible="true" version="1" changeset="166292638" timestamp="2025-05-15T08:54:16Z" user="JakubS" uid="504620" lat="36.7822188" lon="-4.7034273"/>
 <node id="12839589779" visible="true" version="1" changeset="166292638" timestamp="2025-05-15T08:54:16Z" user="JakubS" uid="504620" lat="36.7829122" lon="-4.7036592"/>
 <node id="12839589780" visible="true" version="1" changeset="166292638" timestamp="2025-05-15T08:54:16Z" user="JakubS" uid="504620" lat="36.7835395" lon="-4.7038189"/>
 <node id="12839589781" visible="true" version="1" changeset="166292638" timestamp="2025-05-15T08:54:16Z" user="JakubS" uid="504620" lat="36.7837830" lon="-4.7038601"/>
 <node id="12839589782" visible="true" version="1" changeset="166292638" timestamp="2025-05-15T08:54:16Z" user="JakubS" uid="504620" lat="36.7845259" lon="-4.7038189"/>
 <node id="12839589783" visible="true" version="1" changeset="166292638" timestamp="2025-05-15T08:54:16Z" user="JakubS" uid="504620" lat="36.7854545" lon="-4.7038034"/>
 <node id="12839589784" visible="true" version="1" changeset="166292638" timestamp="2025-05-15T08:54:16Z" user="JakubS" uid="504620" lat="36.7858301" lon="-4.7038086"/>
 <node id="12839589785" visible="true" version="1" changeset="166292638" timestamp="2025-05-15T08:54:16Z" user="JakubS" uid="504620" lat="36.7872951" lon="-4.7040199"/>
 <node id="12839589786" visible="true" version="1" changeset="166292638" timestamp="2025-05-15T08:54:16Z" user="JakubS" uid="504620" lat="36.7881164" lon="-4.7041178"/>
 <node id="12839589787" visible="true" version="1" changeset="166292638" timestamp="2025-05-15T08:54:16Z" user="JakubS" uid="504620" lat="36.7883393" lon="-4.7041023"/>
 <node id="12839589788" visible="true" version="1" changeset="166292638" timestamp="2025-05-15T08:54:16Z" user="JakubS" uid="504620" lat="36.7885167" lon="-4.7040199"/>
 <node id="12839589789" visible="true" version="1" changeset="166292638" timestamp="2025-05-15T08:54:16Z" user="JakubS" uid="504620" lat="36.7886240" lon="-4.7039477"/>
 <node id="12839589790" visible="true" version="1" changeset="166292638" timestamp="2025-05-15T08:54:16Z" user="JakubS" uid="504620" lat="36.7887561" lon="-4.7037210"/>
 <node id="12839589791" visible="true" version="1" changeset="166292638" timestamp="2025-05-15T08:54:16Z" user="JakubS" uid="504620" lat="36.7890202" lon="-4.7027857"/>
 <node id="12839589792" visible="true" version="1" changeset="166292638" timestamp="2025-05-15T08:54:16Z" user="JakubS" uid="504620" lat="36.7895237" lon="-4.7010465"/>
 <node id="12839589793" visible="true" version="1" changeset="166292638" timestamp="2025-05-15T08:54:16Z" user="JakubS" uid="504620" lat="36.7895938" lon="-4.7008172"/>
 <node id="12839589794" visible="true" version="1" changeset="166292638" timestamp="2025-05-15T08:54:16Z" user="JakubS" uid="504620" lat="36.7897568" lon="-4.7005389"/>
 <node id="12839589795" visible="true" version="1" changeset="166292638" timestamp="2025-05-15T08:54:16Z" user="JakubS" uid="504620" lat="36.7898724" lon="-4.7004410"/>
 <node id="12839589796" visible="true" version="1" changeset="166292638" timestamp="2025-05-15T08:54:16Z" user="JakubS" uid="504620" lat="36.7906627" lon="-4.7000545"/>
 <node id="12839589797" visible="true" version="1" changeset="166292638" timestamp="2025-05-15T08:54:16Z" user="JakubS" uid="504620" lat="36.7916572" lon="-4.6996036"/>
 <node id="13173148961" visible="true" version="1" changeset="172476793" timestamp="2025-09-26T09:56:40Z" user="kapazao" uid="7543375" lat="36.7637147" lon="-4.7040588"/>
 <node id="13173148962" visible="true" version="1" changeset="172476793" timestamp="2025-09-26T09:56:40Z" user="kapazao" uid="7543375" lat="36.7637661" lon="-4.7040337"/>
 <node id="13173148963" visible="true" version="1" changeset="172476793" timestamp="2025-09-26T09:56:40Z" user="kapazao" uid="7543375" lat="36.7644985" lon="-4.7040416">
  <tag k="noexit" v="yes"/>
 </node>
 <way id="29021033" visible="true" version="47" changeset="136370658" timestamp="2023-05-21T12:38:34Z" user="Hugoren Martinako" uid="3392826">
  <nd ref="2303118854"/>
  <nd ref="1163266080"/>
  <nd ref="2303118853"/>
  <nd ref="1910201748"/>
  <nd ref="1166262945"/>
  <nd ref="1163265192"/>
  <nd ref="1163264064"/>
  <nd ref="1166262827"/>
  <nd ref="4538375094"/>
  <nd ref="1163264559"/>
  <nd ref="1166262849"/>
  <nd ref="1163263246"/>
  <nd ref="1166262800"/>
  <nd ref="4210031682"/>
  <nd ref="1166262782"/>
  <nd ref="4210031660"/>
  <nd ref="1163261988"/>
  <nd ref="4538375093"/>
  <nd ref="4210040906"/>
  <nd ref="4210040891"/>
  <nd ref="1163264913"/>
  <nd ref="1163265498"/>
  <nd ref="4210040905"/>
  <nd ref="4210031683"/>
  <nd ref="2297984499"/>
  <nd ref="4210040904"/>
  <nd ref="4210031661"/>
  <nd ref="4202516090"/>
  <nd ref="1163264267"/>
  <nd ref="2297984498"/>
  <nd ref="4202494388"/>
  <nd ref="4210040907"/>
  <nd ref="1166262991"/>
  <nd ref="4538375091"/>
  <nd ref="1163262790"/>
  <nd ref="4488027399"/>
  <nd ref="1163265969"/>
  <nd ref="1163264823"/>
  <nd ref="4210031667"/>
  <nd ref="1166263043"/>
  <nd ref="4210055497"/>
  <nd ref="1163263580"/>
  <nd ref="4210040901"/>
  <nd ref="1166262910"/>
  <nd ref="4210040899"/>
  <nd ref="1163262187"/>
  <nd ref="4210031646"/>
  <nd ref="4210031644"/>
  <nd ref="1166262895"/>
  <nd ref="1166262839"/>
  <nd ref="4210031671"/>
  <nd ref="4210031678"/>
  <nd ref="1166262973"/>
  <nd ref="1166262795"/>
  <nd ref="4210031680"/>
  <nd ref="4210031665"/>
  <nd ref="1163265822"/>
  <nd ref="4538375090"/>
  <nd ref="4210031664"/>
  <nd ref="4210031679"/>
  <nd ref="501584839"/>
  <nd ref="1166263031"/>
  <nd ref="501584840"/>
  <nd ref="4210031676"/>
  <nd ref="501584841"/>
  <nd ref="895882214"/>
  <nd ref="4210031687"/>
  <nd ref="895881862"/>
  <nd ref="895882490"/>
  <nd ref="501584842"/>
  <nd ref="895882171"/>
  <nd ref="501584843"/>
  <nd ref="501584844"/>
  <nd ref="1166262881"/>
  <nd ref="501584845"/>
  <nd ref="4210040896"/>
  <nd ref="501584847"/>
  <nd ref="1166262958"/>
  <nd ref="501584848"/>
  <nd ref="4538375089"/>
  <nd ref="4210040902"/>
  <nd ref="4538374988"/>
  <nd ref="1163265150"/>
  <nd ref="501584850"/>
  <nd ref="4538374987"/>
  <nd ref="501584851"/>
  <nd ref="4538374986"/>
  <nd ref="1166262828"/>
  <nd ref="4538374985"/>
  <nd ref="501584852"/>
  <nd ref="501584853"/>
  <nd ref="4538374984"/>
  <nd ref="9930294174"/>
  <nd ref="501584854"/>
  <nd ref="4538374983"/>
  <nd ref="4538374982"/>
  <nd ref="501584855"/>
  <nd ref="4538374981"/>
  <nd ref="501584856"/>
  <nd ref="1166262858"/>
  <nd ref="501584858"/>
  <nd ref="4538374980"/>
  <nd ref="1166262786"/>
  <nd ref="4538374979"/>
  <nd ref="501584859"/>
  <nd ref="4258354890"/>
  <nd ref="501584860"/>
  <nd ref="4538374978"/>
  <nd ref="1166262803"/>
  <nd ref="501584861"/>
  <nd ref="4538374977"/>
  <nd ref="501584862"/>
  <nd ref="501584863"/>
  <nd ref="4538374976"/>
  <nd ref="501584864"/>
  <nd ref="4538374975"/>
  <nd ref="501584866"/>
  <nd ref="1166262835"/>
  <nd ref="4538374974"/>
  <nd ref="501584867"/>
  <nd ref="4538374973"/>
  <nd ref="4538374972"/>
  <nd ref="501584868"/>
  <nd ref="4538374971"/>
  <nd ref="4538374970"/>
  <nd ref="501584869"/>
  <nd ref="4538374969"/>
  <nd ref="4538374968"/>
  <nd ref="501584870"/>
  <nd ref="4538374967"/>
  <nd ref="4538374966"/>
  <nd ref="4538374965"/>
  <nd ref="501584871"/>
  <nd ref="4538374964"/>
  <nd ref="501584872"/>
  <nd ref="895881943"/>
  <nd ref="895882305"/>
  <nd ref="895882437"/>
  <nd ref="501584874"/>
  <nd ref="501584875"/>
  <nd ref="4538374963"/>
  <nd ref="4538374962"/>
  <nd ref="501584876"/>
  <nd ref="1166263036"/>
  <nd ref="4538374961"/>
  <nd ref="4379627680"/>
  <nd ref="501584877"/>
  <nd ref="4538374960"/>
  <nd ref="1166262792"/>
  <nd ref="501584878"/>
  <nd ref="4192715696"/>
  <nd ref="4258060814"/>
  <nd ref="4258060808"/>
  <nd ref="501584879"/>
  <nd ref="4538374958"/>
  <nd ref="4538374957"/>
  <nd ref="501584880"/>
  <nd ref="4538374956"/>
  <nd ref="1166262970"/>
  <nd ref="4538374955"/>
  <nd ref="501584882"/>
  <nd ref="1166263004"/>
  <nd ref="501584883"/>
  <nd ref="501584884"/>
  <nd ref="501584885"/>
  <nd ref="1166262865"/>
  <nd ref="2815328184"/>
  <nd ref="501584886"/>
  <nd ref="4072091436"/>
  <nd ref="2978294871"/>
  <nd ref="2815328178"/>
  <nd ref="501584887"/>
  <nd ref="4258060725"/>
  <nd ref="4258060728"/>
  <nd ref="1166262933"/>
  <nd ref="4258060736"/>
  <nd ref="501584888"/>
  <nd ref="501584890"/>
  <nd ref="4258060721"/>
  <nd ref="501584891"/>
  <nd ref="4538374954"/>
  <nd ref="501584892"/>
  <nd ref="4156434068"/>
  <nd ref="4156434066"/>
  <nd ref="4156434062"/>
  <nd ref="4156434037"/>
  <nd ref="501584893"/>
  <nd ref="4156433998"/>
  <nd ref="4156433993"/>
  <nd ref="501584894"/>
  <nd ref="1166262979"/>
  <nd ref="1166262923"/>
  <nd ref="501584895"/>
  <nd ref="1166262771"/>
  <nd ref="1166262846"/>
  <nd ref="1166262812"/>
  <nd ref="4156433935"/>
  <nd ref="501584896"/>
  <nd ref="4538374953"/>
  <nd ref="501584897"/>
  <nd ref="4538374952"/>
  <nd ref="501584899"/>
  <nd ref="1166262817"/>
  <nd ref="501584900"/>
  <nd ref="1166263016"/>
  <nd ref="4538374951"/>
  <nd ref="4538374950"/>
  <nd ref="501584901"/>
  <nd ref="4538374949"/>
  <nd ref="501584902"/>
  <nd ref="501584903"/>
  <nd ref="1166262984"/>
  <nd ref="4158346744"/>
  <nd ref="4158346742"/>
  <nd ref="501584904"/>
  <nd ref="1166262939"/>
  <nd ref="501584905"/>
  <nd ref="1166262777"/>
  <nd ref="2815347983"/>
  <nd ref="501584906"/>
  <nd ref="1166262875"/>
  <nd ref="501584907"/>
  <nd ref="1166262954"/>
  <nd ref="501584909"/>
  <nd ref="501584911"/>
  <nd ref="501584912"/>
  <nd ref="4379627628"/>
  <nd ref="501584913"/>
  <nd ref="4538374936"/>
  <nd ref="501584914"/>
  <nd ref="4538374935"/>
  <nd ref="501584916"/>
  <nd ref="4538374934"/>
  <nd ref="501584917"/>
  <nd ref="4538374933"/>
  <nd ref="501584918"/>
  <nd ref="4539676287"/>
  <nd ref="4539676288"/>
  <nd ref="4539676292"/>
  <nd ref="4539676289"/>
  <nd ref="501584919"/>
  <nd ref="4539665076"/>
  <nd ref="501584920"/>
  <nd ref="4538374932"/>
  <nd ref="4538374931"/>
  <nd ref="501584921"/>
  <nd ref="4538374930"/>
  <nd ref="501584922"/>
  <nd ref="501584924"/>
  <nd ref="501584925"/>
  <nd ref="501584926"/>
  <nd ref="501584927"/>
  <nd ref="501584928"/>
  <nd ref="501584929"/>
  <nd ref="501584931"/>
  <nd ref="4538374929"/>
  <nd ref="501584932"/>
  <nd ref="501584934"/>
  <nd ref="501584936"/>
  <nd ref="501584937"/>
  <nd ref="501584938"/>
  <nd ref="501584939"/>
  <nd ref="501584941"/>
  <nd ref="501584942"/>
  <nd ref="4538374919"/>
  <tag k="name" v="Río Guadalhorce"/>
  <tag k="source" v="yahoo + IDEE.es"/>
  <tag k="waterway" v="river"/>
 </way>
 <way id="41110746" visible="true" version="13" changeset="163735806" timestamp="2025-03-17T14:48:02Z" user="ramonz" uid="2047207">
  <nd ref="1166276744"/>
  <nd ref="12673290212"/>
  <nd ref="1166276697"/>
  <nd ref="1166276835"/>
  <nd ref="1163262995"/>
  <nd ref="1166276805"/>
  <nd ref="1166276827"/>
  <nd ref="1166276773"/>
  <nd ref="5738130736"/>
  <nd ref="1163264365"/>
  <nd ref="1166276796"/>
  <nd ref="1166276730"/>
  <nd ref="1166276762"/>
  <nd ref="1166276852"/>
  <nd ref="1163265695"/>
  <nd ref="1166276817"/>
  <nd ref="1166276761"/>
  <nd ref="1166276718"/>
  <nd ref="1166276787"/>
  <nd ref="1163265032"/>
  <nd ref="1166276755"/>
  <nd ref="1166276845"/>
  <nd ref="1166276705"/>
  <nd ref="1166276811"/>
  <nd ref="1163262120"/>
  <nd ref="1166276831"/>
  <nd ref="1166276793"/>
  <nd ref="1166276775"/>
  <nd ref="1163265319"/>
  <nd ref="1166276728"/>
  <nd ref="1166276823"/>
  <nd ref="1166276799"/>
  <nd ref="1163264752"/>
  <nd ref="1166276739"/>
  <nd ref="1166276692"/>
  <nd ref="1166276770"/>
  <nd ref="1163266232"/>
  <nd ref="1163263027"/>
  <nd ref="1166276724"/>
  <nd ref="1166276693"/>
  <nd ref="1163264407"/>
  <nd ref="1163265447"/>
  <nd ref="1163262421"/>
  <nd ref="1166276849"/>
  <nd ref="1166276707"/>
  <nd ref="1166276760"/>
  <nd ref="1163263914"/>
  <nd ref="1163265080"/>
  <nd ref="1166276834"/>
  <nd ref="1166276812"/>
  <nd ref="1163264505"/>
  <nd ref="1166276777"/>
  <nd ref="1163265871"/>
  <nd ref="1163262713"/>
  <nd ref="1166276800"/>
  <nd ref="1163264211"/>
  <nd ref="1163263600"/>
  <nd ref="1166276740"/>
  <nd ref="1163264836"/>
  <nd ref="1163266332"/>
  <nd ref="1163263122"/>
  <nd ref="1163262456"/>
  <nd ref="1163263979"/>
  <nd ref="1163265131"/>
  <nd ref="1163262206"/>
  <nd ref="1163265986"/>
  <nd ref="1163262800"/>
  <nd ref="1166276715"/>
  <nd ref="1163264276"/>
  <nd ref="1166276815"/>
  <nd ref="1166276836"/>
  <nd ref="1163265517"/>
  <nd ref="1163264931"/>
  <nd ref="1166276780"/>
  <nd ref="1163262001"/>
  <nd ref="4192715694"/>
  <nd ref="1163263252"/>
  <nd ref="1163264569"/>
  <nd ref="1166276809"/>
  <nd ref="1163264077"/>
  <nd ref="1163265204"/>
  <nd ref="4192715693"/>
  <nd ref="1166276786"/>
  <nd ref="1166276748"/>
  <nd ref="1163262268"/>
  <nd ref="501585013"/>
  <nd ref="501585011"/>
  <nd ref="501585010"/>
  <nd ref="1166276716"/>
  <nd ref="501585009"/>
  <nd ref="1166276751"/>
  <nd ref="12438945192"/>
  <nd ref="12438945191"/>
  <nd ref="1166276840"/>
  <nd ref="4192715697"/>
  <nd ref="501585008"/>
  <nd ref="4192715692"/>
  <nd ref="1166276704"/>
  <nd ref="501585007"/>
  <nd ref="501585006"/>
  <nd ref="501585005"/>
  <nd ref="1166276734"/>
  <nd ref="501585004"/>
  <nd ref="1166276765"/>
  <nd ref="4192704887"/>
  <nd ref="501585003"/>
  <nd ref="4192715690"/>
  <nd ref="1166276691"/>
  <nd ref="501585001"/>
  <nd ref="501585000"/>
  <nd ref="501584999"/>
  <nd ref="4192715689"/>
  <nd ref="501584998"/>
  <nd ref="4192704888"/>
  <nd ref="5370250905"/>
  <nd ref="501584997"/>
  <nd ref="1166276721"/>
  <nd ref="501584996"/>
  <nd ref="1166276822"/>
  <nd ref="501584995"/>
  <nd ref="3815897865"/>
  <nd ref="501584994"/>
  <nd ref="501584992"/>
  <nd ref="4379629340"/>
  <nd ref="501584991"/>
  <nd ref="1166276847"/>
  <nd ref="501584990"/>
  <nd ref="1166276790"/>
  <nd ref="501584989"/>
  <nd ref="501584884"/>
  <tag k="boat" v="no"/>
  <tag k="name" v="Arroyo de Casarabonella"/>
  <tag k="source" v="IDEE.es"/>
  <tag k="waterway" v="stream"/>
 </way>
 <way id="75901632" visible="true" version="2" changeset="56624761" timestamp="2018-02-23T23:52:27Z" user="alan_gr" uid="5307206">
  <nd ref="895881566"/>
  <nd ref="895881981"/>
  <tag k="highway" v="residential"/>
  <tag k="name" v="Calle La Peña"/>
 </way>
 <way id="75901633" visible="true" version="2" changeset="19969704" timestamp="2014-01-13T11:15:41Z" user="Leonardo Velasco" uid="241061">
  <nd ref="895882354"/>
  <nd ref="895882163"/>
  <nd ref="895881825"/>
  <nd ref="895881776"/>
  <nd ref="895882449"/>
  <nd ref="895882148"/>
  <tag k="highway" v="residential"/>
  <tag k="name" v="Calle Antonio Machado"/>
 </way>
 <way id="75901637" visible="true" version="8" changeset="143261319" timestamp="2023-10-28T13:11:51Z" user="JJJWegdam" uid="1758654">
  <nd ref="895881612"/>
  <nd ref="895881745"/>
  <nd ref="895881803"/>
  <nd ref="7567516178"/>
  <nd ref="895882346"/>
  <nd ref="895881960"/>
  <nd ref="895882111"/>
  <nd ref="895881748"/>
  <tag k="electrified" v="contact_line"/>
  <tag k="frequency" v="0"/>
  <tag k="gauge" v="1668"/>
  <tag k="maxspeed" v="160"/>
  <tag k="name" v="FFCC Córdoba - Málaga"/>
  <tag k="name:de" v="Bahnstrecke Córdoba - Málaga"/>
  <tag k="operator" v="Adif"/>
  <tag k="railway" v="rail"/>
  <tag k="railway:asfa" v="yes"/>
  <tag k="ref" v="430"/>
  <tag k="usage" v="main"/>
  <tag k="voltage" v="3000"/>
 </way>
 <way id="75901644" visible="true" version="3" changeset="189352479" timestamp="2026-09-21T14:38:45Z" user="UNKNOWN2893757" uid="226908">
  <nd ref="895882452"/>
  <nd ref="895882212"/>
  <nd ref="895882469"/>
  <nd ref="895881776"/>
  <nd ref="895881997"/>
  <nd ref="895882270"/>
  <nd ref="895881707"/>
  <nd ref="895882440"/>
  <tag k="highway" v="residential"/>
  <tag k="name" v="Calle Rafael Alberti"/>
  <tag k="name:etymology:wikidata" v="Q118936"/>
 </way>
 <way id="75901645" visible="true" version="3" changeset="189556803" timestamp="2026-09-25T17:55:43Z" user="UNKNOWN2893757" uid="226908">
  <nd ref="895881967"/>
  <nd ref="895881607"/>
  <nd ref="895881825"/>
  <nd ref="895881678"/>
  <nd ref="895881542"/>
  <nd ref="895882181"/>
  <tag k="highway" v="residential"/>
  <tag k="name" v="Calle Miguel Hernández"/>
  <tag k="name:etymology:wikidata" v="Q332088"/>
 </way>
 <way id="75901651" visible="true" version="7" changeset="143261319" timestamp="2023-10-28T13:11:51Z" user="JJJWegdam" uid="1758654">
  <nd ref="895882247"/>
  <nd ref="9601682909"/>
  <nd ref="9601698917"/>
  <nd ref="9601682907"/>
  <tag k="electrified" v="contact_line"/>
  <tag k="frequency" v="0"/>
  <tag k="gauge" v="1668"/>
  <tag k="maxspeed" v="160"/>
  <tag k="railway" v="rail"/>
  <tag k="railway:asfa" v="yes"/>
  <tag k="service" v="siding"/>
  <tag k="voltage" v="3000"/>
 </way>
 <way id="75901653" visible="true" version="8" changeset="163342782" timestamp="2025-03-07T20:30:41Z" user="Peri3" uid="14595185">
  <nd ref="1079135880"/>
  <nd ref="1079135022"/>
  <nd ref="2506193442"/>
  <nd ref="2506193441"/>
  <nd ref="12644112502"/>
  <nd ref="12644108697"/>
  <tag k="highway" v="residential"/>
  <tag k="name" v="Calle Gibralmora"/>
 </way>
 <way id="75901655" visible="true" version="8" changeset="143261319" timestamp="2023-10-28T13:11:51Z" user="JJJWegdam" uid="1758654">
  <nd ref="895882007"/>
  <nd ref="895881612"/>
  <tag k="bridge" v="yes"/>
  <tag k="electrified" v="contact_line"/>
  <tag k="frequency" v="0"/>
  <tag k="gauge" v="1668"/>
  <tag k="layer" v="1"/>
  <tag k="maxspeed" v="160"/>
  <tag k="name" v="FFCC Córdoba - Málaga"/>
  <tag k="name:de" v="Bahnstrecke Córdoba - Málaga"/>
  <tag k="operator" v="Adif"/>
  <tag k="railway" v="rail"/>
  <tag k="railway:asfa" v="yes"/>
  <tag k="ref" v="430"/>
  <tag k="usage" v="main"/>
  <tag k="voltage" v="3000"/>
 </way>
 <way id="75901657" visible="true" version="7" changeset="95902225" timestamp="2020-12-15T21:55:27Z" user="itrivi" uid="2021536">
  <nd ref="895882335"/>
  <nd ref="895882209"/>
  <nd ref="895881605"/>
  <nd ref="4539723248"/>
  <nd ref="895882386"/>
  <nd ref="895881861"/>
  <nd ref="895882399"/>
  <tag k="highway" v="residential"/>
  <tag k="name" v="Camino Parador"/>
 </way>
 <way id="75901658" visible="true" version="6" changeset="189558353" timestamp="2026-09-25T18:36:37Z" user="UNKNOWN2893757" uid="226908">
  <nd ref="895882086"/>
  <nd ref="895882469"/>
  <nd ref="895881678"/>
  <nd ref="6271710664"/>
  <nd ref="895882365"/>
  <tag k="highway" v="residential"/>
  <tag k="name" v="Avenida de la Constitución"/>
  <tag k="name:etymology:wikidata" v="Q847664"/>
 </way>
 <way id="75901661" visible="true" version="4" changeset="189413636" timestamp="2026-09-22T18:02:40Z" user="UNKNOWN2893757" uid="226908">
  <nd ref="895882268"/>
  <nd ref="895881935"/>
  <nd ref="895882343"/>
  <nd ref="895882289"/>
  <nd ref="895882140"/>
  <nd ref="895882120"/>
  <nd ref="895882148"/>
  <nd ref="895882331"/>
  <nd ref="895882086"/>
  <nd ref="895882425"/>
  <nd ref="895881578"/>
  <nd ref="895882452"/>
  <nd ref="895882181"/>
  <nd ref="895882025"/>
  <nd ref="895882363"/>
  <nd ref="895882229"/>
  <tag k="highway" v="residential"/>
  <tag k="name" v="Calle Juan Ramón Jiménez"/>
  <tag k="name:etymology:wikidata" v="Q131318"/>
 </way>
 <way id="75901662" visible="true" version="3" changeset="144044829" timestamp="2023-11-15T10:09:01Z" user="kapazao_import" uid="8770019">
  <nd ref="895882163"/>
  <nd ref="895881967"/>
  <nd ref="895882270"/>
  <nd ref="895882343"/>
  <tag k="highway" v="residential"/>
  <tag k="name" v="Calle Vicente Aleixandre"/>
  <tag k="name:etymology:wikidata" v="Q134644"/>
 </way>
 <way id="75901673" visible="true" version="5" changeset="92640614" timestamp="2020-10-17T19:57:38Z" user="Begavil84" uid="1725439">
  <nd ref="895882069"/>
  <nd ref="895881566"/>
  <nd ref="895882320"/>
  <nd ref="895882043"/>
  <nd ref="895881707"/>
  <nd ref="895881536"/>
  <nd ref="895881978"/>
  <nd ref="4539696122"/>
  <nd ref="895882268"/>
  <tag k="highway" v="residential"/>
  <tag k="name" v="Calle Dámaso Alonso"/>
  <tag k="source" v="Catastro Spain 2016"/>
 </way>
 <way id="75901674" visible="true" version="2" changeset="19969704" timestamp="2014-01-13T11:15:41Z" user="Leonardo Velasco" uid="241061">
  <nd ref="895881775"/>
  <nd ref="895881542"/>
  <nd ref="895882212"/>
  <nd ref="895881701"/>
  <nd ref="895882425"/>
  <tag k="highway" v="residential"/>
  <tag k="name" v="Calle García Lorca"/>
 </way>
 <way id="75901678" visible="true" version="2" changeset="19969704" timestamp="2014-01-13T11:15:42Z" user="Leonardo Velasco" uid="241061">
  <nd ref="895881607"/>
  <nd ref="895881997"/>
  <nd ref="895882120"/>
  <tag k="highway" v="residential"/>
  <tag k="name" v="Calle Tierno Galván"/>
 </way>
 <way id="93099574" visible="true" version="6" changeset="147148330" timestamp="2024-02-06T19:22:44Z" user="alan_gr" uid="5307206">
  <nd ref="1079135088"/>
  <nd ref="1079133710"/>
  <nd ref="1079134535"/>
  <nd ref="1079135928"/>
  <nd ref="1625791696"/>
  <nd ref="1079134018"/>
  <nd ref="1625791705"/>
  <nd ref="1625791706"/>
  <nd ref="1079135619"/>
  <nd ref="1625791707"/>
  <nd ref="11592615261"/>
  <nd ref="1079133605"/>
  <nd ref="1079135331"/>
  <nd ref="1625791719"/>
  <nd ref="1625791723"/>
  <nd ref="1079135850"/>
  <nd ref="1079134972"/>
  <nd ref="1079135509"/>
  <nd ref="1079134385"/>
  <nd ref="1079135253"/>
  <nd ref="1079133924"/>
  <nd ref="1079134850"/>
  <nd ref="1079133403"/>
  <nd ref="1079134286"/>
  <nd ref="1079135782"/>
  <nd ref="1625791740"/>
  <nd ref="1079133860"/>
  <nd ref="1625791741"/>
  <nd ref="1079135466"/>
  <nd ref="1079136026"/>
  <nd ref="1625791742"/>
  <nd ref="1079135174"/>
  <nd ref="1079135707"/>
  <nd ref="1079134697"/>
  <nd ref="1079135411"/>
  <nd ref="1079134125"/>
  <nd ref="1079135095"/>
  <nd ref="11592615262"/>
  <nd ref="1079133735"/>
  <nd ref="1079134572"/>
  <nd ref="1079135942"/>
  <nd ref="1079134037"/>
  <nd ref="11592615263"/>
  <nd ref="1079135638"/>
  <nd ref="1079133618"/>
  <nd ref="11592615264"/>
  <nd ref="11592615265"/>
  <nd ref="1079135339"/>
  <nd ref="1079135866"/>
  <nd ref="1079135000"/>
  <nd ref="1079135545"/>
  <nd ref="1079134425"/>
  <nd ref="1079135281"/>
  <nd ref="1079133958"/>
  <nd ref="1079134874"/>
  <nd ref="1079133435"/>
  <nd ref="1079134327"/>
  <nd ref="1079135800"/>
  <nd ref="10561934613"/>
  <nd ref="1079135424"/>
  <tag k="bicycle" v="no"/>
  <tag k="foot" v="yes"/>
  <tag k="highway" v="path"/>
  <tag k="mtb:scale" v="2"/>
  <tag k="sac_scale" v="mountain_hiking"/>
  <tag k="surface" v="unpaved"/>
  <tag k="trail_visibility" v="good"/>
 </way>
 <way id="93099629" visible="true" version="4" changeset="163342782" timestamp="2025-03-07T20:30:41Z" user="Peri3" uid="14595185">
  <nd ref="1079135331"/>
  <nd ref="1079133400"/>
  <nd ref="1079134819"/>
  <nd ref="1079133921"/>
  <nd ref="1079135250"/>
  <nd ref="4346085575"/>
  <nd ref="4346085576"/>
  <nd ref="4346085577"/>
  <nd ref="4346085578"/>
  <nd ref="4346085579"/>
  <nd ref="4346085580"/>
  <nd ref="4346085581"/>
  <nd ref="4346085585"/>
  <nd ref="4346085582"/>
  <tag k="bicycle" v="no"/>
  <tag k="foot" v="yes"/>
  <tag k="highway" v="path"/>
  <tag k="mtb:scale" v="2"/>
  <tag k="sac_scale" v="mountain_hiking"/>
  <tag k="surface" v="unpaved"/>
  <tag k="trail_visibility" v="good"/>
 </way>
 <way id="93099636" visible="true" version="5" changeset="56938478" timestamp="2018-03-06T15:07:28Z" user="alan_gr" uid="5307206">
  <nd ref="1079135022"/>
  <nd ref="2506201984"/>
  <nd ref="2178863649"/>
  <nd ref="1079135355"/>
  <tag k="highway" v="residential"/>
  <tag k="name" v="Calle Sauce"/>
  <tag k="surface" v="asphalt"/>
 </way>
 <way id="93099644" visible="true" version="1" changeset="6841640" timestamp="2011-01-02T18:28:44Z" user="puhuri" uid="136065">
  <nd ref="1079133934"/>
  <nd ref="1079134624"/>
  <nd ref="1079135660"/>
  <nd ref="1079135122"/>
  <nd ref="1079133934"/>
  <tag k="leisure" v="pitch"/>
  <tag k="sport" v="soccer"/>
 </way>
 <way id="146381524" visible="true" version="11" changeset="150564586" timestamp="2024-04-27T05:33:07Z" user="kräckel" uid="1092114">
  <nd ref="2178863651"/>
  <nd ref="2178863631"/>
  <nd ref="2178863642"/>
  <nd ref="11853477440"/>
  <nd ref="2506193433"/>
  <nd ref="11853477439"/>
  <nd ref="2178863637"/>
  <nd ref="8017288710"/>
  <nd ref="2178863638"/>
  <nd ref="2178863634"/>
  <nd ref="2178863645"/>
  <nd ref="2178863640"/>
  <nd ref="2178863650"/>
  <nd ref="2178863647"/>
  <nd ref="895882067"/>
  <nd ref="1596527667"/>
  <nd ref="1596527665"/>
  <nd ref="1596527661"/>
  <nd ref="1596527696"/>
  <nd ref="1596527698"/>
  <nd ref="1596527671"/>
  <nd ref="1596527669"/>
  <nd ref="1596527673"/>
  <nd ref="1596527709"/>
  <nd ref="1596527708"/>
  <nd ref="1596527674"/>
  <tag k="highway" v="residential"/>
  <tag k="name" v="Ronda del Olivar"/>
  <tag k="oneway" v="no"/>
  <tag k="source" v="Local knowledge"/>
  <tag k="surface" v="paved"/>
 </way>
 <way id="146381766" visible="true" version="10" changeset="163342825" timestamp="2025-03-07T20:32:22Z" user="Peri3" uid="14595185">
  <nd ref="2178850353"/>
  <nd ref="1596534429"/>
  <nd ref="1596534355"/>
  <nd ref="12644077551"/>
  <nd ref="1596534291"/>
  <nd ref="4346081059"/>
  <nd ref="1596534283"/>
  <nd ref="1596534319"/>
  <nd ref="2506193458"/>
  <nd ref="1596534489"/>
  <nd ref="1596534478"/>
  <nd ref="1596534281"/>
  <nd ref="1596534462"/>
  <nd ref="1596534495"/>
  <nd ref="12644108680"/>
  <nd ref="1596534280"/>
  <tag k="access" v="yes"/>
  <tag k="bicycle" v="yes"/>
  <tag k="foot" v="yes"/>
  <tag k="highway" v="residential"/>
  <tag k="name" v="Calle Algarrobo"/>
  <tag k="source" v="Local knowledge"/>
  <tag k="surface" v="sand"/>
 </way>
 <way id="149630803" visible="true" version="8" changeset="138942555" timestamp="2023-07-24T14:16:11Z" user="Robot8A" uid="393359">
  <nd ref="1625791727"/>
  <nd ref="1625791721"/>
  <nd ref="11065050341"/>
  <nd ref="2620914973"/>
  <nd ref="11065050340"/>
  <nd ref="1625791713"/>
  <nd ref="2620914967"/>
  <nd ref="11065050325"/>
  <nd ref="11065050335"/>
  <nd ref="1625791710"/>
  <nd ref="1625791711"/>
  <nd ref="1625791714"/>
  <nd ref="11065050333"/>
  <nd ref="2620914968"/>
  <nd ref="2620914969"/>
  <nd ref="5238746924"/>
  <nd ref="895882350"/>
  <nd ref="1625791725"/>
  <nd ref="1625791731"/>
  <nd ref="11065050334"/>
  <nd ref="1625791733"/>
  <nd ref="2620914971"/>
  <nd ref="1625791734"/>
  <nd ref="1625791732"/>
  <nd ref="1625791729"/>
  <nd ref="1625791727"/>
  <tag k="highway" v="secondary"/>
  <tag k="junction" v="roundabout"/>
  <tag k="ref" v="A-7054"/>
  <tag k="source" v="PNOA"/>
 </way>
 <way id="149630808" visible="true" version="7" changeset="138942555" timestamp="2023-07-24T14:16:11Z" user="Robot8A" uid="393359">
  <nd ref="1625791712"/>
  <nd ref="11065050328"/>
  <nd ref="1625791709"/>
  <nd ref="1625791708"/>
  <nd ref="2299680107"/>
  <tag k="highway" v="tertiary"/>
  <tag k="name" v="Calle Estación"/>
 </way>
 <way id="207635022" visible="true" version="5" changeset="92640614" timestamp="2020-10-17T19:57:38Z" user="Begavil84" uid="1725439">
  <nd ref="4815068895"/>
  <nd ref="4817471541"/>
  <nd ref="4539696116"/>
  <nd ref="2178850477"/>
  <nd ref="2178850407"/>
  <nd ref="2178850485"/>
  <nd ref="2178850317"/>
  <nd ref="4815068894"/>
  <nd ref="2178850377"/>
  <nd ref="4815068892"/>
  <nd ref="2178850367"/>
  <nd ref="2178850324"/>
  <nd ref="4815068891"/>
  <nd ref="2178850382"/>
  <nd ref="2178850481"/>
  <nd ref="2178850489"/>
  <nd ref="4817471555"/>
  <nd ref="4817471556"/>
  <nd ref="2178850422"/>
  <tag k="access" v="yes"/>
  <tag k="bicycle" v="yes"/>
  <tag k="foot" v="yes"/>
  <tag k="highway" v="residential"/>
  <tag k="name" v="Calle Gran Bretaña"/>
  <tag k="oneway" v="no"/>
  <tag k="source" v="Local knowledge"/>
  <tag k="surface" v="paved"/>
 </way>
 <way id="207635024" visible="true" version="7" changeset="189564946" timestamp="2026-09-25T22:35:21Z" user="UNKNOWN2893757" uid="226908">
  <nd ref="1596527687"/>
  <nd ref="2506185676"/>
  <nd ref="4309843208"/>
  <nd ref="2506185672"/>
  <nd ref="2506185678"/>
  <nd ref="1596527693"/>
  <nd ref="1596527707"/>
  <tag k="highway" v="residential"/>
  <tag k="name" v="Avenida de Europa"/>
  <tag k="name:etymology:wikidata" v="Q46"/>
  <tag k="oneway" v="yes"/>
  <tag k="source" v="Local knowledge"/>
  <tag k="surface" v="paved"/>
 </way>
 <way id="207635025" visible="true" version="5" changeset="189412297" timestamp="2026-09-22T17:33:20Z" user="UNKNOWN2893757" uid="226908">
  <nd ref="2178850429"/>
  <nd ref="2178850397"/>
  <nd ref="2178850313"/>
  <nd ref="2178850499"/>
  <nd ref="2178850302"/>
  <nd ref="2178850500"/>
  <nd ref="2178850357"/>
  <nd ref="2178850294"/>
  <nd ref="8017288698"/>
  <nd ref="1596527676"/>
  <nd ref="2178850374"/>
  <nd ref="2178850474"/>
  <nd ref="2178850491"/>
  <nd ref="2178850347"/>
  <nd ref="2178850400"/>
  <nd ref="8017288700"/>
  <nd ref="2178850329"/>
  <nd ref="2178850417"/>
  <nd ref="2178850487"/>
  <nd ref="2178850389"/>
  <nd ref="1596527687"/>
  <nd ref="8017288699"/>
  <nd ref="2620913602"/>
  <nd ref="2178850429"/>
  <tag k="highway" v="residential"/>
  <tag k="junction" v="roundabout"/>
  <tag k="name" v="Plaza de España"/>
  <tag k="name:etymology:wikidata" v="Q29"/>
 </way>
 <way id="207635027" visible="true" version="2" changeset="48152022" timestamp="2017-04-26T06:56:39Z" user="Samuel_MTB" uid="5728880">
  <nd ref="2178850477"/>
  <nd ref="2178850497"/>
  <nd ref="2178850321"/>
  <nd ref="2178850460"/>
  <nd ref="2178850432"/>
  <nd ref="2178850501"/>
  <nd ref="2178850481"/>
  <tag k="highway" v="residential"/>
  <tag k="name" v="Calle Grecia"/>
 </way>
 <way id="207635029" visible="true" version="6" changeset="189564946" timestamp="2026-09-25T22:35:21Z" user="UNKNOWN2893757" uid="226908">
  <nd ref="1596527674"/>
  <nd ref="4817471551"/>
  <nd ref="1596527675"/>
  <nd ref="1596527676"/>
  <tag k="highway" v="residential"/>
  <tag k="name" v="Avenida de Europa"/>
  <tag k="name:etymology:wikidata" v="Q46"/>
  <tag k="oneway" v="no"/>
  <tag k="source" v="Local knowledge"/>
  <tag k="surface" v="paved"/>
 </way>
 <way id="207635031" visible="true" version="5" changeset="189366377" timestamp="2026-09-21T19:57:15Z" user="UNKNOWN2893757" uid="226908">
  <nd ref="2178850285"/>
  <nd ref="2178850290"/>
  <nd ref="4817471560"/>
  <nd ref="8017288700"/>
  <tag k="highway" v="residential"/>
  <tag k="name" v="Calle Alemania"/>
  <tag k="name:etymology:wikidata" v="Q183"/>
 </way>
 <way id="207635033" visible="true" version="3" changeset="92640614" timestamp="2020-10-17T19:57:38Z" user="Begavil84" uid="1725439">
  <nd ref="8017288733"/>
  <nd ref="2178850457"/>
  <nd ref="2178850404"/>
  <nd ref="8017288730"/>
  <nd ref="1596527707"/>
  <nd ref="2178850419"/>
  <nd ref="2178850439"/>
  <nd ref="8017288731"/>
  <nd ref="2178850422"/>
  <nd ref="2178850424"/>
  <nd ref="2178850353"/>
  <nd ref="2178850498"/>
  <nd ref="8017288732"/>
  <nd ref="2178850297"/>
  <nd ref="2178850464"/>
  <nd ref="2178850467"/>
  <nd ref="2178850412"/>
  <nd ref="2178850426"/>
  <nd ref="2178850479"/>
  <nd ref="2178850414"/>
  <nd ref="2178850409"/>
  <nd ref="8017288733"/>
  <tag k="highway" v="residential"/>
  <tag k="junction" v="roundabout"/>
  <tag k="name" v="Plaza de Carlos Cano"/>
 </way>
 <way id="207635105" visible="true" version="3" changeset="48114802" timestamp="2017-04-25T08:14:25Z" user="Samuel_MTB" uid="5728880">
  <nd ref="4815068892"/>
  <nd ref="2178851299"/>
  <nd ref="2178851297"/>
  <nd ref="2178851296"/>
  <nd ref="4539696115"/>
  <nd ref="2178851293"/>
  <nd ref="2178851292"/>
  <nd ref="2178851298"/>
  <nd ref="2178851294"/>
  <nd ref="2178851295"/>
  <tag k="highway" v="unclassified"/>
 </way>
 <way id="207636350" visible="true" version="4" changeset="189428955" timestamp="2026-09-23T04:26:03Z" user="UNKNOWN2893757" uid="226908">
  <nd ref="1079134451"/>
  <nd ref="2178863653"/>
  <nd ref="2506193383"/>
  <nd ref="2178863655"/>
  <nd ref="2178863651"/>
  <nd ref="2506185665"/>
  <nd ref="2178850412"/>
  <tag k="highway" v="residential"/>
  <tag k="name" v="Calle Manuel de Falla"/>
  <tag k="name:etymology:wikidata" v="Q193283"/>
 </way>
 <way id="207636351" visible="true" version="6" changeset="56624761" timestamp="2018-02-23T23:52:29Z" user="alan_gr" uid="5307206">
  <nd ref="1596534324"/>
  <nd ref="1596534471"/>
  <nd ref="4346081026"/>
  <nd ref="1596534449"/>
  <nd ref="1596534242"/>
  <nd ref="4346081027"/>
  <nd ref="1596534358"/>
  <nd ref="1596534464"/>
  <nd ref="1596534302"/>
  <nd ref="1596534492"/>
  <nd ref="1596534332"/>
  <nd ref="1596534502"/>
  <nd ref="4346081028"/>
  <nd ref="4346081029"/>
  <nd ref="4346081030"/>
  <nd ref="1596534277"/>
  <nd ref="4346081031"/>
  <nd ref="1596534363"/>
  <nd ref="1596534458"/>
  <nd ref="1596534503"/>
  <nd ref="4346081032"/>
  <nd ref="1596534398"/>
  <nd ref="4346081033"/>
  <nd ref="1596534443"/>
  <nd ref="1596534445"/>
  <nd ref="1596534491"/>
  <nd ref="1596534453"/>
  <nd ref="1596534357"/>
  <nd ref="1596534282"/>
  <nd ref="1596534455"/>
  <nd ref="1596534510"/>
  <nd ref="1596534341"/>
  <nd ref="1596534468"/>
  <nd ref="1596534456"/>
  <nd ref="1596534286"/>
  <nd ref="4346081034"/>
  <nd ref="1596534461"/>
  <nd ref="1596534395"/>
  <nd ref="1596534356"/>
  <nd ref="4346081035"/>
  <nd ref="4346081036"/>
  <nd ref="1596534329"/>
  <nd ref="2546278983"/>
  <nd ref="2546278927"/>
  <nd ref="2546278928"/>
  <nd ref="2546278930"/>
  <nd ref="2546279061"/>
  <nd ref="2546279049"/>
  <nd ref="2546278932"/>
  <nd ref="2546278934"/>
  <nd ref="2546278935"/>
  <nd ref="2546279050"/>
  <nd ref="2546279048"/>
  <nd ref="2546278938"/>
  <nd ref="2546278940"/>
  <nd ref="2546278941"/>
  <nd ref="2546279038"/>
  <nd ref="2546279062"/>
  <nd ref="2546278988"/>
  <nd ref="2546279046"/>
  <nd ref="2546278950"/>
  <nd ref="2546279017"/>
  <nd ref="2546278991"/>
  <nd ref="2546279001"/>
  <nd ref="2546279006"/>
  <nd ref="2546278985"/>
  <nd ref="2546279021"/>
  <nd ref="2546279035"/>
  <nd ref="2546278945"/>
  <nd ref="2546278946"/>
  <nd ref="2546278947"/>
  <nd ref="2546278919"/>
  <nd ref="2546278998"/>
  <nd ref="2546278951"/>
  <nd ref="2546279012"/>
  <nd ref="2546278952"/>
  <nd ref="2546278989"/>
  <nd ref="2546279041"/>
  <nd ref="2546278948"/>
  <nd ref="2546278949"/>
  <nd ref="2546278977"/>
  <nd ref="2546278978"/>
  <nd ref="2546278979"/>
  <nd ref="2546278980"/>
  <nd ref="2546278982"/>
  <nd ref="2546278984"/>
  <nd ref="2546278986"/>
  <nd ref="2546279014"/>
  <nd ref="2546278987"/>
  <nd ref="2546278990"/>
  <nd ref="2546278992"/>
  <nd ref="2546278993"/>
  <nd ref="2546278995"/>
  <nd ref="2546278996"/>
  <nd ref="2546278999"/>
  <nd ref="2546279000"/>
  <nd ref="2546279008"/>
  <nd ref="2546279019"/>
  <nd ref="2546279025"/>
  <nd ref="2546279031"/>
  <nd ref="2546279047"/>
  <nd ref="1079134377"/>
  <tag k="access" v="yes"/>
  <tag k="bicycle" v="yes"/>
  <tag k="foot" v="yes"/>
  <tag k="highway" v="track"/>
  <tag k="name" v="Calle Algarrobo"/>
  <tag k="source" v="Local knowledge"/>
  <tag k="surface" v="sand"/>
  <tag k="tracktype" v="grade1"/>
 </way>
 <way id="215211030" visible="true" version="11" changeset="92640614" timestamp="2020-10-17T19:57:38Z" user="Begavil84" uid="1725439">
  <nd ref="2246175620"/>
  <nd ref="4815068897"/>
  <nd ref="2246175579"/>
  <nd ref="8017288702"/>
  <nd ref="8017288701"/>
  <nd ref="2246175597"/>
  <nd ref="4815068896"/>
  <nd ref="5432358134"/>
  <nd ref="2246175619"/>
  <nd ref="2246175616"/>
  <nd ref="2246175569"/>
  <nd ref="2246175614"/>
  <nd ref="2246175580"/>
  <nd ref="2246175581"/>
  <nd ref="4539723244"/>
  <nd ref="4539723243"/>
  <nd ref="4539723245"/>
  <nd ref="4539723246"/>
  <nd ref="4539723247"/>
  <nd ref="2246175584"/>
  <nd ref="2246175603"/>
  <nd ref="2728484711"/>
  <nd ref="2246175612"/>
  <nd ref="2246175587"/>
  <nd ref="2246175622"/>
  <nd ref="2246175613"/>
  <nd ref="2246175608"/>
  <nd ref="2246175593"/>
  <nd ref="2246175585"/>
  <nd ref="2246175618"/>
  <nd ref="2246175617"/>
  <nd ref="2246175595"/>
  <nd ref="2246175588"/>
  <nd ref="2246175598"/>
  <nd ref="1596545672"/>
  <nd ref="2246175566"/>
  <nd ref="2246175605"/>
  <nd ref="2246175602"/>
  <nd ref="2246175594"/>
  <nd ref="2246175591"/>
  <nd ref="5432358133"/>
  <nd ref="2246175582"/>
  <nd ref="2246175620"/>
  <tag k="landuse" v="residential"/>
 </way>
 <way id="220889868" visible="true" version="5" changeset="118823487" timestamp="2022-03-23T14:23:39Z" user="bkr" uid="40560">
  <nd ref="2299680107"/>
  <nd ref="2620914975"/>
  <nd ref="2620914977"/>
  <nd ref="2299680106"/>
  <tag k="highway" v="residential"/>
  <tag k="lit" v="yes"/>
  <tag k="name" v="Calle Azahar"/>
  <tag k="sidewalk" v="both"/>
  <tag k="surface" v="asphalt"/>
 </way>
 <way id="220889869" visible="true" version="3" changeset="95163251" timestamp="2020-12-02T14:58:16Z" user="mcheck" uid="478872">
  <nd ref="895882048"/>
  <nd ref="895881685"/>
  <tag k="highway" v="residential"/>
  <tag k="name" v="Calle Derechos Humanos"/>
  <tag k="oneway" v="yes"/>
 </way>
 <way id="243196890" visible="true" version="3" changeset="19969852" timestamp="2014-01-13T11:24:05Z" user="Leonardo Velasco" uid="241061">
  <nd ref="2178850495"/>
  <nd ref="2506185677"/>
  <nd ref="2506185664"/>
  <nd ref="2506185679"/>
  <nd ref="2506185688"/>
  <nd ref="2506185674"/>
  <nd ref="2506185665"/>
  <tag k="highway" v="residential"/>
  <tag k="name" v="Calle José Meneses"/>
 </way>
 <way id="243196891" visible="true" version="6" changeset="92640614" timestamp="2020-10-17T19:57:38Z" user="Begavil84" uid="1725439">
  <nd ref="2178850364"/>
  <nd ref="4817471553"/>
  <nd ref="4817471558"/>
  <nd ref="4309843208"/>
  <nd ref="4309843209"/>
  <tag k="highway" v="residential"/>
  <tag k="name" v="Calle Holanda"/>
 </way>
 <way id="243196892" visible="true" version="4" changeset="56624761" timestamp="2018-02-23T23:52:30Z" user="alan_gr" uid="5307206">
  <nd ref="1596527693"/>
  <nd ref="4309890522"/>
  <nd ref="2506185674"/>
  <nd ref="2506185675"/>
  <tag k="highway" v="residential"/>
  <tag k="name" v="Calle Paco de Lucia"/>
 </way>
 <way id="243196895" visible="true" version="3" changeset="19969852" timestamp="2014-01-13T11:24:05Z" user="Leonardo Velasco" uid="241061">
  <nd ref="2178863642"/>
  <nd ref="2506185687"/>
  <nd ref="2506185686"/>
  <nd ref="2506185685"/>
  <nd ref="2506185684"/>
  <nd ref="2506185683"/>
  <nd ref="2506185682"/>
  <nd ref="2506185681"/>
  <nd ref="2506185680"/>
  <nd ref="2506185679"/>
  <nd ref="2620913603"/>
  <tag k="highway" v="residential"/>
  <tag k="name" v="Calle Antonio Mairena"/>
  <tag k="oneway" v="yes"/>
 </way>
 <way id="243196896" visible="true" version="3" changeset="56624761" timestamp="2018-02-23T23:52:30Z" user="alan_gr" uid="5307206">
  <nd ref="2178863645"/>
  <nd ref="2506193425"/>
  <nd ref="2506185680"/>
  <tag k="highway" v="residential"/>
  <tag k="name" v="Calle Joaquín Rodrigo"/>
 </way>
 <way id="243196897" visible="true" version="2" changeset="19969818" timestamp="2014-01-13T11:22:10Z" user="Leonardo Velasco" uid="241061">
  <nd ref="2506185688"/>
  <nd ref="2506185666"/>
  <nd ref="2506185667"/>
  <nd ref="2506185668"/>
  <nd ref="2506185669"/>
  <nd ref="2506185670"/>
  <nd ref="2506185671"/>
  <nd ref="2178863631"/>
  <tag k="highway" v="residential"/>
  <tag k="name" v="Calle Enrique Granados"/>
  <tag k="oneway" v="yes"/>
 </way>
 <way id="243196898" visible="true" version="3" changeset="56624761" timestamp="2018-02-23T23:52:30Z" user="alan_gr" uid="5307206">
  <nd ref="2506185689"/>
  <nd ref="5432358132"/>
  <nd ref="2506185671"/>
  <tag k="highway" v="residential"/>
  <tag k="name" v="Calle Andrés Segovia"/>
  <tag k="oneway" v="yes"/>
 </way>
 <way id="243196899" visible="true" version="3" changeset="56938478" timestamp="2018-03-06T15:07:29Z" user="alan_gr" uid="5307206">
  <nd ref="2178850367"/>
  <nd ref="2178850460"/>
  <nd ref="2178850360"/>
  <nd ref="4817471554"/>
  <nd ref="4817471557"/>
  <nd ref="1596527693"/>
  <tag k="highway" v="residential"/>
  <tag k="name" v="Calle Dinamarca"/>
 </way>
 <way id="243196900" visible="true" version="6" changeset="189557146" timestamp="2026-09-25T18:03:32Z" user="UNKNOWN2893757" uid="226908">
  <nd ref="9599732608"/>
  <nd ref="2506185690"/>
  <nd ref="2506193391"/>
  <nd ref="1079133977"/>
  <tag k="highway" v="residential"/>
  <tag k="name" v="Calle Lope de Vega"/>
  <tag k="name:etymology:wikidata" v="Q165257"/>
 </way>
 <way id="243196901" visible="true" version="4" changeset="118820695" timestamp="2022-03-23T12:59:41Z" user="bkr" uid="40560">
  <nd ref="9599732609"/>
  <nd ref="2506193382"/>
  <nd ref="2506185691"/>
  <nd ref="2506193393"/>
  <nd ref="2506193390"/>
  <nd ref="2506185692"/>
  <nd ref="2506193388"/>
  <nd ref="2506185693"/>
  <nd ref="895881962"/>
  <tag k="highway" v="residential"/>
  <tag k="name" v="Calle Dr. Marañón"/>
 </way>
 <way id="243197678" visible="true" version="5" changeset="189354027" timestamp="2026-09-21T15:13:32Z" user="UNKNOWN2893757" uid="226908">
  <nd ref="2506193378"/>
  <nd ref="2506193380"/>
  <nd ref="2506193381"/>
  <nd ref="2506193382"/>
  <nd ref="2506185690"/>
  <tag k="highway" v="residential"/>
  <tag k="name" v="Calle Miguel de Cervantes"/>
  <tag k="name:etymology:wikidata" v="Q5682"/>
 </way>
 <way id="243197679" visible="true" version="2" changeset="19969720" timestamp="2014-01-13T11:16:40Z" user="Leonardo Velasco" uid="241061">
  <nd ref="2506193384"/>
  <nd ref="2506193387"/>
  <nd ref="2506193385"/>
  <nd ref="2506193386"/>
  <nd ref="2506193392"/>
  <nd ref="2506193380"/>
  <tag k="highway" v="residential"/>
  <tag k="name" v="Calle Desengaño"/>
 </way>
 <way id="243197681" visible="true" version="2" changeset="19969740" timestamp="2014-01-13T11:17:56Z" user="Leonardo Velasco" uid="241061">
  <nd ref="2506193386"/>
  <nd ref="2506193390"/>
  <nd ref="2506193391"/>
  <tag k="highway" v="residential"/>
  <tag k="name" v="Calle Muñoz Seca"/>
 </way>
 <way id="243197682" visible="true" version="4" changeset="93075404" timestamp="2020-10-26T18:25:22Z" user="Jesús Gómez" uid="6389">
  <nd ref="2506193392"/>
  <nd ref="2506193393"/>
  <tag k="highway" v="residential"/>
  <tag k="name" v="Calle Ramón y Cajal"/>
  <tag k="name:etymology:wikidata" v="Q150526"/>
 </way>
 <way id="243197689" visible="true" version="4" changeset="189366845" timestamp="2026-09-21T20:07:43Z" user="UNKNOWN2893757" uid="226908">
  <nd ref="2178850290"/>
  <nd ref="4817471552"/>
  <nd ref="4817471553"/>
  <nd ref="4817471554"/>
  <nd ref="4817471555"/>
  <tag k="highway" v="residential"/>
  <tag k="name" v="Calle Italia"/>
  <tag k="name:etymology:wikidata" v="Q38"/>
  <tag k="oneway" v="yes"/>
 </way>
 <way id="243197690" visible="true" version="2" changeset="19969818" timestamp="2014-01-13T11:22:09Z" user="Leonardo Velasco" uid="241061">
  <nd ref="2178863651"/>
  <nd ref="2506193434"/>
  <nd ref="2506193435"/>
  <nd ref="2620912938"/>
  <tag k="highway" v="residential"/>
  <tag k="name" v="Calle Higuera"/>
 </way>
 <way id="243197691" visible="true" version="3" changeset="56624761" timestamp="2018-02-23T23:52:30Z" user="alan_gr" uid="5307206">
  <nd ref="2506193437"/>
  <nd ref="2506193438"/>
  <nd ref="2620912938"/>
  <nd ref="2506193463"/>
  <nd ref="2506193439"/>
  <nd ref="2506193440"/>
  <nd ref="2506193441"/>
  <tag k="highway" v="residential"/>
  <tag k="name" v="Calle Naranjo"/>
 </way>
 <way id="243197692" visible="true" version="2" changeset="56624761" timestamp="2018-02-23T23:52:30Z" user="alan_gr" uid="5307206">
  <nd ref="2506193443"/>
  <nd ref="2506193444"/>
  <nd ref="2506193445"/>
  <nd ref="2506193446"/>
  <nd ref="2506193447"/>
  <nd ref="2506193448"/>
  <nd ref="2506193449"/>
  <nd ref="2506193450"/>
  <nd ref="2506193451"/>
  <nd ref="2506193452"/>
  <nd ref="2506193453"/>
  <nd ref="2506193454"/>
  <nd ref="2506193455"/>
  <nd ref="2506193456"/>
  <nd ref="2506193457"/>
  <nd ref="2506193458"/>
  <tag k="highway" v="residential"/>
  <tag k="name" v="Calle Guadalhorce"/>
 </way>
 <way id="243197693" visible="true" version="2" changeset="56624761" timestamp="2018-02-23T23:52:30Z" user="alan_gr" uid="5307206">
  <nd ref="2506193459"/>
  <nd ref="2506193460"/>
  <nd ref="2506193461"/>
  <nd ref="2506193462"/>
  <nd ref="2506193463"/>
  <nd ref="2506193443"/>
  <tag k="highway" v="residential"/>
  <tag k="name" v="Calle Guadalhorce"/>
 </way>
 <way id="243198561" visible="true" version="2" changeset="56624761" timestamp="2018-02-23T23:52:30Z" user="alan_gr" uid="5307206">
  <nd ref="2506193441"/>
  <nd ref="2506199456"/>
  <nd ref="2506199457"/>
  <nd ref="2506199458"/>
  <tag k="highway" v="residential"/>
  <tag k="name" v="Calle Naranjo"/>
 </way>
 <way id="243198562" visible="true" version="2" changeset="56624761" timestamp="2018-02-23T23:52:31Z" user="alan_gr" uid="5307206">
  <nd ref="2178863636"/>
  <nd ref="2506199459"/>
  <nd ref="2506199460"/>
  <nd ref="2506199461"/>
  <tag k="highway" v="residential"/>
  <tag k="name" v="Calle Cerillo"/>
 </way>
 <way id="246922339" visible="true" version="2" changeset="19969720" timestamp="2014-01-13T11:16:40Z" user="Leonardo Velasco" uid="241061">
  <nd ref="2506193376"/>
  <nd ref="2506193377"/>
  <nd ref="2506193378"/>
  <nd ref="2506193379"/>
  <tag k="highway" v="residential"/>
  <tag k="name" v="Calle El Limonar"/>
 </way>
 <way id="256426286" visible="true" version="1" changeset="19969818" timestamp="2014-01-13T11:22:09Z" user="Leonardo Velasco" uid="241061">
  <nd ref="2506193435"/>
  <nd ref="2506193436"/>
  <nd ref="2178850297"/>
  <tag k="highway" v="residential"/>
  <tag k="name" v="Calle Isaac Albéniz"/>
 </way>
 <way id="256426287" visible="true" version="2" changeset="56624761" timestamp="2018-02-23T23:52:31Z" user="alan_gr" uid="5307206">
  <nd ref="2506185665"/>
  <nd ref="2506185689"/>
  <nd ref="2506185675"/>
  <nd ref="2506185666"/>
  <tag k="highway" v="residential"/>
  <tag k="name" v="Calle Joaquín Rodrigo"/>
 </way>
 <way id="256426391" visible="true" version="6" changeset="189564946" timestamp="2026-09-25T22:35:21Z" user="UNKNOWN2893757" uid="226908">
  <nd ref="2178850457"/>
  <nd ref="4309890522"/>
  <nd ref="2620913603"/>
  <nd ref="2620913600"/>
  <nd ref="4309843209"/>
  <nd ref="3615408402"/>
  <nd ref="2620913602"/>
  <tag k="highway" v="residential"/>
  <tag k="name" v="Avenida de Europa"/>
  <tag k="name:etymology:wikidata" v="Q46"/>
  <tag k="oneway" v="yes"/>
 </way>
 <way id="256426392" visible="true" version="2" changeset="56624761" timestamp="2018-02-23T23:52:32Z" user="alan_gr" uid="5307206">
  <nd ref="2620913603"/>
  <nd ref="2506185678"/>
  <tag k="highway" v="residential"/>
  <tag k="name" v="Calle Antonio Mairena"/>
 </way>
 <way id="256426527" visible="true" version="3" changeset="85911237" timestamp="2020-05-28T22:45:22Z" user="Patrick1977Bln" uid="259536">
  <nd ref="2620914963"/>
  <nd ref="2620914964"/>
  <nd ref="5459518509"/>
  <nd ref="2620914965"/>
  <nd ref="5459518501"/>
  <nd ref="2620914966"/>
  <nd ref="2620914963"/>
  <tag k="building" v="train_station"/>
  <tag k="name" v="Estación de Pizarra"/>
 </way>
 <way id="256426528" visible="true" version="1" changeset="19969903" timestamp="2014-01-13T11:27:29Z" user="Leonardo Velasco" uid="241061">
  <nd ref="2620914975"/>
  <nd ref="895881981"/>
  <tag k="highway" v="residential"/>
  <tag k="name" v="Calle La Peña"/>
 </way>
 <way id="256426529" visible="true" version="1" changeset="19969903" timestamp="2014-01-13T11:27:29Z" user="Leonardo Velasco" uid="241061">
  <nd ref="2620914977"/>
  <nd ref="2620914979"/>
  <tag k="highway" v="residential"/>
  <tag k="name" v="Calle Alozaina"/>
 </way>
 <way id="256426573" visible="true" version="2" changeset="138942555" timestamp="2023-07-24T14:16:11Z" user="Robot8A" uid="393359">
  <nd ref="2299680107"/>
  <nd ref="2620915463"/>
  <nd ref="11065050329"/>
  <nd ref="11065050330"/>
  <nd ref="2620915465"/>
  <nd ref="2620915467"/>
  <tag k="highway" v="residential"/>
  <tag k="name" v="Plaza Estación"/>
 </way>
 <way id="256427835" visible="true" version="3" changeset="138942555" timestamp="2023-07-24T14:16:11Z" user="Robot8A" uid="393359">
  <nd ref="2506193376"/>
  <nd ref="895882229"/>
  <nd ref="895882167"/>
  <nd ref="895881775"/>
  <nd ref="2506193402"/>
  <nd ref="6271710667"/>
  <nd ref="895882365"/>
  <nd ref="6271710661"/>
  <nd ref="895882040"/>
  <nd ref="895882354"/>
  <nd ref="895882017"/>
  <nd ref="895882048"/>
  <nd ref="11065050331"/>
  <tag k="highway" v="tertiary"/>
  <tag k="name" v="Calle Estación"/>
 </way>
 <way id="276981232" visible="true" version="2" changeset="37981984" timestamp="2016-03-21T17:55:15Z" user="andi9876" uid="1256497">
  <nd ref="2815328156"/>
  <nd ref="2815328194"/>
  <tag k="bridge" v="yes"/>
  <tag k="highway" v="tertiary"/>
  <tag k="layer" v="1"/>
 </way>
 <way id="276981233" visible="true" version="4" changeset="37981984" timestamp="2016-03-21T17:54:04Z" user="andi9876" uid="1256497">
  <nd ref="2815328180"/>
  <nd ref="2815328150"/>
  <tag k="bridge" v="yes"/>
  <tag k="highway" v="tertiary"/>
  <tag k="layer" v="1"/>
 </way>
 <way id="276981236" visible="true" version="3" changeset="162668140" timestamp="2025-02-18T16:31:45Z" user="Peri3" uid="14595185">
  <nd ref="2815328149"/>
  <nd ref="2815328160"/>
  <nd ref="2815328189"/>
  <nd ref="2815328175"/>
  <nd ref="2815328140"/>
  <nd ref="2815328170"/>
  <nd ref="2815328154"/>
  <nd ref="2815328191"/>
  <nd ref="2815328142"/>
  <nd ref="2815328176"/>
  <nd ref="2815328192"/>
  <nd ref="2815328152"/>
  <nd ref="2815328135"/>
  <nd ref="12598786314"/>
  <nd ref="2815328143"/>
  <nd ref="2815328168"/>
  <nd ref="2815328180"/>
  <tag k="highway" v="tertiary"/>
 </way>
 <way id="276981240" visible="true" version="2" changeset="37981984" timestamp="2016-03-21T17:55:15Z" user="andi9876" uid="1256497">
  <nd ref="2815328194"/>
  <nd ref="2815328132"/>
  <nd ref="2815328188"/>
  <nd ref="2815328162"/>
  <tag k="highway" v="tertiary"/>
 </way>
 <way id="276981241" visible="true" version="4" changeset="40532544" timestamp="2016-07-07T01:30:22Z" user="dcapillae_old" uid="865993">
  <nd ref="2815328167"/>
  <nd ref="2815328164"/>
  <nd ref="2815328183"/>
  <nd ref="2815328196"/>
  <nd ref="2815328181"/>
  <nd ref="2815328190"/>
  <nd ref="2815328187"/>
  <nd ref="2815328137"/>
  <nd ref="2815328136"/>
  <nd ref="2815328166"/>
  <nd ref="2815328141"/>
  <nd ref="2815328151"/>
  <nd ref="2815328165"/>
  <nd ref="2815328195"/>
  <nd ref="2815328169"/>
  <nd ref="4258060791"/>
  <nd ref="2815328157"/>
  <nd ref="2815328147"/>
  <nd ref="2815328153"/>
  <nd ref="2815328144"/>
  <nd ref="2815328155"/>
  <nd ref="2815328156"/>
  <tag k="highway" v="tertiary"/>
 </way>
 <way id="276981707" visible="true" version="6" changeset="137325088" timestamp="2023-06-14T12:06:11Z" user="kapazao_import" uid="8770019">
  <nd ref="2815347977"/>
  <nd ref="481276473"/>
  <nd ref="895881647"/>
  <nd ref="895882200"/>
  <nd ref="895882234"/>
  <nd ref="481276476"/>
  <nd ref="895881844"/>
  <nd ref="895881995"/>
  <nd ref="4375933072"/>
  <nd ref="481276481"/>
  <nd ref="2178851295"/>
  <nd ref="895881933"/>
  <nd ref="4375933069"/>
  <nd ref="895882457"/>
  <nd ref="4375933068"/>
  <nd ref="481276494"/>
  <nd ref="895881725"/>
  <nd ref="4817471540"/>
  <nd ref="2815328162"/>
  <tag k="highway" v="secondary"/>
  <tag k="name" v="Carretera Pizarra-Coín"/>
  <tag k="ref" v="A-7054"/>
  <tag k="source" v="PNOA"/>
 </way>
 <way id="356061967" visible="true" version="4" changeset="92640614" timestamp="2020-10-17T19:57:38Z" user="Begavil84" uid="1725439">
  <nd ref="2178850483"/>
  <nd ref="4817471552"/>
  <nd ref="4817471559"/>
  <nd ref="2506185676"/>
  <nd ref="3615408402"/>
  <tag k="highway" v="residential"/>
  <tag k="name" v="Calle Belgica"/>
 </way>
 <way id="404969541" visible="true" version="2" changeset="41854934" timestamp="2016-09-01T18:57:50Z" user="dpawlyk" uid="1719931">
  <nd ref="2815328143"/>
  <nd ref="4379627679"/>
  <nd ref="4072091434"/>
  <nd ref="4072091433"/>
  <nd ref="4072091431"/>
  <nd ref="4072091439"/>
  <nd ref="4072091440"/>
  <nd ref="4072091437"/>
  <nd ref="4072091436"/>
  <nd ref="4072091435"/>
  <nd ref="4072091438"/>
  <nd ref="4072091432"/>
  <tag k="highway" v="unclassified"/>
 </way>
 <way id="414715586" visible="true" version="2" changeset="40195700" timestamp="2016-06-22T04:55:45Z" user="Lübeck" uid="55462">
  <nd ref="4158346757"/>
  <nd ref="4158346739"/>
  <nd ref="4258060712"/>
  <nd ref="4158346759"/>
  <nd ref="4158346766"/>
  <nd ref="4158346997"/>
  <nd ref="4158347020"/>
  <nd ref="322505355"/>
  <nd ref="322505357"/>
  <nd ref="322505361"/>
  <nd ref="322505362"/>
  <nd ref="4158347068"/>
  <nd ref="4158347070"/>
  <nd ref="4158347071"/>
  <nd ref="4158347074"/>
  <nd ref="4158347078"/>
  <nd ref="4158347079"/>
  <nd ref="4158347076"/>
  <nd ref="4158347077"/>
  <nd ref="4158347081"/>
  <nd ref="4158347080"/>
  <nd ref="4158347075"/>
  <nd ref="4158347073"/>
  <nd ref="4158347072"/>
  <nd ref="4158347069"/>
  <nd ref="4158347067"/>
  <nd ref="4158347066"/>
  <nd ref="4158347061"/>
  <nd ref="4158347050"/>
  <nd ref="4158347016"/>
  <nd ref="4158346998"/>
  <nd ref="4158346785"/>
  <nd ref="4158346757"/>
  <tag k="landuse" v="orchard"/>
 </way>
 <way id="414868425" visible="true" version="3" changeset="40195700" timestamp="2016-06-22T04:55:47Z" user="Lübeck" uid="55462">
  <nd ref="4160099368"/>
  <nd ref="4160099369"/>
  <nd ref="4160099370"/>
  <nd ref="4160099371"/>
  <nd ref="4160099372"/>
  <nd ref="4160099373"/>
  <nd ref="4160099374"/>
  <nd ref="4160099375"/>
  <nd ref="4160099376"/>
  <nd ref="4160099377"/>
  <nd ref="4160099378"/>
  <nd ref="4160099379"/>
  <nd ref="4160099380"/>
  <nd ref="4160099381"/>
  <nd ref="4160099382"/>
  <nd ref="4160099383"/>
  <nd ref="4160099384"/>
  <nd ref="4160099385"/>
  <nd ref="4160099386"/>
  <nd ref="4160099387"/>
  <nd ref="4160099388"/>
  <nd ref="4160099489"/>
  <nd ref="4160099490"/>
  <nd ref="4160110136"/>
  <nd ref="4258060732"/>
  <nd ref="4258060741"/>
  <nd ref="4258060743"/>
  <tag k="highway" v="path"/>
 </way>
 <way id="426516719" visible="true" version="1" changeset="40195700" timestamp="2016-06-22T04:55:43Z" user="Lübeck" uid="55462">
  <nd ref="2815328157"/>
  <nd ref="4258060798"/>
  <nd ref="4258060795"/>
  <nd ref="4258060789"/>
  <nd ref="4258060783"/>
  <nd ref="4258060779"/>
  <nd ref="2815328136"/>
  <nd ref="2815328166"/>
  <nd ref="2815328141"/>
  <nd ref="2815328151"/>
  <nd ref="2815328165"/>
  <nd ref="2815328195"/>
  <nd ref="2815328169"/>
  <nd ref="4258060791"/>
  <nd ref="2815328157"/>
  <tag k="landuse" v="farmyard"/>
 </way>
 <way id="426516720" visible="true" version="1" changeset="40195700" timestamp="2016-06-22T04:55:43Z" user="Lübeck" uid="55462">
  <nd ref="4160099489"/>
  <nd ref="4258060724"/>
  <nd ref="4258060727"/>
  <nd ref="4258060738"/>
  <nd ref="4258060745"/>
  <nd ref="4258060749"/>
  <nd ref="4258060750"/>
  <nd ref="4258060755"/>
  <nd ref="4258060756"/>
  <nd ref="4258060760"/>
  <nd ref="4258060766"/>
  <nd ref="4258060771"/>
  <nd ref="4258060773"/>
  <nd ref="4258060775"/>
  <nd ref="4258060777"/>
  <nd ref="4258060780"/>
  <nd ref="4258060781"/>
  <nd ref="4258060786"/>
  <nd ref="4258060792"/>
  <nd ref="4258060797"/>
  <nd ref="4258060796"/>
  <nd ref="4258060794"/>
  <nd ref="4258060790"/>
  <nd ref="4258060787"/>
  <nd ref="4258060785"/>
  <nd ref="4258060770"/>
  <nd ref="4258060768"/>
  <nd ref="4258060764"/>
  <nd ref="4258060763"/>
  <nd ref="4258060765"/>
  <nd ref="4258060769"/>
  <nd ref="4258060767"/>
  <nd ref="4258060759"/>
  <nd ref="4258060757"/>
  <nd ref="4258060752"/>
  <nd ref="4258060748"/>
  <nd ref="4258060746"/>
  <nd ref="4258060740"/>
  <nd ref="4258060733"/>
  <nd ref="4258060730"/>
  <nd ref="4258060731"/>
  <nd ref="4258060734"/>
  <nd ref="4258060737"/>
  <nd ref="4258060739"/>
  <nd ref="4258060742"/>
  <nd ref="4258060743"/>
  <nd ref="4258060741"/>
  <nd ref="4258060732"/>
  <nd ref="4160110136"/>
  <nd ref="4160099490"/>
  <nd ref="4160099489"/>
  <tag k="landuse" v="farmland"/>
 </way>
 <way id="426516721" visible="true" version="1" changeset="40195700" timestamp="2016-06-22T04:55:43Z" user="Lübeck" uid="55462">
  <nd ref="4258060791"/>
  <nd ref="4258060788"/>
  <nd ref="4258060787"/>
  <nd ref="4258060785"/>
  <nd ref="4258060782"/>
  <nd ref="4258060774"/>
  <nd ref="4258060772"/>
  <nd ref="4258060761"/>
  <nd ref="4258060753"/>
  <nd ref="4258060743"/>
  <tag k="highway" v="track"/>
  <tag k="source" v="bing"/>
 </way>
 <way id="426516723" visible="true" version="2" changeset="40532544" timestamp="2016-07-07T01:30:22Z" user="dcapillae_old" uid="865993">
  <nd ref="4258060785"/>
  <nd ref="4258060770"/>
  <nd ref="4258060768"/>
  <nd ref="4258060764"/>
  <nd ref="4258060763"/>
  <nd ref="4258060765"/>
  <nd ref="4258060769"/>
  <nd ref="4258060767"/>
  <nd ref="4258060759"/>
  <nd ref="4258060757"/>
  <nd ref="4258060752"/>
  <nd ref="4258060748"/>
  <nd ref="4258060746"/>
  <nd ref="4258060740"/>
  <nd ref="4258060733"/>
  <nd ref="4258060730"/>
  <nd ref="4258060731"/>
  <tag k="highway" v="track"/>
  <tag k="source" v="bing"/>
 </way>
 <way id="426516724" visible="true" version="1" changeset="40195700" timestamp="2016-06-22T04:55:43Z" user="Lübeck" uid="55462">
  <nd ref="4258060787"/>
  <nd ref="4258060790"/>
  <nd ref="4258060794"/>
  <nd ref="4258060796"/>
  <nd ref="4258060797"/>
  <nd ref="4258060792"/>
  <nd ref="4258060786"/>
  <nd ref="4258060781"/>
  <nd ref="4258060780"/>
  <nd ref="4258060777"/>
  <nd ref="4258060775"/>
  <nd ref="4258060773"/>
  <nd ref="4258060771"/>
  <nd ref="4258060766"/>
  <nd ref="4258060760"/>
  <nd ref="4258060756"/>
  <nd ref="4258060755"/>
  <nd ref="4258060750"/>
  <nd ref="4258060749"/>
  <nd ref="4258060745"/>
  <nd ref="4258060738"/>
  <nd ref="4258060727"/>
  <nd ref="4258060724"/>
  <nd ref="4160099489"/>
  <tag k="highway" v="track"/>
  <tag k="source" v="bing"/>
 </way>
 <way id="426516725" visible="true" version="1" changeset="40195700" timestamp="2016-06-22T04:55:43Z" user="Lübeck" uid="55462">
  <nd ref="895882399"/>
  <nd ref="4258060815"/>
  <nd ref="4258060811"/>
  <nd ref="4258060809"/>
  <nd ref="4258060810"/>
  <nd ref="4258060813"/>
  <nd ref="4258060812"/>
  <nd ref="4258060808"/>
  <nd ref="4258060807"/>
  <nd ref="4258060806"/>
  <nd ref="4258060805"/>
  <nd ref="4258060804"/>
  <nd ref="4258060803"/>
  <nd ref="4258060802"/>
  <nd ref="4258060801"/>
  <nd ref="4258060800"/>
  <nd ref="4258060799"/>
  <nd ref="4258060784"/>
  <nd ref="4258060776"/>
  <nd ref="4258060762"/>
  <nd ref="4258060751"/>
  <nd ref="4258060747"/>
  <nd ref="4258060744"/>
  <nd ref="4258060735"/>
  <nd ref="4258060729"/>
  <nd ref="4258060726"/>
  <nd ref="4258060723"/>
  <nd ref="4258060722"/>
  <tag k="highway" v="track"/>
  <tag k="source" v="bing"/>
 </way>
 <way id="429545232" visible="true" version="2" changeset="137325088" timestamp="2023-06-14T12:06:19Z" user="kapazao_import" uid="8770019">
  <nd ref="2815328162"/>
  <nd ref="895882393"/>
  <nd ref="895882287"/>
  <nd ref="481276495"/>
  <nd ref="895882088"/>
  <nd ref="895882228"/>
  <nd ref="481276511"/>
  <nd ref="895881884"/>
  <nd ref="895881841"/>
  <nd ref="895882377"/>
  <nd ref="481276513"/>
  <nd ref="895882440"/>
  <tag k="highway" v="secondary"/>
  <tag k="name" v="Carretera Pizarra-Coín"/>
  <tag k="ref" v="A-7054"/>
  <tag k="source" v="PNOA"/>
 </way>
 <way id="429545233" visible="true" version="5" changeset="138942555" timestamp="2023-07-24T14:16:11Z" user="Robot8A" uid="393359">
  <nd ref="895882440"/>
  <nd ref="895882302"/>
  <nd ref="895881942"/>
  <nd ref="2620914979"/>
  <nd ref="895881981"/>
  <nd ref="4375933067"/>
  <nd ref="481276514"/>
  <tag k="highway" v="secondary"/>
  <tag k="name" v="Carretera Pizarra-Coín"/>
  <tag k="ref" v="A-7054"/>
  <tag k="source" v="PNOA"/>
 </way>
 <way id="429545235" visible="true" version="1" changeset="40532544" timestamp="2016-07-07T01:30:19Z" user="dcapillae_old" uid="865993">
  <nd ref="2815328167"/>
  <nd ref="4286969809"/>
  <nd ref="4286969810"/>
  <nd ref="4286969811"/>
  <nd ref="4286969808"/>
  <nd ref="4286969807"/>
  <nd ref="4286969805"/>
  <nd ref="4286969802"/>
  <nd ref="4286969800"/>
  <nd ref="4286969798"/>
  <nd ref="4286969799"/>
  <nd ref="4286969801"/>
  <nd ref="4286969803"/>
  <nd ref="4286969804"/>
  <nd ref="4286969806"/>
  <nd ref="4258060731"/>
  <tag k="highway" v="path"/>
 </way>
 <way id="429545244" visible="true" version="1" changeset="40532544" timestamp="2016-07-07T01:30:20Z" user="dcapillae_old" uid="865993">
  <nd ref="4258060731"/>
  <nd ref="4258060734"/>
  <nd ref="4258060737"/>
  <nd ref="4258060739"/>
  <nd ref="4258060742"/>
  <nd ref="4258060743"/>
  <tag k="highway" v="track"/>
  <tag k="source" v="bing"/>
 </way>
 <way id="429545246" visible="true" version="1" changeset="40532544" timestamp="2016-07-07T01:30:20Z" user="dcapillae_old" uid="865993">
  <nd ref="2815328150"/>
  <nd ref="2815328172"/>
  <nd ref="2815328159"/>
  <nd ref="4072091432"/>
  <nd ref="2815328177"/>
  <nd ref="2815328173"/>
  <nd ref="2815328193"/>
  <nd ref="2815328167"/>
  <tag k="highway" v="tertiary"/>
 </way>
 <way id="436732384" visible="true" version="1" changeset="41391211" timestamp="2016-08-11T15:18:33Z" user="rene78" uid="257555">
  <nd ref="4346081059"/>
  <nd ref="4346081058"/>
  <nd ref="4346081037"/>
  <nd ref="4346081044"/>
  <nd ref="4346081038"/>
  <nd ref="4346081039"/>
  <nd ref="4346081045"/>
  <nd ref="4346081046"/>
  <nd ref="4346081040"/>
  <nd ref="4346081047"/>
  <nd ref="4346081048"/>
  <nd ref="4346081049"/>
  <nd ref="4346081041"/>
  <nd ref="4346081050"/>
  <nd ref="4346081051"/>
  <nd ref="4346081052"/>
  <nd ref="4346081053"/>
  <nd ref="4346081042"/>
  <nd ref="4346081054"/>
  <nd ref="4346081055"/>
  <nd ref="4346081056"/>
  <nd ref="4346081043"/>
  <nd ref="4346081057"/>
  <nd ref="1596534443"/>
  <tag k="highway" v="track"/>
 </way>
 <way id="436732385" visible="true" version="3" changeset="56624761" timestamp="2018-02-23T23:52:32Z" user="alan_gr" uid="5307206">
  <nd ref="2506193458"/>
  <nd ref="4346081060"/>
  <nd ref="4346081061"/>
  <nd ref="4346081062"/>
  <nd ref="4346081065"/>
  <nd ref="4346081063"/>
  <nd ref="4346081066"/>
  <nd ref="4346081067"/>
  <nd ref="4346081064"/>
  <nd ref="1596534324"/>
  <tag k="highway" v="residential"/>
  <tag k="name" v="Calle Guadalhorce"/>
 </way>
 <way id="439916114" visible="true" version="3" changeset="138942555" timestamp="2023-07-24T14:16:11Z" user="Robot8A" uid="393359">
  <nd ref="1625791708"/>
  <nd ref="4375933058"/>
  <nd ref="11065050326"/>
  <nd ref="4375933060"/>
  <nd ref="4375933063"/>
  <nd ref="11065050327"/>
  <nd ref="4375933066"/>
  <nd ref="4375933067"/>
  <tag k="highway" v="tertiary"/>
  <tag k="name" v="Calle Estación"/>
  <tag k="oneway" v="yes"/>
 </way>
 <way id="457906121" visible="true" version="2" changeset="65494541" timestamp="2018-12-15T09:17:25Z" user="Sammyhawkrad" uid="6406545">
  <nd ref="895882067"/>
  <nd ref="2178850436"/>
  <nd ref="2178850495"/>
  <nd ref="2178850302"/>
  <tag k="highway" v="residential"/>
  <tag k="name" v="Calle Diana Navarro"/>
  <tag k="source" v="Catastro Spain 2016"/>
 </way>
 <way id="457906123" visible="true" version="1" changeset="44183598" timestamp="2016-12-05T13:33:03Z" user="Parie" uid="246941">
  <nd ref="4539696115"/>
  <nd ref="4539696114"/>
  <nd ref="4539696113"/>
  <nd ref="4539696112"/>
  <nd ref="4539696111"/>
  <nd ref="4539696160"/>
  <tag k="highway" v="path"/>
 </way>
 <way id="457906124" visible="true" version="2" changeset="92640614" timestamp="2020-10-17T19:57:38Z" user="Begavil84" uid="1725439">
  <nd ref="4539696117"/>
  <nd ref="8017288703"/>
  <nd ref="4539696116"/>
  <tag k="highway" v="path"/>
 </way>
 <way id="457906125" visible="true" version="1" changeset="44183598" timestamp="2016-12-05T13:33:03Z" user="Parie" uid="246941">
  <nd ref="4539696118"/>
  <nd ref="4539696119"/>
  <nd ref="4539696120"/>
  <nd ref="4539696121"/>
  <nd ref="4539696140"/>
  <nd ref="4539696128"/>
  <nd ref="4539696127"/>
  <nd ref="4539696126"/>
  <nd ref="4539696125"/>
  <nd ref="4539696124"/>
  <nd ref="4539696123"/>
  <nd ref="4539696122"/>
  <tag k="highway" v="path"/>
 </way>
 <way id="457906126" visible="true" version="1" changeset="44183598" timestamp="2016-12-05T13:33:03Z" user="Parie" uid="246941">
  <nd ref="1596527669"/>
  <nd ref="4539696132"/>
  <nd ref="4539696131"/>
  <nd ref="4539696130"/>
  <nd ref="4539696129"/>
  <nd ref="4539696145"/>
  <tag k="highway" v="path"/>
 </way>
 <way id="457906127" visible="true" version="2" changeset="48152022" timestamp="2017-04-26T06:56:38Z" user="Samuel_MTB" uid="5728880">
  <nd ref="4539696160"/>
  <nd ref="4539696159"/>
  <nd ref="4539696117"/>
  <nd ref="4539696158"/>
  <nd ref="4817471542"/>
  <nd ref="4539696157"/>
  <nd ref="4539696156"/>
  <nd ref="4539696155"/>
  <nd ref="4539696154"/>
  <nd ref="4539696153"/>
  <nd ref="4817471539"/>
  <nd ref="4539696152"/>
  <nd ref="4539696151"/>
  <nd ref="4539696150"/>
  <nd ref="4539696149"/>
  <nd ref="4539696148"/>
  <nd ref="4539696147"/>
  <nd ref="4539696146"/>
  <nd ref="4539696145"/>
  <nd ref="4539696144"/>
  <nd ref="4539696143"/>
  <nd ref="4539696142"/>
  <nd ref="4539696141"/>
  <nd ref="4539696140"/>
  <nd ref="4539696139"/>
  <nd ref="4539696138"/>
  <nd ref="4539696137"/>
  <nd ref="4539696136"/>
  <nd ref="4539696135"/>
  <nd ref="4539696134"/>
  <nd ref="4539696133"/>
  <tag k="highway" v="path"/>
 </way>
 <way id="457906128" visible="true" version="1" changeset="44183598" timestamp="2016-12-05T13:33:03Z" user="Parie" uid="246941">
  <nd ref="4539696164"/>
  <nd ref="4539696162"/>
  <nd ref="4539696161"/>
  <nd ref="4539696163"/>
  <nd ref="4539696164"/>
  <tag k="leisure" v="pitch"/>
  <tag k="sport" v="tennis"/>
 </way>
 <way id="457906129" visible="true" version="1" changeset="44183598" timestamp="2016-12-05T13:33:03Z" user="Parie" uid="246941">
  <nd ref="4539696166"/>
  <nd ref="4539696165"/>
  <nd ref="4539696164"/>
  <nd ref="4539696163"/>
  <nd ref="4539696166"/>
  <tag k="leisure" v="pitch"/>
  <tag k="sport" v="soccer"/>
 </way>
 <way id="457906130" visible="true" version="1" changeset="44183598" timestamp="2016-12-05T13:33:03Z" user="Parie" uid="246941">
  <nd ref="4539696187"/>
  <nd ref="4539696186"/>
  <nd ref="4539696185"/>
  <nd ref="4539696184"/>
  <nd ref="4539696183"/>
  <nd ref="4539696182"/>
  <nd ref="4539696181"/>
  <nd ref="4539696180"/>
  <nd ref="4539696179"/>
  <nd ref="4539696178"/>
  <nd ref="4539696177"/>
  <nd ref="4539696176"/>
  <nd ref="4539696175"/>
  <nd ref="4539696174"/>
  <nd ref="4539696173"/>
  <nd ref="4539696172"/>
  <nd ref="4539696171"/>
  <nd ref="4539696170"/>
  <nd ref="4539696169"/>
  <nd ref="4539696168"/>
  <nd ref="4539696167"/>
  <nd ref="4539696187"/>
  <tag k="building" v="yes"/>
 </way>
 <way id="489241175" visible="true" version="2" changeset="56624761" timestamp="2018-02-23T23:52:33Z" user="alan_gr" uid="5307206">
  <nd ref="4815068895"/>
  <nd ref="2178850364"/>
  <tag k="highway" v="residential"/>
  <tag k="name" v="Calle Holanda"/>
  <tag k="oneway" v="yes"/>
 </way>
 <way id="489241176" visible="true" version="3" changeset="189365276" timestamp="2026-09-21T19:25:46Z" user="UNKNOWN2893757" uid="226908">
  <nd ref="4815068889"/>
  <nd ref="2178850501"/>
  <tag k="highway" v="residential"/>
  <tag k="name" v="Calle Andorra"/>
  <tag k="name:etymology:wikidata" v="Q228"/>
 </way>
 <way id="489241177" visible="true" version="2" changeset="48152022" timestamp="2017-04-26T06:56:39Z" user="Samuel_MTB" uid="5728880">
  <nd ref="4815068890"/>
  <nd ref="2178850432"/>
  <nd ref="4815068891"/>
  <tag k="highway" v="residential"/>
  <tag k="name" v="Calle Islandia"/>
 </way>
 <way id="489241178" visible="true" version="2" changeset="48152022" timestamp="2017-04-26T06:56:39Z" user="Samuel_MTB" uid="5728880">
  <nd ref="4815068888"/>
  <nd ref="2178850321"/>
  <nd ref="4815068892"/>
  <tag k="highway" v="residential"/>
  <tag k="name" v="Calle Finlandia"/>
 </way>
 <way id="489241179" visible="true" version="2" changeset="48152022" timestamp="2017-04-26T06:56:39Z" user="Samuel_MTB" uid="5728880">
  <nd ref="4815068893"/>
  <nd ref="2178850497"/>
  <nd ref="4815068894"/>
  <tag k="highway" v="residential"/>
  <tag k="name" v="Calle Suecia"/>
 </way>
 <way id="489241180" visible="true" version="2" changeset="56624761" timestamp="2018-02-23T23:52:33Z" user="alan_gr" uid="5307206">
  <nd ref="2178850471"/>
  <nd ref="4815068895"/>
  <tag k="highway" v="residential"/>
  <tag k="name" v="Calle Gran Bretaña"/>
  <tag k="oneway" v="yes"/>
 </way>
 <way id="489508910" visible="true" version="1" changeset="48152022" timestamp="2017-04-26T06:56:38Z" user="Samuel_MTB" uid="5728880">
  <nd ref="4817471539"/>
  <nd ref="4817471540"/>
  <tag k="highway" v="path"/>
 </way>
 <way id="489508911" visible="true" version="1" changeset="48152022" timestamp="2017-04-26T06:56:38Z" user="Samuel_MTB" uid="5728880">
  <nd ref="4817471541"/>
  <nd ref="4817471542"/>
  <tag k="highway" v="path"/>
 </way>
 <way id="489508912" visible="true" version="1" changeset="48152022" timestamp="2017-04-26T06:56:38Z" user="Samuel_MTB" uid="5728880">
  <nd ref="4817471543"/>
  <nd ref="4817471544"/>
  <nd ref="4817471545"/>
  <nd ref="4817471546"/>
  <nd ref="4817471547"/>
  <nd ref="4817471548"/>
  <nd ref="4817471549"/>
  <nd ref="4817471543"/>
  <tag k="leisure" v="pitch"/>
  <tag k="lit" v="yes"/>
 </way>
 <way id="489508913" visible="true" version="1" changeset="48152022" timestamp="2017-04-26T06:56:38Z" user="Samuel_MTB" uid="5728880">
  <nd ref="4817471551"/>
  <nd ref="2506193413"/>
  <nd ref="2506193414"/>
  <nd ref="2506193415"/>
  <nd ref="2506193416"/>
  <nd ref="2506193417"/>
  <nd ref="2506193418"/>
  <nd ref="2506193419"/>
  <nd ref="2506193420"/>
  <nd ref="2178850436"/>
  <nd ref="2506193421"/>
  <nd ref="2506185673"/>
  <nd ref="2506193422"/>
  <nd ref="2506193423"/>
  <nd ref="2506193424"/>
  <nd ref="2506193425"/>
  <nd ref="2506193426"/>
  <nd ref="2506193427"/>
  <nd ref="2506193428"/>
  <nd ref="2506193429"/>
  <nd ref="2506193430"/>
  <nd ref="2506193431"/>
  <nd ref="2506193432"/>
  <nd ref="2506193433"/>
  <tag k="highway" v="residential"/>
  <tag k="name" v="Calle Camarón de la Isla"/>
  <tag k="oneway" v="yes"/>
 </way>
 <way id="489508914" visible="true" version="2" changeset="189366845" timestamp="2026-09-21T20:07:43Z" user="UNKNOWN2893757" uid="226908">
  <nd ref="2178850290"/>
  <nd ref="2506193404"/>
  <nd ref="2506193405"/>
  <nd ref="2506193406"/>
  <nd ref="2506193407"/>
  <nd ref="2506193408"/>
  <nd ref="2506193409"/>
  <nd ref="2506193410"/>
  <nd ref="2506193411"/>
  <nd ref="4817471551"/>
  <tag k="highway" v="residential"/>
  <tag k="name" v="Calle Italia"/>
  <tag k="name:etymology:wikidata" v="Q38"/>
  <tag k="oneway" v="yes"/>
 </way>
 <way id="489508915" visible="true" version="1" changeset="48152022" timestamp="2017-04-26T06:56:38Z" user="Samuel_MTB" uid="5728880">
  <nd ref="4817471556"/>
  <nd ref="4817471557"/>
  <nd ref="4817471558"/>
  <nd ref="4817471559"/>
  <nd ref="4817471560"/>
  <tag k="highway" v="residential"/>
  <tag k="name" v="Calle Noruega"/>
  <tag k="oneway" v="yes"/>
 </way>
 <way id="507602661" visible="true" version="6" changeset="143261319" timestamp="2023-10-28T13:11:51Z" user="JJJWegdam" uid="1758654">
  <nd ref="895912893"/>
  <nd ref="895912993"/>
  <nd ref="895912748"/>
  <nd ref="895912727"/>
  <nd ref="895913208"/>
  <nd ref="895912524"/>
  <nd ref="895912955"/>
  <nd ref="895912679"/>
  <nd ref="895913083"/>
  <nd ref="895912913"/>
  <nd ref="895912624"/>
  <nd ref="895912766"/>
  <nd ref="895913265"/>
  <nd ref="895912574"/>
  <nd ref="895913038"/>
  <nd ref="895912978"/>
  <nd ref="895912796"/>
  <nd ref="2719307265"/>
  <nd ref="2719307263"/>
  <nd ref="2719307264"/>
  <nd ref="2719307261"/>
  <nd ref="4158347005"/>
  <nd ref="4158347019"/>
  <nd ref="895912743"/>
  <nd ref="895881764"/>
  <nd ref="895881911"/>
  <nd ref="895882429"/>
  <nd ref="4158347065"/>
  <nd ref="895882264"/>
  <nd ref="895882382"/>
  <nd ref="895882061"/>
  <nd ref="895882022"/>
  <nd ref="895881643"/>
  <nd ref="895881827"/>
  <nd ref="895882362"/>
  <nd ref="895881535"/>
  <nd ref="895882182"/>
  <nd ref="895882319"/>
  <nd ref="895881977"/>
  <nd ref="895882293"/>
  <nd ref="895881938"/>
  <nd ref="895882092"/>
  <nd ref="895881727"/>
  <nd ref="895881890"/>
  <nd ref="895882402"/>
  <nd ref="895881581"/>
  <nd ref="895881786"/>
  <nd ref="895882334"/>
  <nd ref="895882465"/>
  <nd ref="895882143"/>
  <nd ref="895881758"/>
  <nd ref="895882315"/>
  <nd ref="895882421"/>
  <nd ref="895882113"/>
  <nd ref="895882253"/>
  <nd ref="895881906"/>
  <nd ref="895882057"/>
  <nd ref="895881696"/>
  <nd ref="895881638"/>
  <nd ref="895882225"/>
  <nd ref="895882353"/>
  <nd ref="895882021"/>
  <nd ref="895882175"/>
  <nd ref="895881823"/>
  <nd ref="895881965"/>
  <nd ref="895882496"/>
  <nd ref="895882247"/>
  <nd ref="895882223"/>
  <nd ref="895881867"/>
  <nd ref="895882007"/>
  <tag k="electrified" v="contact_line"/>
  <tag k="frequency" v="0"/>
  <tag k="gauge" v="1668"/>
  <tag k="maxspeed" v="160"/>
  <tag k="name" v="FFCC Córdoba - Málaga"/>
  <tag k="name:de" v="Bahnstrecke Córdoba - Málaga"/>
  <tag k="operator" v="Adif"/>
  <tag k="railway" v="rail"/>
  <tag k="railway:asfa" v="yes"/>
  <tag k="ref" v="430"/>
  <tag k="tracks" v="1"/>
  <tag k="usage" v="main"/>
  <tag k="voltage" v="3000"/>
 </way>
 <way id="563737668" visible="true" version="4" changeset="189366207" timestamp="2026-09-21T19:52:43Z" user="UNKNOWN2893757" uid="226908">
  <nd ref="1596527674"/>
  <nd ref="2178850306"/>
  <nd ref="2178850385"/>
  <nd ref="2178850350"/>
  <nd ref="2178850371"/>
  <nd ref="2178850392"/>
  <nd ref="2178850345"/>
  <nd ref="2178850285"/>
  <nd ref="2178850483"/>
  <nd ref="2178850471"/>
  <nd ref="2178850364"/>
  <nd ref="4815068893"/>
  <nd ref="4815068888"/>
  <nd ref="2178850360"/>
  <nd ref="4815068890"/>
  <nd ref="4815068889"/>
  <nd ref="2178850489"/>
  <tag k="highway" v="residential"/>
  <tag k="name" v="Calle Portugal"/>
  <tag k="name:etymology:wikidata" v="Q45"/>
  <tag k="oneway" v="no"/>
  <tag k="source" v="Local knowledge"/>
  <tag k="surface" v="paved"/>
 </way>
 <way id="563737669" visible="true" version="1" changeset="56624761" timestamp="2018-02-23T23:52:26Z" user="alan_gr" uid="5307206">
  <nd ref="5432358132"/>
  <nd ref="2506185667"/>
  <tag k="highway" v="residential"/>
  <tag k="name" v="Calle Joaquín Turina"/>
 </way>
 <way id="563737670" visible="true" version="1" changeset="56624761" timestamp="2018-02-23T23:52:26Z" user="alan_gr" uid="5307206">
  <nd ref="2506193459"/>
  <nd ref="1079134451"/>
  <nd ref="2178863636"/>
  <nd ref="1079135294"/>
  <nd ref="1079133977"/>
  <nd ref="2506193389"/>
  <tag k="highway" v="residential"/>
 </way>
 <way id="563737671" visible="true" version="2" changeset="163342782" timestamp="2025-03-07T20:30:41Z" user="Peri3" uid="14595185">
  <nd ref="1596534280"/>
  <nd ref="4346081023"/>
  <nd ref="1596534232"/>
  <nd ref="4346081024"/>
  <nd ref="1596534480"/>
  <nd ref="4346081025"/>
  <nd ref="1596534269"/>
  <nd ref="1596534324"/>
  <tag k="access" v="yes"/>
  <tag k="bicycle" v="yes"/>
  <tag k="foot" v="yes"/>
  <tag k="highway" v="track"/>
  <tag k="name" v="Calle Camino Fuente Luna"/>
  <tag k="source" v="Local knowledge"/>
  <tag k="surface" v="sand"/>
  <tag k="tracktype" v="grade1"/>
 </way>
 <way id="563737673" visible="true" version="1" changeset="56624761" timestamp="2018-02-23T23:52:26Z" user="alan_gr" uid="5307206">
  <nd ref="2506193442"/>
  <nd ref="2506193443"/>
  <tag k="highway" v="residential"/>
  <tag k="name" v="Calle Roble"/>
 </way>
 <way id="563737674" visible="true" version="1" changeset="56624761" timestamp="2018-02-23T23:52:26Z" user="alan_gr" uid="5307206">
  <nd ref="2506193436"/>
  <nd ref="2506193437"/>
  <tag k="highway" v="residential"/>
  <tag k="name" v="Calle Sauce"/>
 </way>
 <way id="567069406" visible="true" version="2" changeset="138942555" timestamp="2023-07-24T14:16:11Z" user="Robot8A" uid="393359">
  <nd ref="2620915463"/>
  <nd ref="5459518498"/>
  <tag k="highway" v="service"/>
 </way>
 <way id="567069409" visible="true" version="1" changeset="56938478" timestamp="2018-03-06T15:07:27Z" user="alan_gr" uid="5307206">
  <nd ref="2620914965"/>
  <nd ref="5459518509"/>
  <nd ref="5459518500"/>
  <nd ref="5459518498"/>
  <nd ref="5459518508"/>
  <nd ref="5459518507"/>
  <nd ref="5459518506"/>
  <nd ref="5459518505"/>
  <nd ref="5459518504"/>
  <nd ref="5459518503"/>
  <nd ref="5459518502"/>
  <nd ref="5459518501"/>
  <nd ref="2620914965"/>
  <tag k="access" v="customers"/>
  <tag k="amenity" v="parking"/>
  <tag k="description" v="Para clientes de RENFE Cercanías"/>
  <tag k="opening_hours" v="06:30-23:00"/>
  <tag k="parking" v="surface"/>
  <tag k="surface" v="unpaved"/>
 </way>
 <way id="860212854" visible="true" version="1" changeset="92640614" timestamp="2020-10-17T19:57:38Z" user="Begavil84" uid="1725439">
  <nd ref="895882268"/>
  <nd ref="895881830"/>
  <nd ref="895882184"/>
  <nd ref="895882205"/>
  <nd ref="895881603"/>
  <nd ref="4539696118"/>
  <nd ref="895882384"/>
  <nd ref="895881847"/>
  <nd ref="895881706"/>
  <nd ref="4539696133"/>
  <nd ref="895882067"/>
  <tag k="highway" v="residential"/>
  <tag k="name" v="Calle Diana Navarro"/>
  <tag k="source" v="Catastro Spain 2016"/>
 </way>
 <way id="860212855" visible="true" version="1" changeset="92640614" timestamp="2020-10-17T19:57:38Z" user="Begavil84" uid="1725439">
  <nd ref="8017257474"/>
  <nd ref="8017257475"/>
  <nd ref="8017257476"/>
  <tag k="natural" v="tree_row"/>
 </way>
 <way id="860212856" visible="true" version="1" changeset="92640614" timestamp="2020-10-17T19:57:38Z" user="Begavil84" uid="1725439">
  <nd ref="8017257477"/>
  <nd ref="8017257478"/>
  <tag k="natural" v="tree_row"/>
 </way>
 <way id="860212857" visible="true" version="1" changeset="92640614" timestamp="2020-10-17T19:57:38Z" user="Begavil84" uid="1725439">
  <nd ref="3615408402"/>
  <nd ref="2506185677"/>
  <nd ref="2506193421"/>
  <nd ref="2178863647"/>
  <tag k="highway" v="residential"/>
  <tag k="name" v="Calle Carmen Linares"/>
 </way>
 <way id="860212858" visible="true" version="2" changeset="189556316" timestamp="2026-09-25T17:43:33Z" user="UNKNOWN2893757" uid="226908">
  <nd ref="8017288691"/>
  <nd ref="8017288692"/>
  <nd ref="8017288693"/>
  <nd ref="8017288694"/>
  <nd ref="8017288695"/>
  <nd ref="8017288696"/>
  <nd ref="8017288697"/>
  <nd ref="8017257479"/>
  <nd ref="8017257480"/>
  <nd ref="8017257483"/>
  <nd ref="8017257484"/>
  <nd ref="8017288685"/>
  <nd ref="8017288686"/>
  <nd ref="8017288687"/>
  <nd ref="8017288688"/>
  <nd ref="8017288689"/>
  <nd ref="8017288690"/>
  <nd ref="8017257481"/>
  <nd ref="8017257482"/>
  <nd ref="8017288691"/>
  <tag k="landuse" v="grass"/>
  <tag k="name" v="Plaza de España"/>
  <tag k="name:etymology:wikidata" v="Q29"/>
 </way>
 <way id="860212859" visible="true" version="1" changeset="92640614" timestamp="2020-10-17T19:57:38Z" user="Begavil84" uid="1725439">
  <nd ref="8017288704"/>
  <nd ref="8017288705"/>
  <nd ref="8017288706"/>
  <nd ref="8017288707"/>
  <nd ref="8017288708"/>
  <nd ref="8017288709"/>
  <nd ref="8017288704"/>
  <tag k="leisure" v="pitch"/>
  <tag k="sport" v="skateboard"/>
 </way>
 <way id="860212860" visible="true" version="1" changeset="92640614" timestamp="2020-10-17T19:57:38Z" user="Begavil84" uid="1725439">
  <nd ref="4309843209"/>
  <nd ref="2506185664"/>
  <nd ref="2506185673"/>
  <nd ref="2178863650"/>
  <tag k="highway" v="residential"/>
  <tag k="name" v="Calle Piyayo"/>
 </way>
 <way id="860212861" visible="true" version="1" changeset="92640614" timestamp="2020-10-17T19:57:38Z" user="Begavil84" uid="1725439">
  <nd ref="8017288723"/>
  <nd ref="8017288724"/>
  <nd ref="8017288725"/>
  <nd ref="8017288726"/>
  <nd ref="8017288727"/>
  <nd ref="8017288728"/>
  <nd ref="8017288729"/>
  <nd ref="8017288711"/>
  <nd ref="8017288712"/>
  <nd ref="8017288715"/>
  <nd ref="8017288716"/>
  <nd ref="8017288717"/>
  <nd ref="8017288718"/>
  <nd ref="8017288719"/>
  <nd ref="8017288720"/>
  <nd ref="8017288721"/>
  <nd ref="8017288722"/>
  <nd ref="8017288713"/>
  <nd ref="8017288714"/>
  <nd ref="8017288723"/>
  <tag k="landuse" v="grass"/>
  <tag k="name" v="Plaza de Carlos Cano"/>
 </way>
 <way id="860212862" visible="true" version="1" changeset="92640614" timestamp="2020-10-17T19:57:38Z" user="Begavil84" uid="1725439">
  <nd ref="8017288734"/>
  <nd ref="8017288735"/>
  <tag k="natural" v="tree_row"/>
 </way>
 <way id="860212863" visible="true" version="1" changeset="92640614" timestamp="2020-10-17T19:57:38Z" user="Begavil84" uid="1725439">
  <nd ref="8017288736"/>
  <nd ref="8017288737"/>
  <tag k="natural" v="tree_row"/>
 </way>
 <way id="860212864" visible="true" version="1" changeset="92640614" timestamp="2020-10-17T19:57:38Z" user="Begavil84" uid="1725439">
  <nd ref="8017288738"/>
  <nd ref="8017288739"/>
  <tag k="natural" v="tree_row"/>
 </way>
 <way id="860212865" visible="true" version="1" changeset="92640614" timestamp="2020-10-17T19:57:38Z" user="Begavil84" uid="1725439">
  <nd ref="8017288740"/>
  <nd ref="8017288741"/>
  <tag k="natural" v="tree_row"/>
 </way>
 <way id="860212866" visible="true" version="1" changeset="92640614" timestamp="2020-10-17T19:57:38Z" user="Begavil84" uid="1725439">
  <nd ref="8017288742"/>
  <nd ref="8017288743"/>
  <tag k="natural" v="tree_row"/>
 </way>
 <way id="885299916" visible="true" version="1" changeset="95902225" timestamp="2020-12-15T21:55:27Z" user="itrivi" uid="2021536">
  <nd ref="895882302"/>
  <nd ref="2299680106"/>
  <nd ref="895882335"/>
  <tag k="highway" v="residential"/>
  <tag k="name" v="Camino Parador"/>
 </way>
 <way id="933913732" visible="true" version="1" changeset="103421332" timestamp="2021-04-22T15:00:56Z" user="Friendly_Ghost" uid="10875409">
  <nd ref="8655928011"/>
  <nd ref="8655928010"/>
  <nd ref="8655928009"/>
  <nd ref="8655928008"/>
  <nd ref="8655928007"/>
  <nd ref="8655928006"/>
  <nd ref="8655928005"/>
  <nd ref="8655928004"/>
  <nd ref="8655928003"/>
  <nd ref="8655928002"/>
  <nd ref="8655928001"/>
  <nd ref="8655928000"/>
  <nd ref="8655927999"/>
  <nd ref="8655927998"/>
  <nd ref="8655927997"/>
  <nd ref="8655927996"/>
  <nd ref="8655927995"/>
  <nd ref="8655927994"/>
  <nd ref="8655927993"/>
  <nd ref="8655927992"/>
  <nd ref="8655927991"/>
  <nd ref="8655927990"/>
  <nd ref="8655927989"/>
  <nd ref="8655927988"/>
  <nd ref="8655927987"/>
  <nd ref="8655927986"/>
  <nd ref="8655927985"/>
  <nd ref="8655927984"/>
  <nd ref="8655927983"/>
  <nd ref="8655927982"/>
  <nd ref="8655927981"/>
  <nd ref="8655927980"/>
  <nd ref="8655927979"/>
  <nd ref="8655927978"/>
  <nd ref="8655927977"/>
  <nd ref="8655927976"/>
  <nd ref="8655927975"/>
  <nd ref="8655927974"/>
  <nd ref="8655927973"/>
  <nd ref="8655927972"/>
  <nd ref="8655927971"/>
  <nd ref="8655927970"/>
  <nd ref="8655927969"/>
  <nd ref="8655927968"/>
  <nd ref="8655927967"/>
  <nd ref="8655927966"/>
  <nd ref="8655927965"/>
  <nd ref="8655927964"/>
  <nd ref="8655927963"/>
  <nd ref="8655927962"/>
  <nd ref="8655927961"/>
  <nd ref="8655927960"/>
  <nd ref="8655927959"/>
  <nd ref="8655928011"/>
  <tag k="landuse" v="orchard"/>
 </way>
 <way id="1042938880" visible="true" version="2" changeset="189354027" timestamp="2026-09-21T15:13:33Z" user="UNKNOWN2893757" uid="226908">
  <nd ref="2506185690"/>
  <nd ref="2506193383"/>
  <tag k="highway" v="residential"/>
  <tag k="name" v="Calle Miguel de Cervantes"/>
  <tag k="name:etymology:wikidata" v="Q5682"/>
 </way>
 <way id="1042938881" visible="true" version="2" changeset="118952511" timestamp="2022-03-26T15:45:42Z" user="ratrun" uid="474183">
  <nd ref="2178863642"/>
  <nd ref="9599732608"/>
  <tag k="highway" v="steps"/>
 </way>
 <way id="1042938882" visible="true" version="1" changeset="118820695" timestamp="2022-03-23T12:59:41Z" user="bkr" uid="40560">
  <nd ref="2506185666"/>
  <nd ref="9599732613"/>
  <nd ref="9599732611"/>
  <nd ref="2506185680"/>
  <tag k="highway" v="steps"/>
  <tag k="lit" v="yes"/>
 </way>
 <way id="1043243698" visible="true" version="2" changeset="143261319" timestamp="2023-10-28T13:11:51Z" user="JJJWegdam" uid="1758654">
  <nd ref="895881984"/>
  <nd ref="9601682914"/>
  <nd ref="9601682906"/>
  <nd ref="9601682913"/>
  <nd ref="9601682916"/>
  <tag k="railway" v="rail"/>
  <tag k="railway:asfa" v="yes"/>
 </way>
 <way id="1043243699" visible="true" version="2" changeset="143261319" timestamp="2023-10-28T13:11:51Z" user="JJJWegdam" uid="1758654">
  <nd ref="9601682907"/>
  <nd ref="9601682910"/>
  <tag k="bridge" v="yes"/>
  <tag k="electrified" v="contact_line"/>
  <tag k="frequency" v="0"/>
  <tag k="gauge" v="1668"/>
  <tag k="maxspeed" v="160"/>
  <tag k="railway" v="rail"/>
  <tag k="railway:asfa" v="yes"/>
  <tag k="service" v="siding"/>
  <tag k="voltage" v="3000"/>
 </way>
 <way id="1043243701" visible="true" version="2" changeset="143261319" timestamp="2023-10-28T13:11:51Z" user="JJJWegdam" uid="1758654">
  <nd ref="9601682910"/>
  <nd ref="9601682916"/>
  <nd ref="895882109"/>
  <nd ref="7567516179"/>
  <nd ref="895881957"/>
  <nd ref="895882313"/>
  <nd ref="895881779"/>
  <nd ref="895882130"/>
  <nd ref="895881984"/>
  <nd ref="895881748"/>
  <tag k="electrified" v="contact_line"/>
  <tag k="frequency" v="0"/>
  <tag k="gauge" v="1668"/>
  <tag k="maxspeed" v="160"/>
  <tag k="railway" v="rail"/>
  <tag k="railway:asfa" v="yes"/>
  <tag k="service" v="siding"/>
  <tag k="voltage" v="3000"/>
 </way>
 <way id="1191850276" visible="true" version="1" changeset="138942555" timestamp="2023-07-24T14:16:11Z" user="Robot8A" uid="393359">
  <nd ref="481276514"/>
  <nd ref="1625791710"/>
  <tag k="highway" v="secondary"/>
  <tag k="name" v="Carretera Pizarra-Coín"/>
  <tag k="oneway" v="yes"/>
  <tag k="ref" v="A-7054"/>
  <tag k="source" v="PNOA"/>
 </way>
 <way id="1191850277" visible="true" version="1" changeset="138942555" timestamp="2023-07-24T14:16:11Z" user="Robot8A" uid="393359">
  <nd ref="2620914967"/>
  <nd ref="481276514"/>
  <tag k="highway" v="secondary"/>
  <tag k="name" v="Carretera Pizarra-Coín"/>
  <tag k="oneway" v="yes"/>
  <tag k="ref" v="A-7054"/>
  <tag k="source" v="PNOA"/>
 </way>
 <way id="1191850278" visible="true" version="1" changeset="138942555" timestamp="2023-07-24T14:16:11Z" user="Robot8A" uid="393359">
  <nd ref="11065050333"/>
  <nd ref="11065050332"/>
  <nd ref="11065050331"/>
  <tag k="highway" v="tertiary"/>
  <tag k="name" v="Calle Estación"/>
  <tag k="oneway" v="yes"/>
 </way>
 <way id="1191850279" visible="true" version="1" changeset="138942555" timestamp="2023-07-24T14:16:11Z" user="Robot8A" uid="393359">
  <nd ref="11065050331"/>
  <nd ref="895882350"/>
  <tag k="highway" v="tertiary"/>
  <tag k="name" v="Calle Estación"/>
  <tag k="oneway" v="yes"/>
 </way>
 <way id="1191850284" visible="true" version="1" changeset="138942555" timestamp="2023-07-24T14:16:11Z" user="Robot8A" uid="393359">
  <nd ref="2620914973"/>
  <nd ref="1625791712"/>
  <tag k="highway" v="tertiary"/>
  <tag k="name" v="Calle Estación"/>
  <tag k="oneway" v="yes"/>
 </way>
 <way id="1191850285" visible="true" version="1" changeset="138942555" timestamp="2023-07-24T14:16:11Z" user="Robot8A" uid="393359">
  <nd ref="1625791712"/>
  <nd ref="1625791713"/>
  <tag k="highway" v="tertiary"/>
  <tag k="name" v="Calle Estación"/>
  <tag k="oneway" v="yes"/>
 </way>
 <way id="1365392138" visible="true" version="2" changeset="176200563" timestamp="2025-12-21T00:02:30Z" user="J Blanca" uid="21792701">
  <nd ref="1596534280"/>
  <nd ref="12644108681"/>
  <nd ref="12644108682"/>
  <nd ref="4346085582"/>
  <tag k="highway" v="residential"/>
  <tag k="name" v="Calle Encina"/>
 </way>
 <way id="1365392139" visible="true" version="2" changeset="172476793" timestamp="2025-09-26T09:56:40Z" user="kapazao" uid="7543375">
  <nd ref="12644108693"/>
  <nd ref="12644108694"/>
  <nd ref="12644108695"/>
  <nd ref="12644108696"/>
  <nd ref="12644108697"/>
  <nd ref="12644108698"/>
  <nd ref="12644108699"/>
  <nd ref="12644108700"/>
  <nd ref="12644112501"/>
  <nd ref="12644108683"/>
  <nd ref="12644108684"/>
  <nd ref="12644108687"/>
  <nd ref="12644108688"/>
  <nd ref="12644108689"/>
  <nd ref="12644108690"/>
  <nd ref="12644108691"/>
  <nd ref="12644108692"/>
  <nd ref="12644108685"/>
  <nd ref="12644108686"/>
  <nd ref="12644108693"/>
  <tag k="highway" v="residential"/>
  <tag k="junction" v="roundabout"/>
  <tag k="lanes" v="1"/>
  <tag k="noname" v="yes"/>
 </way>
 <way id="1365392140" visible="true" version="1" changeset="163342782" timestamp="2025-03-07T20:30:41Z" user="Peri3" uid="14595185">
  <nd ref="12644108692"/>
  <nd ref="1079135559"/>
  <nd ref="2178863635"/>
  <nd ref="2506193459"/>
  <tag k="highway" v="residential"/>
  <tag k="name" v="Calle Gibralmora"/>
 </way>
 <way id="1365392142" visible="true" version="1" changeset="163342782" timestamp="2025-03-07T20:30:41Z" user="Peri3" uid="14595185">
  <nd ref="2506193377"/>
  <nd ref="2506193385"/>
  <tag k="highway" v="residential"/>
 </way>
 <way id="1365392606" visible="true" version="1" changeset="163342825" timestamp="2025-03-07T20:32:22Z" user="Peri3" uid="14595185">
  <nd ref="2506193437"/>
  <nd ref="12644077552"/>
  <nd ref="12644077551"/>
  <tag k="highway" v="residential"/>
 </way>
 <way id="1365392607" visible="true" version="1" changeset="163342825" timestamp="2025-03-07T20:32:22Z" user="Peri3" uid="14595185">
  <nd ref="12644077552"/>
  <nd ref="12644077553"/>
  <tag k="highway" v="residential"/>
 </way>
 <way id="1386949566" visible="true" version="1" changeset="166292638" timestamp="2025-05-15T08:54:16Z" user="JakubS" uid="504620">
  <nd ref="12839589797"/>
  <nd ref="12839589796"/>
  <nd ref="12839589795"/>
  <nd ref="12839589794"/>
  <nd ref="12839589793"/>
  <nd ref="12839589792"/>
  <nd ref="12839589791"/>
  <nd ref="12839589790"/>
  <nd ref="12839589789"/>
  <nd ref="12839589788"/>
  <nd ref="12839589787"/>
  <nd ref="12839589786"/>
  <nd ref="12839589785"/>
  <nd ref="12839589784"/>
  <nd ref="12839589783"/>
  <nd ref="12839589782"/>
  <nd ref="12839589781"/>
  <nd ref="12839589780"/>
  <nd ref="12839589779"/>
  <nd ref="12839589778"/>
  <nd ref="12839589777"/>
  <nd ref="12839589776"/>
  <nd ref="12839589775"/>
  <nd ref="12839589774"/>
  <nd ref="12839589773"/>
  <nd ref="12839589772"/>
  <nd ref="12839589771"/>
  <nd ref="12839589770"/>
  <nd ref="12839589769"/>
  <nd ref="12839589768"/>
  <nd ref="12839589767"/>
  <nd ref="12839589766"/>
  <nd ref="12839589765"/>
  <nd ref="12839589764"/>
  <nd ref="12839589763"/>
  <nd ref="12839589762"/>
  <nd ref="12839589761"/>
  <nd ref="12839589760"/>
  <nd ref="12839589759"/>
  <nd ref="12839589758"/>
  <nd ref="12839589757"/>
  <nd ref="12839589756"/>
  <nd ref="12839589755"/>
  <nd ref="12839589754"/>
  <nd ref="12839589753"/>
  <nd ref="12839589752"/>
  <nd ref="12839589751"/>
  <nd ref="12839589750"/>
  <nd ref="12839589749"/>
  <nd ref="12839589748"/>
  <nd ref="12839589747"/>
  <nd ref="12839589746"/>
  <nd ref="12839589745"/>
  <nd ref="12839589744"/>
  <nd ref="12839589743"/>
  <nd ref="12839589742"/>
  <nd ref="12839589741"/>
  <nd ref="12839589740"/>
  <nd ref="12839589739"/>
  <nd ref="12839589738"/>
  <nd ref="12839589737"/>
  <nd ref="12839589736"/>
  <nd ref="12839589735"/>
  <nd ref="12839589734"/>
  <nd ref="12839589733"/>
  <nd ref="12839589732"/>
  <nd ref="12839589731"/>
  <nd ref="12839589730"/>
  <nd ref="12839589729"/>
  <nd ref="12839589728"/>
  <nd ref="12839589727"/>
  <tag k="layer" v="-1"/>
  <tag k="name" v="Nuevo Canal de Riegos y Abastecimiento de Málaga"/>
  <tag k="tunnel" v="flooded"/>
  <tag k="waterway" v="canal"/>
 </way>
 <way id="1433299548" visible="true" version="1" changeset="172476793" timestamp="2025-09-26T09:56:40Z" user="kapazao" uid="7543375">
  <nd ref="12644108683"/>
  <nd ref="13173148961"/>
  <nd ref="13173148962"/>
  <nd ref="13173148963"/>
  <tag k="highway" v="service"/>
 </way>
 <relation id="3683057" visible="true" version="3" changeset="41854337" timestamp="2016-09-01T17:58:16Z" user="dpawlyk" uid="1719931">
  <member type="node" ref="2815328149" role="via"/>
  <member type="way" ref="419135612" role="from"/>
  <member type="way" ref="276981236" role="to"/>
  <tag k="restriction" v="only_straight_on"/>
  <tag k="type" v="restriction"/>
 </relation>
 <relation id="3683059" visible="true" version="1" changeset="21927779" timestamp="2014-04-25T10:37:55Z" user="luschi" uid="1714220">
  <member type="node" ref="2815328149" role="via"/>
  <member type="way" ref="276981235" role="from"/>
  <member type="way" ref="276981236" role="to"/>
  <tag k="restriction" v="only_straight_on"/>
  <tag k="type" v="restriction"/>
 </relation>
 <relation id="4189935" visible="true" version="3" changeset="185898782" timestamp="2026-07-17T11:09:11Z" user="Wildsharky" uid="16577436">
  <member type="node" ref="322505362" role="via"/>
  <member type="way" ref="29313214" role="from"/>
  <member type="way" ref="283641533" role="to"/>
  <tag k="restriction" v="no_left_turn"/>
  <tag k="type" v="restriction"/>
 </relation>
 <relation id="8031144" visible="true" version="4" changeset="172182570" timestamp="2025-09-19T21:19:14Z" user="Hugoren Martinako" uid="3392826">
  <member type="node" ref="2880085212" role=""/>
  <member type="way" ref="284264209" role=""/>
  <member type="way" ref="284264210" role=""/>
  <member type="way" ref="93099601" role=""/>
  <member type="way" ref="93099586" role=""/>
  <member type="way" ref="93099591" role=""/>
  <member type="way" ref="93099574" role=""/>
  <member type="way" ref="93099621" role=""/>
  <member type="way" ref="562094237" role=""/>
  <member type="way" ref="562094236" role=""/>
  <member type="way" ref="149630809" role=""/>
  <member type="way" ref="562094235" role=""/>
  <member type="way" ref="429541968" role=""/>
  <member type="node" ref="2178863648" role=""/>
  <tag k="description" v="Subida de Pizarra a la Sierra del Gibralmora, volviendo al pueblo por los parajes de El Santo y la Ermita de Fuensanta."/>
  <tag k="distance" v="5.9"/>
  <tag k="from" v="Pizarra"/>
  <tag k="name" v="El Santo"/>
  <tag k="network" v="lwn"/>
  <tag k="network:type" v="Local"/>
  <tag k="operator" v="Federación Andaluza de Montañismo"/>
  <tag k="osmc:symbol" v="green:white:green_lower:213:black"/>
  <tag k="ref" v="SL-A 213"/>
  <tag k="roundtrip" v="yes"/>
  <tag k="route" v="hiking"/>
  <tag k="source" v="http://www.fedamon.com/index.php/senderos-sl-a-2"/>
  <tag k="start_date" v="2017-12"/>
  <tag k="symbol" v="white strip on top of green strip"/>
  <tag k="to" v="El Santo de Pizarra"/>
  <tag k="type" v="route"/>
 </relation>
 <relation id="11149219" visible="true" version="16" changeset="188061131" timestamp="2026-08-26T18:45:22Z" user="Davileci" uid="8123953">
  <member type="way" ref="178134051" role=""/>
  <member type="way" ref="178134054" role=""/>
  <member type="way" ref="178134049" role=""/>
  <member type="way" ref="174709430" role=""/>
  <member type="way" ref="1355664259" role=""/>
  <member type="way" ref="1355664260" role=""/>
  <member type="way" ref="174709436" role=""/>
  <member type="way" ref="198044091" role=""/>
  <member type="way" ref="174709434" role=""/>
  <member type="way" ref="232629882" role=""/>
  <member type="way" ref="232629883" role=""/>
  <member type="way" ref="174709439" role=""/>
  <member type="way" ref="75903644" role=""/>
  <member type="way" ref="75903648" role=""/>
  <member type="way" ref="1514088172" role=""/>
  <member type="way" ref="1514088173" role=""/>
  <member type="way" ref="75903649" role=""/>
  <member type="way" ref="75903645" role=""/>
  <member type="way" ref="174709440" role=""/>
  <member type="way" ref="174709431" role=""/>
  <member type="way" ref="75903646" role=""/>
  <member type="way" ref="75903641" role=""/>
  <member type="way" ref="178327967" role=""/>
  <member type="way" ref="75903647" role=""/>
  <member type="way" ref="75903642" role=""/>
  <member type="way" ref="206241231" role=""/>
  <member type="way" ref="75903643" role=""/>
  <member type="way" ref="75909840" role=""/>
  <member type="way" ref="174709432" role=""/>
  <member type="way" ref="75903220" role=""/>
  <member type="way" ref="75903222" role=""/>
  <member type="way" ref="75903221" role=""/>
  <member type="way" ref="75903223" role=""/>
  <member type="way" ref="75902879" role=""/>
  <member type="way" ref="75902882" role=""/>
  <member type="way" ref="75902877" role=""/>
  <member type="way" ref="457053676" role=""/>
  <member type="way" ref="457053677" role=""/>
  <member type="way" ref="75902885" role=""/>
  <member type="way" ref="178732971" role=""/>
  <member type="way" ref="178732972" role=""/>
  <member type="way" ref="809340430" role=""/>
  <member type="way" ref="84051934" role=""/>
  <member type="way" ref="84051931" role=""/>
  <member type="way" ref="118297721" role=""/>
  <member type="way" ref="835577329" role=""/>
  <member type="way" ref="75900425" role=""/>
  <member type="way" ref="75900428" role=""/>
  <member type="way" ref="75901667" role=""/>
  <member type="way" ref="75901631" role=""/>
  <member type="way" ref="75901670" role=""/>
  <member type="way" ref="75901646" role=""/>
  <member type="way" ref="75901637" role=""/>
  <member type="way" ref="75901655" role=""/>
  <member type="way" ref="507602661" role=""/>
  <member type="way" ref="722205666" role=""/>
  <member type="way" ref="722205667" role=""/>
  <member type="way" ref="75902397" role=""/>
  <member type="way" ref="75900426" role=""/>
  <member type="way" ref="175112266" role=""/>
  <member type="way" ref="175112219" role=""/>
  <member type="way" ref="38095881" role=""/>
  <member type="way" ref="175112260" role=""/>
  <member type="way" ref="175112209" role=""/>
  <member type="way" ref="175112205" role=""/>
  <member type="way" ref="175112248" role=""/>
  <member type="way" ref="175112214" role=""/>
  <member type="way" ref="175112236" role=""/>
  <member type="way" ref="175112245" role=""/>
  <member type="way" ref="38574517" role=""/>
  <member type="way" ref="74811035" role=""/>
  <member type="way" ref="184366256" role=""/>
  <member type="way" ref="835577330" role=""/>
  <member type="way" ref="118296473" role=""/>
  <member type="way" ref="178134052" role=""/>
  <member type="way" ref="75899538" role=""/>
  <member type="way" ref="447078423" role=""/>
  <member type="way" ref="38573633" role=""/>
  <member type="way" ref="227757226" role=""/>
  <member type="way" ref="227936624" role=""/>
  <member type="way" ref="1528796483" role=""/>
  <member type="way" ref="1528796490" role=""/>
  <member type="way" ref="1528796492" role=""/>
  <member type="way" ref="227936617" role=""/>
  <member type="way" ref="860431527" role=""/>
  <member type="way" ref="860431517" role=""/>
  <member type="way" ref="860431525" role=""/>
  <member type="way" ref="860431515" role=""/>
  <member type="way" ref="860431524" role=""/>
  <member type="way" ref="447078420" role=""/>
  <member type="way" ref="90675895" role=""/>
  <member type="way" ref="75904229" role=""/>
  <member type="way" ref="174749380" role=""/>
  <member type="way" ref="174709433" role=""/>
  <member type="way" ref="178134050" role=""/>
  <member type="way" ref="448028486" role=""/>
  <member type="way" ref="42211343" role=""/>
  <member type="way" ref="42211361" role=""/>
  <member type="way" ref="227943111" role=""/>
  <member type="way" ref="227943104" role=""/>
  <member type="way" ref="227943115" role=""/>
  <member type="way" ref="1552637038" role=""/>
  <member type="way" ref="1552637041" role=""/>
  <member type="way" ref="74811025" role=""/>
  <member type="way" ref="227945698" role=""/>
  <member type="way" ref="227945694" role=""/>
  <member type="way" ref="83644097" role=""/>
  <member type="way" ref="397766057" role=""/>
  <member type="way" ref="83644092" role=""/>
  <member type="way" ref="83644107" role=""/>
  <member type="way" ref="74811047" role=""/>
  <member type="way" ref="74811044" role=""/>
  <member type="way" ref="74811023" role=""/>
  <member type="way" ref="74811048" role=""/>
  <member type="way" ref="75475349" role=""/>
  <member type="way" ref="75475329" role=""/>
  <member type="way" ref="75479428" role=""/>
  <member type="way" ref="75479423" role=""/>
  <member type="way" ref="248630845" role=""/>
  <member type="way" ref="248630846" role=""/>
  <member type="way" ref="808959935" role=""/>
  <member type="way" ref="808959938" role=""/>
  <member type="way" ref="366029697" role=""/>
  <member type="way" ref="366029696" role=""/>
  <member type="way" ref="808959951" role=""/>
  <member type="way" ref="543552664" role=""/>
  <member type="way" ref="148818433" role=""/>
  <member type="way" ref="543552668" role=""/>
  <member type="way" ref="808959949" role=""/>
  <member type="way" ref="148818436" role=""/>
  <member type="way" ref="26841078" role=""/>
  <member type="way" ref="26841064" role=""/>
  <member type="way" ref="26840714" role=""/>
  <member type="way" ref="808959958" role=""/>
  <member type="way" ref="543556135" role=""/>
  <member type="way" ref="543556134" role=""/>
  <member type="way" ref="148591310" role=""/>
  <member type="way" ref="148591314" role=""/>
  <member type="way" ref="207306082" role=""/>
  <tag k="from" v="Bifurcación Córdoba"/>
  <tag k="name" v="FFCC Córdoba - Málaga"/>
  <tag k="note" v="Números líneas de Adif ségun: http://es.wikipedia.org/wiki/Anexo:L%C3%ADneas_de_la_Red_Ferroviaria_de_Interés_General"/>
  <tag k="operator" v="Adif"/>
  <tag k="operator:wikidata" v="Q358752"/>
  <tag k="ref" v="430"/>
  <tag k="route" v="railway"/>
  <tag k="to" v="El Higuerón a Los Prados"/>
  <tag k="type" v="route"/>
 </relation>
 <relation id="11151808" visible="true" version="1" changeset="85911237" timestamp="2020-05-28T22:45:22Z" user="Patrick1977Bln" uid="259536">
  <member type="node" ref="895881917" role=""/>
  <member type="node" ref="7567516179" role="stop"/>
  <member type="node" ref="7567516178" role="stop"/>
  <tag k="name" v="Pizarra"/>
  <tag k="operator" v="Adif"/>
  <tag k="public_transport" v="stop_area"/>
  <tag k="type" v="public_transport"/>
 </relation>
 <relation id="11488013" visible="true" version="4" changeset="120553177" timestamp="2022-05-04T16:49:26Z" user="kräckel" uid="1092114">
  <member type="node" ref="7567516183" role="stop"/>
  <member type="way" ref="447977412" role="platform"/>
  <member type="node" ref="7567516178" role="stop"/>
  <member type="node" ref="7567516154" role="stop"/>
  <member type="way" ref="809340422" role="platform"/>
  <member type="node" ref="7567516147" role="stop"/>
  <member type="way" ref="270269137" role="platform"/>
  <member type="node" ref="1857524064" role="stop"/>
  <member type="way" ref="175112250" role="platform"/>
  <member type="node" ref="7567516126" role="stop"/>
  <member type="way" ref="809340418" role="platform"/>
  <member type="node" ref="7567516122" role="stop"/>
  <member type="node" ref="7571619023" role="stop"/>
  <member type="node" ref="7571619025" role="stop"/>
  <member type="way" ref="75900425" role=""/>
  <member type="way" ref="75900428" role=""/>
  <member type="way" ref="75901667" role=""/>
  <member type="way" ref="75901631" role=""/>
  <member type="way" ref="75901670" role=""/>
  <member type="way" ref="75901646" role=""/>
  <member type="way" ref="75901637" role=""/>
  <member type="way" ref="75901655" role=""/>
  <member type="way" ref="507602661" role=""/>
  <member type="way" ref="722205666" role=""/>
  <member type="way" ref="722205667" role=""/>
  <member type="way" ref="75902397" role=""/>
  <member type="way" ref="75900426" role=""/>
  <member type="way" ref="175112266" role=""/>
  <member type="way" ref="175112219" role=""/>
  <member type="way" ref="38095881" role=""/>
  <member type="way" ref="175112260" role=""/>
  <member type="way" ref="175112209" role=""/>
  <member type="way" ref="175112205" role=""/>
  <member type="way" ref="175112248" role=""/>
  <member type="way" ref="175112214" role=""/>
  <member type="way" ref="175112236" role=""/>
  <member type="way" ref="175112245" role=""/>
  <member type="way" ref="38574517" role=""/>
  <member type="way" ref="835577330" role=""/>
  <member type="way" ref="118296473" role=""/>
  <member type="way" ref="403717810" role=""/>
  <member type="way" ref="184366254" role=""/>
  <member type="way" ref="403717858" role=""/>
  <member type="way" ref="184366259" role=""/>
  <member type="way" ref="184366272" role=""/>
  <member type="way" ref="61653013" role=""/>
  <member type="way" ref="43512961" role=""/>
  <member type="way" ref="809846344" role=""/>
  <member type="way" ref="809846342" role=""/>
  <member type="way" ref="43512951" role=""/>
  <member type="way" ref="835577328" role=""/>
  <tag k="colour" v="#00874D"/>
  <tag k="from" v="Álora"/>
  <tag k="name" v="C-2: Álora=&gt; Málaga - Centro Alameda"/>
  <tag k="network" v="Cercanías Málaga"/>
  <tag k="network:wikidata" v="Q167503"/>
  <tag k="operator" v="Renfe"/>
  <tag k="operator:wikidata" v="Q2476154"/>
  <tag k="public_transport:version" v="2"/>
  <tag k="ref" v="C-2"/>
  <tag k="route" v="train"/>
  <tag k="service" v="regional"/>
  <tag k="to" v="Málaga Centro - Alameda"/>
  <tag k="type" v="route"/>
  <tag k="wikidata" v="Q5987203"/>
 </relation>
 <relation id="11488014" visible="true" version="3" changeset="120553177" timestamp="2022-05-04T16:49:26Z" user="kräckel" uid="1092114">
  <member type="node" ref="7571619025" role="stop"/>
  <member type="node" ref="7571619024" role="stop"/>
  <member type="node" ref="6535024545" role="stop"/>
  <member type="node" ref="7567516125" role="stop"/>
  <member type="way" ref="809340419" role="platform"/>
  <member type="node" ref="1857524064" role="stop"/>
  <member type="way" ref="175112250" role="platform"/>
  <member type="node" ref="7567516147" role="stop"/>
  <member type="way" ref="270269137" role="platform"/>
  <member type="node" ref="7567516154" role="stop"/>
  <member type="way" ref="809340422" role="platform"/>
  <member type="node" ref="7567516178" role="stop"/>
  <member type="node" ref="7567516183" role="stop"/>
  <member type="way" ref="447977412" role="platform"/>
  <member type="way" ref="835577328" role=""/>
  <member type="way" ref="402287067" role=""/>
  <member type="way" ref="809846343" role=""/>
  <member type="way" ref="809846345" role=""/>
  <member type="way" ref="448015854" role=""/>
  <member type="way" ref="400333428" role=""/>
  <member type="way" ref="400333427" role=""/>
  <member type="way" ref="177675166" role=""/>
  <member type="way" ref="184366258" role=""/>
  <member type="way" ref="61653041" role=""/>
  <member type="way" ref="184366256" role=""/>
  <member type="way" ref="38574517" role=""/>
  <member type="way" ref="175112245" role=""/>
  <member type="way" ref="175112236" role=""/>
  <member type="way" ref="175112214" role=""/>
  <member type="way" ref="175112248" role=""/>
  <member type="way" ref="175112205" role=""/>
  <member type="way" ref="175112209" role=""/>
  <member type="way" ref="175112260" role=""/>
  <member type="way" ref="38095881" role=""/>
  <member type="way" ref="175112219" role=""/>
  <member type="way" ref="175112266" role=""/>
  <member type="way" ref="75900426" role=""/>
  <member type="way" ref="75902397" role=""/>
  <member type="way" ref="722205667" role=""/>
  <member type="way" ref="722205666" role=""/>
  <member type="way" ref="507602661" role=""/>
  <member type="way" ref="75901655" role=""/>
  <member type="way" ref="75901637" role=""/>
  <member type="way" ref="75901646" role=""/>
  <member type="way" ref="75901670" role=""/>
  <member type="way" ref="75901631" role=""/>
  <member type="way" ref="75901667" role=""/>
  <member type="way" ref="75900428" role=""/>
  <member type="way" ref="75900425" role=""/>
  <tag k="colour" v="#00874D"/>
  <tag k="from" v="Málaga Centro - Alameda"/>
  <tag k="name" v="C-2: Málaga Centro - Alameda =&gt; Álora"/>
  <tag k="network" v="Cercanías Málaga"/>
  <tag k="network:wikidata" v="Q167503"/>
  <tag k="operator" v="Renfe"/>
  <tag k="operator:wikidata" v="Q2476154"/>
  <tag k="public_transport:version" v="2"/>
  <tag k="ref" v="C-2"/>
  <tag k="route" v="train"/>
  <tag k="service" v="regional"/>
  <tag k="to" v="Álora"/>
  <tag k="type" v="route"/>
  <tag k="wikidata" v="Q5987203"/>
 </relation>
 <relation id="11488015" visible="true" version="4" changeset="120553177" timestamp="2022-05-04T16:49:26Z" user="kräckel" uid="1092114">
  <member type="relation" ref="11488014" role=""/>
  <member type="relation" ref="11488013" role=""/>
  <tag k="colour" v="#00874D"/>
  <tag k="from" v="Málaga Centro - Alameda"/>
  <tag k="name" v="C-2: Málaga Centro - Alameda &lt;=&gt; Álora"/>
  <tag k="network" v="Cercanías Málaga"/>
  <tag k="network:wikidata" v="Q167503"/>
  <tag k="operator" v="Renfe"/>
  <tag k="operator:wikidata" v="Q2476154"/>
  <tag k="ref" v="C-2"/>
  <tag k="route_master" v="train"/>
  <tag k="service" v="regional"/>
  <tag k="to" v="Álora"/>
  <tag k="type" v="route_master"/>
  <tag k="wikidata" v="Q5987203"/>
 </relation>
 <relation id="12026007" visible="true" version="3" changeset="172182570" timestamp="2025-09-19T21:19:14Z" user="Hugoren Martinako" uid="3392826">
  <member type="node" ref="895882335" role=""/>
  <member type="way" ref="75901657" role=""/>
  <member type="way" ref="426516725" role=""/>
  <member type="way" ref="885299917" role=""/>
  <member type="way" ref="885299918" role=""/>
  <member type="way" ref="419135899" role=""/>
  <tag k="distance" v="2.9"/>
  <tag k="from" v="Pizarra"/>
  <tag k="name" v="Pizarra - Cerralba"/>
  <tag k="network" v="lwn"/>
  <tag k="network:type" v="Local"/>
  <tag k="operator" v="Diputación de Málaga"/>
  <tag k="osmc:symbol" v="green:white:green_lower:211:black"/>
  <tag k="ref" v="SL-A 211"/>
  <tag k="roundtrip" v="no"/>
  <tag k="route" v="hiking"/>
  <tag k="source" v="http://www.fedamon.com/senderos/sl/malaga/FOLLETO%20SL-A%20211%20PIZARRA-CERRALBA.pdf"/>
  <tag k="start_date" v="2017-12"/>
  <tag k="to" v="Cerralba"/>
  <tag k="type" v="route"/>
 </relation>
 <relation id="14978971" visible="true" version="7" changeset="183087540" timestamp="2026-05-23T23:46:56Z" user="rochirochi" uid="10834133">
  <member type="way" ref="415246569" role="main_stream"/>
  <member type="way" ref="415246568" role="main_stream"/>
  <member type="way" ref="293422791" role="main_stream"/>
  <member type="way" ref="293417729" role="main_stream"/>
  <member type="way" ref="293420461" role="main_stream"/>
  <member type="way" ref="104232151" role="main_stream"/>
  <member type="way" ref="89008926" role="main_stream"/>
  <member type="way" ref="187657342" role="main_stream"/>
  <member type="way" ref="439271369" role="main_stream"/>
  <member type="way" ref="237368491" role="main_stream"/>
  <member type="way" ref="201285934" role="main_stream"/>
  <member type="way" ref="1479135288" role="main_stream"/>
  <member type="way" ref="1479135287" role="main_stream"/>
  <member type="way" ref="90663941" role="main_stream"/>
  <member type="way" ref="90663942" role="main_stream"/>
  <member type="way" ref="90663938" role="main_stream"/>
  <member type="way" ref="304528336" role="main_stream"/>
  <member type="way" ref="304528346" role="main_stream"/>
  <member type="way" ref="669292001" role="main_stream"/>
  <member type="way" ref="1514086029" role="main_stream"/>
  <member type="way" ref="1514086030" role="main_stream"/>
  <member type="way" ref="1514086031" role="main_stream"/>
  <member type="way" ref="1514086032" role="main_stream"/>
  <member type="way" ref="669292000" role="main_stream"/>
  <member type="way" ref="75907521" role="main_stream"/>
  <member type="way" ref="75902883" role="main_stream"/>
  <member type="way" ref="29021033" role="main_stream"/>
  <member type="way" ref="457739309" role="main_stream"/>
  <member type="way" ref="457739310" role="main_stream"/>
  <member type="way" ref="1520124110" role="main_stream"/>
  <member type="way" ref="1520124111" role="main_stream"/>
  <member type="way" ref="1520124106" role="main_stream"/>
  <member type="way" ref="1520181776" role="main_stream"/>
  <member type="way" ref="1520124107" role="main_stream"/>
  <member type="way" ref="60046107" role="main_stream"/>
  <member type="way" ref="29021034" role="side_stream"/>
  <member type="way" ref="457725855" role="side_stream"/>
  <tag k="destination" v="Mar de Alborán"/>
  <tag k="name" v="Río Guadalhorce"/>
  <tag k="type" v="waterway"/>
  <tag k="waterway" v="river"/>
  <tag k="wikidata" v="Q17956"/>
  <tag k="wikipedia" v="es:Guadalhorce"/>
 </relation>
 <relation id="17152984" visible="true" version="6" changeset="147231832" timestamp="2024-02-08T20:11:16Z" user="alan_gr" uid="5307206">
  <member type="relation" ref="17154696" role=""/>
  <member type="relation" ref="17174190" role=""/>
  <member type="relation" ref="17174776" role=""/>
  <member type="relation" ref="17152875" role=""/>
  <tag k="distance" v="150.3 km"/>
  <tag k="fixme" v="incomplete"/>
  <tag k="from" v="Pizarra"/>
  <tag k="name" v="Camino Geológico Malacitano"/>
  <tag k="network" v="nwn"/>
  <tag k="operator" v="Diputación Provincial de Málaga"/>
  <tag k="osmc:symbol" v="red:white:red_lower:340:black"/>
  <tag k="ref" v="GR 340"/>
  <tag k="roundtrip" v="yes"/>
  <tag k="route" v="hiking"/>
  <tag k="symbol" v="white strip on top of red strip"/>
  <tag k="to" v="Pizarra"/>
  <tag k="type" v="superroute"/>
  <tag k="website" v="https://infraestructuras.fadmes.es/senderos/GR-340-CAMINO-GEOL%C3%93GICO-MALACITANO"/>
 </relation>
 <relation id="17154696" visible="true" version="10" changeset="172182570" timestamp="2025-09-19T21:19:14Z" user="Hugoren Martinako" uid="3392826">
  <member type="way" ref="885301991" role=""/>
  <member type="way" ref="284264209" role=""/>
  <member type="way" ref="284264210" role=""/>
  <member type="way" ref="93099601" role=""/>
  <member type="way" ref="93099586" role=""/>
  <member type="way" ref="93099591" role=""/>
  <member type="way" ref="93099574" role=""/>
  <member type="way" ref="562094239" role=""/>
  <member type="way" ref="93099585" role=""/>
  <member type="way" ref="562094236" role=""/>
  <member type="way" ref="489525001" role=""/>
  <member type="way" ref="1246583507" role=""/>
  <member type="way" ref="247764078" role=""/>
  <member type="way" ref="1246981990" role=""/>
  <member type="way" ref="634252495" role=""/>
  <member type="way" ref="1246981989" role=""/>
  <member type="way" ref="998381026" role=""/>
  <member type="way" ref="998395341" role=""/>
  <member type="way" ref="998395335" role=""/>
  <member type="way" ref="998395336" role=""/>
  <member type="way" ref="998395342" role=""/>
  <member type="way" ref="998395338" role=""/>
  <member type="way" ref="1246985855" role=""/>
  <member type="way" ref="998395340" role=""/>
  <member type="way" ref="1337754640" role=""/>
  <member type="way" ref="998395339" role=""/>
  <member type="way" ref="452001689" role=""/>
  <member type="way" ref="452001691" role=""/>
  <member type="way" ref="451999997" role=""/>
  <member type="way" ref="451999998" role=""/>
  <member type="way" ref="301737732" role=""/>
  <member type="way" ref="998395344" role=""/>
  <member type="way" ref="489529698" role=""/>
  <member type="way" ref="489532465" role=""/>
  <member type="way" ref="691985292" role=""/>
  <member type="way" ref="1246583506" role=""/>
  <member type="way" ref="1246583505" role=""/>
  <member type="way" ref="1246583504" role=""/>
  <member type="way" ref="1246990999" role=""/>
  <member type="way" ref="1246991000" role=""/>
  <member type="way" ref="1246990998" role=""/>
  <member type="way" ref="1246583499" role=""/>
  <member type="way" ref="1246583503" role=""/>
  <member type="way" ref="420310523" role=""/>
  <member type="way" ref="1246583501" role=""/>
  <member type="way" ref="295034169" role=""/>
  <member type="way" ref="262504262" role=""/>
  <member type="way" ref="355813000" role=""/>
  <member type="way" ref="84052887" role=""/>
  <member type="node" ref="2880085212" role="trailhead"/>
  <member type="node" ref="5419159976" role="guidepost"/>
  <member type="node" ref="5419159974" role="guidepost"/>
  <member type="node" ref="5419159972" role="guidepost"/>
  <member type="node" ref="11592615258" role="guidepost"/>
  <member type="node" ref="5419159967" role="guidepost"/>
  <member type="node" ref="11592771445" role="guidepost"/>
  <member type="node" ref="11592793731" role="guidepost"/>
  <member type="node" ref="7827948035" role="guidepost"/>
  <member type="node" ref="11592816203" role="guidepost"/>
  <member type="node" ref="11592816196" role="guidepost"/>
  <member type="node" ref="11592816197" role="guidepost"/>
  <tag k="distance" v="15.22"/>
  <tag k="from" v="Pizarra"/>
  <tag k="name" v="Pizarra - Álora"/>
  <tag k="network" v="nwn"/>
  <tag k="operator" v="Diputación Provincial de Málaga"/>
  <tag k="osmc:symbol" v="red:white:red_lower:340:black"/>
  <tag k="ref" v="GR 340"/>
  <tag k="roundtrip" v="no"/>
  <tag k="route" v="hiking"/>
  <tag k="stage" v="1"/>
  <tag k="survey:date" v="2023-02-12"/>
  <tag k="symbol" v="white strip on top of red strip"/>
  <tag k="to" v="Álora"/>
  <tag k="type" v="route"/>
  <tag k="website" v="https://infraestructuras.fadmes.es/senderos/GR-340-Etapa-1-PIZZARA-%C3%81LORA"/>
 </relation>
 <relation id="18624958" visible="true" version="1" changeset="161890597" timestamp="2025-01-29T10:06:41Z" user="Maksim Sazanovich" uid="19969905">
  <member type="way" ref="276981707" role="from"/>
  <member type="node" ref="2815328162" role="via"/>
  <member type="way" ref="276981240" role="to"/>
  <tag k="restriction:conditional" v="no_left_turn @ (trailer)"/>
  <tag k="type" v="restriction"/>
 </relation>
</osm>
