<?xml version="1.0" encoding="UTF-8"?>
<osm version="0.6" generator="openstreetmap-cgimap 2.1.0 (3814988 spike-06.openstreetmap.org)" copyright="OpenStreetMap and contributors" attribution="http://www.openstreetmap.org/copyright" license="http://opendatacommons.org/licenses/odbl/1-0/">
 <bounds minlat="36.7630000" minlon="-4.7165000" maxlat="36.7730000" maxlon="-4.6925000"/>
 <node id="287010816" visible="true" version="12" changeset="148160450" timestamp="2024-03-03T10:47:56Z" user="kapazao_import" uid="8770019" lat="36.7637834" lon="-4.7102911">
  <tag k="addr:street" v="CR C-401 MALAGA-ALORA KM 28 KM 28.9"/>
  <tag k="amenity" v="fuel"/>
  <tag k="brand" v="BP"/>
  <tag k="brand:website" v="https://www.bp.com"/>
  <tag k="brand:wikidata" v="Q152057"/>
  <tag k="brand:wikipedia" v="es:BP"/>
  <tag k="fuel:diesel" v="yes"/>
  <tag k="fuel:diesel_B" v="yes"/>
  <tag k="fuel:GTL_diesel" v="yes"/>
  <tag k="fuel:octane_95" v="yes"/>
  <tag k="fuel:octane_98" v="yes"/>
  <tag k="name" v="BP"/>
  <tag k="opening_hours" v="24/7"/>
  <tag k="operator" v="BP"/>
  <tag k="source" v="Ministerio de Industria, Turismo y Comercio"/>
  <tag k="source:date" v="2010-07-29"/>
 </node>
 <node id="353286897" visible="true" version="3" changeset="5681008" timestamp="2010-09-04T17:53:54Z" user="cornella" uid="202535" lat="36.7723177" lon="-4.7156334"/>
 <node id="353286899" visible="true" version="3" changeset="5681008" timestamp="2010-09-04T17:53:56Z" user="cornella" uid="202535" lat="36.7717414" lon="-4.7148724"/>
 <node id="353286903" visible="true" version="4" changeset="144875325" timestamp="2023-12-07T17:53:31Z" user="andi9876" uid="1256497" lat="36.7724439" lon="-4.7133572"/>
 <node id="353286904" visible="true" version="4" changeset="144875325" timestamp="2023-12-07T17:53:31Z" user="andi9876" uid="1256497" lat="36.7724532" lon="-4.7129853"/>
 <node id="353286907" visible="true" version="4" changeset="144875325" timestamp="2023-12-07T17:53:31Z" user="andi9876" uid="1256497" lat="36.7719588" lon="-4.7123035"/>
 <node id="353286908" visible="true" version="4" changeset="144875325" timestamp="2023-12-07T17:53:31Z" user="andi9876" uid="1256497" lat="36.7718530" lon="-4.7119049"/>
 <node id="353286909" visible="true" version="4" changeset="144875325" timestamp="2023-12-07T17:53:31Z" user="andi9876" uid="1256497" lat="36.7718893" lon="-4.7108995"/>
 <node id="353286911" visible="true" version="3" changeset="5681008" timestamp="2010-09-04T17:53:54Z" user="cornella" uid="202535" lat="36.7713745" lon="-4.7095656"/>
 <node id="353286912" visible="true" version="7" changeset="163752304" timestamp="2025-03-17T22:15:59Z" user="kapazao" uid="7543375" lat="36.7712033" lon="-4.7093229"/>
 <node id="353286974" visible="true" version="7" changeset="163752304" timestamp="2025-03-17T22:15:59Z" user="kapazao" uid="7543375" lat="36.7713319" lon="-4.7091012"/>
 <node id="481276514" visible="true" version="2" changeset="5681008" timestamp="2010-09-04T17:53:56Z" user="cornella" uid="202535" lat="36.7638040" lon="-4.7105347"/>
 <node id="481276515" visible="true" version="2" changeset="76521003" timestamp="2019-11-02T07:15:45Z" user="andi9876" uid="1256497" lat="36.7663086" lon="-4.7105999"/>
 <node id="481276532" visible="true" version="3" changeset="144875325" timestamp="2023-12-07T17:49:13Z" user="andi9876" uid="1256497" lat="36.7706782" lon="-4.7090881"/>
 <node id="501584839" visible="true" version="3" changeset="39593614" timestamp="2016-05-27T01:19:14Z" user="dpawlyk" uid="1719931" lat="36.8044867" lon="-4.7074498"/>
 <node id="501584840" visible="true" version="3" changeset="39593614" timestamp="2016-05-27T01:19:15Z" user="dpawlyk" uid="1719931" lat="36.8042126" lon="-4.7084669"/>
 <node id="501584841" visible="true" version="2" changeset="5681008" timestamp="2010-09-04T17:53:54Z" user="cornella" uid="202535" lat="36.8021489" lon="-4.7106323"/>
 <node id="501584842" visible="true" version="2" changeset="5681008" timestamp="2010-09-04T17:53:55Z" user="cornella" uid="202535" lat="36.7997842" lon="-4.7108035"/>
 <node id="501584843" visible="true" version="2" changeset="5681008" timestamp="2010-09-04T17:53:56Z" user="cornella" uid="202535" lat="36.7986450" lon="-4.7103772"/>
 <node id="501584844" visible="true" version="2" changeset="7361616" timestamp="2011-02-22T09:40:58Z" user="UFeldmaus" uid="41190" lat="36.7975553" lon="-4.7099471"/>
 <node id="501584845" visible="true" version="3" changeset="39593614" timestamp="2016-05-27T01:19:15Z" user="dpawlyk" uid="1719931" lat="36.7963109" lon="-4.7092298"/>
 <node id="501584847" visible="true" version="3" changeset="39593614" timestamp="2016-05-27T01:19:15Z" user="dpawlyk" uid="1719931" lat="36.7945682" lon="-4.7089830"/>
 <node id="501584848" visible="true" version="2" changeset="7361616" timestamp="2011-02-22T09:40:54Z" user="UFeldmaus" uid="41190" lat="36.7928397" lon="-4.7100712"/>
 <node id="501584850" visible="true" version="2" changeset="7361616" timestamp="2011-02-22T09:41:08Z" user="UFeldmaus" uid="41190" lat="36.7902074" lon="-4.7141412"/>
 <node id="501584851" visible="true" version="3" changeset="44164933" timestamp="2016-12-04T19:35:13Z" user="Parie" uid="246941" lat="36.7885700" lon="-4.7148081"/>
 <node id="501584852" visible="true" version="2" changeset="44164933" timestamp="2016-12-04T19:35:13Z" user="Parie" uid="246941" lat="36.7864214" lon="-4.7141791"/>
 <node id="501584853" visible="true" version="2" changeset="44164933" timestamp="2016-12-04T19:35:13Z" user="Parie" uid="246941" lat="36.7852871" lon="-4.7133368"/>
 <node id="501584854" visible="true" version="2" changeset="44164933" timestamp="2016-12-04T19:35:13Z" user="Parie" uid="246941" lat="36.7839252" lon="-4.7132108"/>
 <node id="501584855" visible="true" version="2" changeset="40200909" timestamp="2016-06-22T09:59:59Z" user="Lübeck" uid="55462" lat="36.7825065" lon="-4.7140607"/>
 <node id="501584856" visible="true" version="2" changeset="40200909" timestamp="2016-06-22T09:59:59Z" user="Lübeck" uid="55462" lat="36.7819377" lon="-4.7160310"/>
 <node id="501584858" visible="true" version="2" changeset="40200909" timestamp="2016-06-22T10:00:00Z" user="Lübeck" uid="55462" lat="36.7816502" lon="-4.7194522"/>
 <node id="501584859" visible="true" version="4" changeset="44164933" timestamp="2016-12-04T19:35:13Z" user="Parie" uid="246941" lat="36.7805510" lon="-4.7208042"/>
 <node id="501584860" visible="true" version="2" changeset="40200909" timestamp="2016-06-22T10:00:00Z" user="Lübeck" uid="55462" lat="36.7789101" lon="-4.7208763"/>
 <node id="501584861" visible="true" version="2" changeset="44164933" timestamp="2016-12-04T19:35:13Z" user="Parie" uid="246941" lat="36.7772634" lon="-4.7192619"/>
 <node id="501584862" visible="true" version="3" changeset="44164933" timestamp="2016-12-04T19:35:13Z" user="Parie" uid="246941" lat="36.7760520" lon="-4.7170050"/>
 <node id="501584863" visible="true" version="3" changeset="44164933" timestamp="2016-12-04T19:35:13Z" user="Parie" uid="246941" lat="36.7760027" lon="-4.7161467"/>
 <node id="501584864" visible="true" version="2" changeset="44164933" timestamp="2016-12-04T19:35:13Z" user="Parie" uid="246941" lat="36.7759594" lon="-4.7148657"/>
 <node id="501584866" visible="true" version="3" changeset="44164933" timestamp="2016-12-04T19:35:13Z" user="Parie" uid="246941" lat="36.7769424" lon="-4.7134071"/>
 <node id="501584867" visible="true" version="3" changeset="44164933" timestamp="2016-12-04T19:35:13Z" user="Parie" uid="246941" lat="36.7772700" lon="-4.7110141"/>
 <node id="501584868" visible="true" version="3" changeset="44164933" timestamp="2016-12-04T19:35:13Z" user="Parie" uid="246941" lat="36.7759915" lon="-4.7105524"/>
 <node id="501584869" visible="true" version="3" changeset="44164933" timestamp="2016-12-04T19:35:13Z" user="Parie" uid="246941" lat="36.7743262" lon="-4.7107472"/>
 <node id="501584870" visible="true" version="3" changeset="44164933" timestamp="2016-12-04T19:35:13Z" user="Parie" uid="246941" lat="36.7737649" lon="-4.7120295"/>
 <node id="501584871" visible="true" version="4" changeset="44164933" timestamp="2016-12-04T19:35:13Z" user="Parie" uid="246941" lat="36.7731756" lon="-4.7144111"/>
 <node id="501584872" visible="true" version="3" changeset="44164933" timestamp="2016-12-04T19:35:13Z" user="Parie" uid="246941" lat="36.7732995" lon="-4.7157680"/>
 <node id="501584874" visible="true" version="1" changeset="2531363" timestamp="2009-09-19T09:08:11Z" user="my-STR" uid="69238" lat="36.7718257" lon="-4.7166199"/>
 <node id="501584875" visible="true" version="2" changeset="44164933" timestamp="2016-12-04T19:35:13Z" user="Parie" uid="246941" lat="36.7709964" lon="-4.7174407"/>
 <node id="501584876" visible="true" version="3" changeset="7361616" timestamp="2011-02-22T09:40:55Z" user="UFeldmaus" uid="41190" lat="36.7687089" lon="-4.7193047"/>
 <node id="501584877" visible="true" version="4" changeset="44164933" timestamp="2016-12-04T19:35:13Z" user="Parie" uid="246941" lat="36.7645300" lon="-4.7223035"/>
 <node id="501584878" visible="true" version="4" changeset="44164933" timestamp="2016-12-04T19:35:13Z" user="Parie" uid="246941" lat="36.7623875" lon="-4.7201893"/>
 <node id="501584879" visible="true" version="1" changeset="2531363" timestamp="2009-09-19T09:08:11Z" user="my-STR" uid="69238" lat="36.7610996" lon="-4.7183365"/>
 <node id="501584880" visible="true" version="4" changeset="44164933" timestamp="2016-12-04T19:35:13Z" user="Parie" uid="246941" lat="36.7596362" lon="-4.7162073"/>
 <node id="501584882" visible="true" version="2" changeset="7361616" timestamp="2011-02-22T09:41:06Z" user="UFeldmaus" uid="41190" lat="36.7588192" lon="-4.7137284"/>
 <node id="501584883" visible="true" version="2" changeset="7361616" timestamp="2011-02-22T09:40:56Z" user="UFeldmaus" uid="41190" lat="36.7568548" lon="-4.7137284"/>
 <node id="501584884" visible="true" version="2" changeset="7361722" timestamp="2011-02-22T09:55:45Z" user="UFeldmaus" uid="41190" lat="36.7559693" lon="-4.7139744"/>
 <node id="501584885" visible="true" version="2" changeset="7361616" timestamp="2011-02-22T09:41:03Z" user="UFeldmaus" uid="41190" lat="36.7541636" lon="-4.7139975"/>
 <node id="501584886" visible="true" version="4" changeset="24340230" timestamp="2014-07-24T23:55:19Z" user="andi9876" uid="1256497" lat="36.7527002" lon="-4.7128485"/>
 <node id="501584887" visible="true" version="2" changeset="7361616" timestamp="2011-02-22T09:40:52Z" user="UFeldmaus" uid="41190" lat="36.7528662" lon="-4.7106349"/>
 <node id="501584888" visible="true" version="1" changeset="2531363" timestamp="2009-09-19T09:08:12Z" user="my-STR" uid="69238" lat="36.7538104" lon="-4.7076935"/>
 <node id="501584890" visible="true" version="3" changeset="44164933" timestamp="2016-12-04T19:35:13Z" user="Parie" uid="246941" lat="36.7536235" lon="-4.7058227"/>
 <node id="501584891" visible="true" version="1" changeset="2531363" timestamp="2009-09-19T09:08:12Z" user="my-STR" uid="69238" lat="36.7521600" lon="-4.7027153"/>
 <node id="501584892" visible="true" version="1" changeset="2531363" timestamp="2009-09-19T09:08:12Z" user="my-STR" uid="69238" lat="36.7500968" lon="-4.7025437"/>
 <node id="501584893" visible="true" version="3" changeset="38989957" timestamp="2016-04-29T21:44:11Z" user="teasu" uid="2040341" lat="36.7479117" lon="-4.7044514"/>
 <node id="501584894" visible="true" version="1" changeset="2531363" timestamp="2009-09-19T09:08:13Z" user="my-STR" uid="69238" lat="36.7452826" lon="-4.7051186"/>
 <node id="501584895" visible="true" version="3" changeset="44164933" timestamp="2016-12-04T19:35:13Z" user="Parie" uid="246941" lat="36.7421422" lon="-4.7054992"/>
 <node id="501584896" visible="true" version="2" changeset="21927779" timestamp="2014-04-25T10:37:55Z" user="luschi" uid="1714220" lat="36.7401859" lon="-4.7027327"/>
 <node id="501584897" visible="true" version="1" changeset="2531363" timestamp="2009-09-19T09:08:13Z" user="my-STR" uid="69238" lat="36.7390925" lon="-4.7016854"/>
 <node id="501584899" visible="true" version="2" changeset="44164933" timestamp="2016-12-04T19:35:13Z" user="Parie" uid="246941" lat="36.7374632" lon="-4.7010041"/>
 <node id="501584900" visible="true" version="2" changeset="44164933" timestamp="2016-12-04T19:35:13Z" user="Parie" uid="246941" lat="36.7358468" lon="-4.7019966"/>
 <node id="501584901" visible="true" version="3" changeset="21927779" timestamp="2014-04-25T10:37:55Z" user="luschi" uid="1714220" lat="36.7338797" lon="-4.7040744"/>
 <node id="501584902" visible="true" version="2" changeset="7361616" timestamp="2011-02-22T09:40:56Z" user="UFeldmaus" uid="41190" lat="36.7324520" lon="-4.7034472"/>
 <node id="501584903" visible="true" version="1" changeset="2531363" timestamp="2009-09-19T09:08:13Z" user="my-STR" uid="69238" lat="36.7312510" lon="-4.7011704"/>
 <node id="501584904" visible="true" version="3" changeset="39007190" timestamp="2016-04-30T21:39:08Z" user="teasu" uid="2040341" lat="36.7304882" lon="-4.6994425"/>
 <node id="501584905" visible="true" version="2" changeset="7361616" timestamp="2011-02-22T09:40:55Z" user="UFeldmaus" uid="41190" lat="36.7300126" lon="-4.6977844"/>
 <node id="501584906" visible="true" version="2" changeset="7361616" timestamp="2011-02-22T09:40:53Z" user="UFeldmaus" uid="41190" lat="36.7288331" lon="-4.6970517"/>
 <node id="501584907" visible="true" version="3" changeset="44164933" timestamp="2016-12-04T19:35:13Z" user="Parie" uid="246941" lat="36.7267140" lon="-4.6953920"/>
 <node id="501584909" visible="true" version="5" changeset="151263918" timestamp="2024-05-13T12:05:32Z" user="alan_gr" uid="5307206" lat="36.7250672" lon="-4.6919582"/>
 <node id="501584911" visible="true" version="3" changeset="41854934" timestamp="2016-09-01T18:55:40Z" user="dpawlyk" uid="1719931" lat="36.7249744" lon="-4.6914988"/>
 <node id="501584912" visible="true" version="2" changeset="41854934" timestamp="2016-09-01T18:55:40Z" user="dpawlyk" uid="1719931" lat="36.7247774" lon="-4.6894104"/>
 <node id="501584913" visible="true" version="2" changeset="41854934" timestamp="2016-09-01T18:55:40Z" user="dpawlyk" uid="1719931" lat="36.7243307" lon="-4.6872969"/>
 <node id="501584914" visible="true" version="2" changeset="44164933" timestamp="2016-12-04T19:35:13Z" user="Parie" uid="246941" lat="36.7236236" lon="-4.6846802"/>
 <node id="501584916" visible="true" version="2" changeset="44164933" timestamp="2016-12-04T19:35:13Z" user="Parie" uid="246941" lat="36.7244405" lon="-4.6813972"/>
 <node id="501584917" visible="true" version="1" changeset="2531363" timestamp="2009-09-19T09:08:14Z" user="my-STR" uid="69238" lat="36.7264356" lon="-4.6788544"/>
 <node id="501584918" visible="true" version="3" changeset="44183155" timestamp="2016-12-05T13:16:19Z" user="Parie" uid="246941" lat="36.7293012" lon="-4.6762634"/>
 <node id="501584919" visible="true" version="2" changeset="44164933" timestamp="2016-12-04T19:35:13Z" user="Parie" uid="246941" lat="36.7294882" lon="-4.6741230"/>
 <node id="501584920" visible="true" version="2" changeset="44164933" timestamp="2016-12-04T19:35:13Z" user="Parie" uid="246941" lat="36.7303996" lon="-4.6726317"/>
 <node id="501584921" visible="true" version="2" changeset="44164933" timestamp="2016-12-04T19:35:13Z" user="Parie" uid="246941" lat="36.7310102" lon="-4.6697242"/>
 <node id="501584922" visible="true" version="2" changeset="44164933" timestamp="2016-12-04T19:35:13Z" user="Parie" uid="246941" lat="36.7297204" lon="-4.6676320"/>
 <node id="501584924" visible="true" version="1" changeset="2531363" timestamp="2009-09-19T09:08:15Z" user="my-STR" uid="69238" lat="36.7280866" lon="-4.6668381"/>
 <node id="501584925" visible="true" version="2" changeset="7340091" timestamp="2011-02-20T09:53:06Z" user="UFeldmaus" uid="41190" lat="36.7275579" lon="-4.6660621"/>
 <node id="501584926" visible="true" version="1" changeset="2531363" timestamp="2009-09-19T09:08:15Z" user="my-STR" uid="69238" lat="36.7275363" lon="-4.6642632"/>
 <node id="501584927" visible="true" version="2" changeset="44164933" timestamp="2016-12-04T19:35:13Z" user="Parie" uid="246941" lat="36.7282242" lon="-4.6625358"/>
 <node id="501584928" visible="true" version="2" changeset="44164933" timestamp="2016-12-04T19:35:13Z" user="Parie" uid="246941" lat="36.7289723" lon="-4.6613289"/>
 <node id="501584929" visible="true" version="2" changeset="44164933" timestamp="2016-12-04T19:35:13Z" user="Parie" uid="246941" lat="36.7293764" lon="-4.6607066"/>
 <node id="501584931" visible="true" version="2" changeset="44164933" timestamp="2016-12-04T19:35:13Z" user="Parie" uid="246941" lat="36.7307952" lon="-4.6599180"/>
 <node id="501584932" visible="true" version="2" changeset="44164933" timestamp="2016-12-04T19:35:13Z" user="Parie" uid="246941" lat="36.7313800" lon="-4.6587969"/>
 <node id="501584934" visible="true" version="2" changeset="44164933" timestamp="2016-12-04T19:35:13Z" user="Parie" uid="246941" lat="36.7311478" lon="-4.6577133"/>
 <node id="501584936" visible="true" version="2" changeset="44164933" timestamp="2016-12-04T19:35:13Z" user="Parie" uid="246941" lat="36.7301073" lon="-4.6560717"/>
 <node id="501584937" visible="true" version="2" changeset="44164933" timestamp="2016-12-04T19:35:13Z" user="Parie" uid="246941" lat="36.7290110" lon="-4.6555299"/>
 <node id="501584938" visible="true" version="2" changeset="44164933" timestamp="2016-12-04T19:35:13Z" user="Parie" uid="246941" lat="36.7282242" lon="-4.6555299"/>
 <node id="501584939" visible="true" version="2" changeset="44164933" timestamp="2016-12-04T19:35:13Z" user="Parie" uid="246941" lat="36.7277125" lon="-4.6550578"/>
 <node id="501584941" visible="true" version="2" changeset="44164933" timestamp="2016-12-04T19:35:13Z" user="Parie" uid="246941" lat="36.7273514" lon="-4.6541835"/>
 <node id="501584942" visible="true" version="2" changeset="44164933" timestamp="2016-12-04T19:35:13Z" user="Parie" uid="246941" lat="36.7272009" lon="-4.6530676"/>
 <node id="895881536" visible="true" version="1" changeset="5681008" timestamp="2010-09-04T17:53:06Z" user="cornella" uid="202535" lat="36.7621951" lon="-4.7114411"/>
 <node id="895881537" visible="true" version="2" changeset="76521003" timestamp="2019-11-02T07:15:45Z" user="andi9876" uid="1256497" lat="36.7692853" lon="-4.7098596"/>
 <node id="895881542" visible="true" version="1" changeset="5681008" timestamp="2010-09-04T17:53:06Z" user="cornella" uid="202535" lat="36.7632037" lon="-4.7085548"/>
 <node id="895881547" visible="true" version="2" changeset="163752304" timestamp="2025-03-17T22:15:59Z" user="kapazao" uid="7543375" lat="36.7709294" lon="-4.7088596"/>
 <node id="895881563" visible="true" version="1" changeset="5681008" timestamp="2010-09-04T17:53:06Z" user="cornella" uid="202535" lat="36.7730475" lon="-4.7165051"/>
 <node id="895881566" visible="true" version="1" changeset="5681008" timestamp="2010-09-04T17:53:07Z" user="cornella" uid="202535" lat="36.7634395" lon="-4.7106330"/>
 <node id="895881567" visible="true" version="2" changeset="67097291" timestamp="2019-02-11T11:37:32Z" user="km2bp" uid="3610826" lat="36.7666608" lon="-4.7090645"/>
 <node id="895881575" visible="true" version="1" changeset="5681008" timestamp="2010-09-04T17:53:07Z" user="cornella" uid="202535" lat="36.7677706" lon="-4.7063005"/>
 <node id="895881578" visible="true" version="1" changeset="5681008" timestamp="2010-09-04T17:53:07Z" user="cornella" uid="202535" lat="36.7620052" lon="-4.7080507"/>
 <node id="895881599" visible="true" version="2" changeset="19987235" timestamp="2014-01-14T09:50:40Z" user="Leonardo Velasco" uid="241061" lat="36.7651108" lon="-4.7098196"/>
 <node id="895881607" visible="true" version="1" changeset="5681008" timestamp="2010-09-04T17:53:08Z" user="cornella" uid="202535" lat="36.7630607" lon="-4.7101335"/>
 <node id="895881610" visible="true" version="1" changeset="5681008" timestamp="2010-09-04T17:53:08Z" user="cornella" uid="202535" lat="36.7695510" lon="-4.7123836"/>
 <node id="895881612" visible="true" version="1" changeset="5681008" timestamp="2010-09-04T17:53:08Z" user="cornella" uid="202535" lat="36.7631101" lon="-4.7123528"/>
 <node id="895881632" visible="true" version="1" changeset="5681008" timestamp="2010-09-04T17:53:08Z" user="cornella" uid="202535" lat="36.7665878" lon="-4.7103509"/>
 <node id="895881635" visible="true" version="2" changeset="19987219" timestamp="2014-01-14T09:49:55Z" user="Leonardo Velasco" uid="241061" lat="36.7652376" lon="-4.7086475"/>
 <node id="895881650" visible="true" version="2" changeset="15201857" timestamp="2013-02-28T20:46:49Z" user="cloudbase" uid="576814" lat="36.7678294" lon="-4.7073094"/>
 <node id="895881674" visible="true" version="1" changeset="5681008" timestamp="2010-09-04T17:53:09Z" user="cornella" uid="202535" lat="36.7690520" lon="-4.7117669"/>
 <node id="895881678" visible="true" version="1" changeset="5681008" timestamp="2010-09-04T17:53:09Z" user="cornella" uid="202535" lat="36.7631621" lon="-4.7090964"/>
 <node id="895881683" visible="true" version="2" changeset="144875325" timestamp="2023-12-07T17:53:31Z" user="andi9876" uid="1256497" lat="36.7717586" lon="-4.7145995"/>
 <node id="895881684" visible="true" version="1" changeset="5681008" timestamp="2010-09-04T17:53:10Z" user="cornella" uid="202535" lat="36.7676229" lon="-4.7113363"/>
 <node id="895881685" visible="true" version="1" changeset="5681008" timestamp="2010-09-04T17:53:10Z" user="cornella" uid="202535" lat="36.7641999" lon="-4.7101028"/>
 <node id="895881699" visible="true" version="2" changeset="18506913" timestamp="2013-10-23T17:34:34Z" user="marczoutendijk" uid="606555" lat="36.7665407" lon="-4.7070223"/>
 <node id="895881701" visible="true" version="1" changeset="5681008" timestamp="2010-09-04T17:53:10Z" user="cornella" uid="202535" lat="36.7623508" lon="-4.7084399"/>
 <node id="895881705" visible="true" version="1" changeset="5681008" timestamp="2010-09-04T17:53:10Z" user="cornella" uid="202535" lat="36.7669629" lon="-4.7095603"/>
 <node id="895881707" visible="true" version="1" changeset="5681008" timestamp="2010-09-04T17:53:10Z" user="cornella" uid="202535" lat="36.7624816" lon="-4.7113508"/>
 <node id="895881717" visible="true" version="2" changeset="76521003" timestamp="2019-11-02T07:15:45Z" user="andi9876" uid="1256497" lat="36.7668892" lon="-4.7105902"/>
 <node id="895881720" visible="true" version="1" changeset="5681008" timestamp="2010-09-04T17:53:11Z" user="cornella" uid="202535" lat="36.7698394" lon="-4.7096097"/>
 <node id="895881722" visible="true" version="2" changeset="67097291" timestamp="2019-02-11T11:37:32Z" user="km2bp" uid="3610826" lat="36.7652317" lon="-4.7099094"/>
 <node id="895881737" visible="true" version="1" changeset="5681008" timestamp="2010-09-04T17:53:11Z" user="cornella" uid="202535" lat="36.7718476" lon="-4.7106441"/>
 <node id="895881740" visible="true" version="1" changeset="5681008" timestamp="2010-09-04T17:53:11Z" user="cornella" uid="202535" lat="36.7685988" lon="-4.7078704"/>
 <node id="895881745" visible="true" version="3" changeset="118836764" timestamp="2022-03-23T20:05:50Z" user="bkr" uid="40560" lat="36.7631567" lon="-4.7123370"/>
 <node id="895881748" visible="true" version="2" changeset="85911237" timestamp="2020-05-28T22:45:22Z" user="Patrick1977Bln" uid="259536" lat="36.7668326" lon="-4.7112839">
  <tag k="railway" v="switch"/>
 </node>
 <node id="895881750" visible="true" version="2" changeset="44184115" timestamp="2016-12-05T13:56:19Z" user="Parie" uid="246941" lat="36.7729768" lon="-4.7156505"/>
 <node id="895881760" visible="true" version="1" changeset="5681008" timestamp="2010-09-04T17:53:12Z" user="cornella" uid="202535" lat="36.7676976" lon="-4.7075166"/>
 <node id="895881771" visible="true" version="2" changeset="53936692" timestamp="2017-11-20T01:29:14Z" user="andi9876" uid="1256497" lat="36.7692015" lon="-4.7087977"/>
 <node id="895881775" visible="true" version="1" changeset="5681008" timestamp="2010-09-04T17:53:13Z" user="cornella" uid="202535" lat="36.7644935" lon="-4.7087253"/>
 <node id="895881776" visible="true" version="1" changeset="5681008" timestamp="2010-09-04T17:53:13Z" user="cornella" uid="202535" lat="36.7624322" lon="-4.7095604"/>
 <node id="895881779" visible="true" version="1" changeset="5681008" timestamp="2010-09-04T17:53:13Z" user="cornella" uid="202535" lat="36.7659315" lon="-4.7114694"/>
 <node id="895881782" visible="true" version="1" changeset="5681008" timestamp="2010-09-04T17:53:13Z" user="cornella" uid="202535" lat="36.7677949" lon="-4.7061351"/>
 <node id="895881784" visible="true" version="1" changeset="5681008" timestamp="2010-09-04T17:53:13Z" user="cornella" uid="202535" lat="36.7714655" lon="-4.7107046"/>
 <node id="895881798" visible="true" version="1" changeset="5681008" timestamp="2010-09-04T17:53:13Z" user="cornella" uid="202535" lat="36.7691654" lon="-4.7086369"/>
 <node id="895881800" visible="true" version="1" changeset="5681008" timestamp="2010-09-04T17:53:13Z" user="cornella" uid="202535" lat="36.7718056" lon="-4.7142224"/>
 <node id="895881803" visible="true" version="1" changeset="5681008" timestamp="2010-09-04T17:53:13Z" user="cornella" uid="202535" lat="36.7641920" lon="-4.7119869"/>
 <node id="895881806" visible="true" version="1" changeset="5681008" timestamp="2010-09-04T17:53:13Z" user="cornella" uid="202535" lat="36.7669516" lon="-4.7103127"/>
 <node id="895881808" visible="true" version="1" changeset="5681008" timestamp="2010-09-04T17:53:13Z" user="cornella" uid="202535" lat="36.7647789" lon="-4.7078766"/>
 <node id="895881821" visible="true" version="1" changeset="5681008" timestamp="2010-09-04T17:53:14Z" user="cornella" uid="202535" lat="36.7714037" lon="-4.7141348"/>
 <node id="895881825" visible="true" version="1" changeset="5681008" timestamp="2010-09-04T17:53:14Z" user="cornella" uid="202535" lat="36.7631077" lon="-4.7096532"/>
 <node id="895881828" visible="true" version="1" changeset="5681008" timestamp="2010-09-04T17:53:14Z" user="cornella" uid="202535" lat="36.7679349" lon="-4.7074310"/>
 <node id="895881840" visible="true" version="1" changeset="5681008" timestamp="2010-09-04T17:53:14Z" user="cornella" uid="202535" lat="36.7643284" lon="-4.7101318"/>
 <node id="895881842" visible="true" version="2" changeset="20636567" timestamp="2014-02-18T13:30:51Z" user="Leonardo Velasco" uid="241061" lat="36.7676268" lon="-4.7070579"/>
 <node id="895881845" visible="true" version="2" changeset="76521003" timestamp="2019-11-02T07:18:20Z" user="andi9876" uid="1256497" lat="36.7670849" lon="-4.7119761"/>
 <node id="895881859" visible="true" version="1" changeset="5681008" timestamp="2010-09-04T17:53:15Z" user="cornella" uid="202535" lat="36.7726483" lon="-4.7153191"/>
 <node id="895881862" visible="true" version="1" changeset="5681008" timestamp="2010-09-04T17:53:15Z" user="cornella" uid="202535" lat="36.8013678" lon="-4.7112313"/>
 <node id="895881864" visible="true" version="1" changeset="5681008" timestamp="2010-09-04T17:53:15Z" user="cornella" uid="202535" lat="36.7685512" lon="-4.7116933"/>
 <node id="895881865" visible="true" version="1" changeset="5681008" timestamp="2010-09-04T17:53:15Z" user="cornella" uid="202535" lat="36.7675176" lon="-4.7052790"/>
 <node id="895881866" visible="true" version="1" changeset="5681008" timestamp="2010-09-04T17:53:15Z" user="cornella" uid="202535" lat="36.7707946" lon="-4.7132905"/>
 <node id="895881872" visible="true" version="1" changeset="5681008" timestamp="2010-09-04T17:53:15Z" user="cornella" uid="202535" lat="36.7666001" lon="-4.7100784"/>
 <node id="895881887" visible="true" version="1" changeset="5681008" timestamp="2010-09-04T17:53:16Z" user="cornella" uid="202535" lat="36.7701749" lon="-4.7127081"/>
 <node id="895881893" visible="true" version="2" changeset="144875325" timestamp="2023-12-07T17:47:52Z" user="andi9876" uid="1256497" lat="36.7715393" lon="-4.7098297"/>
 <node id="895881899" visible="true" version="1" changeset="5681008" timestamp="2010-09-04T17:53:17Z" user="cornella" uid="202535" lat="36.7678499" lon="-4.7112078"/>
 <node id="895881902" visible="true" version="1" changeset="5681008" timestamp="2010-09-04T17:53:17Z" user="cornella" uid="202535" lat="36.7670421" lon="-4.7112744"/>
 <node id="895881908" visible="true" version="2" changeset="67101075" timestamp="2019-02-11T13:51:17Z" user="km2bp" uid="3610826" lat="36.7674664" lon="-4.7075191"/>
 <node id="895881914" visible="true" version="2" changeset="53936692" timestamp="2017-11-20T01:29:14Z" user="andi9876" uid="1256497" lat="36.7679106" lon="-4.7092428"/>
 <node id="895881917" visible="true" version="13" changeset="179247669" timestamp="2026-03-02T10:39:02Z" user="Robot8A" uid="393359" lat="36.7643147" lon="-4.7119965">
  <tag k="name" v="Pizarra"/>
  <tag k="operator" v="Renfe"/>
  <tag k="operator:wikidata" v="Q2476154"/>
  <tag k="owner" v="Adif"/>
  <tag k="owner:wikidata" v="Q358752"/>
  <tag k="public_transport" v="station"/>
  <tag k="railway" v="station"/>
  <tag k="wikidata" v="Q5846921"/>
 </node>
 <node id="895881935" visible="true" version="1" changeset="5681008" timestamp="2010-09-04T17:53:18Z" user="cornella" uid="202535" lat="36.7614822" lon="-4.7112076"/>
 <node id="895881942" visible="true" version="1" changeset="5681008" timestamp="2010-09-04T17:53:18Z" user="cornella" uid="202535" lat="36.7631385" lon="-4.7111329"/>
 <node id="895881943" visible="true" version="2" changeset="44164933" timestamp="2016-12-04T19:35:13Z" user="Parie" uid="246941" lat="36.7729335" lon="-4.7161869"/>
 <node id="895881947" visible="true" version="2" changeset="15201857" timestamp="2013-02-28T20:46:50Z" user="cloudbase" uid="576814" lat="36.7696758" lon="-4.7080293"/>
 <node id="895881957" visible="true" version="1" changeset="5681008" timestamp="2010-09-04T17:53:19Z" user="cornella" uid="202535" lat="36.7645773" lon="-4.7119480"/>
 <node id="895881960" visible="true" version="1" changeset="5681008" timestamp="2010-09-04T17:53:19Z" user="cornella" uid="202535" lat="36.7662518" lon="-4.7113125"/>
 <node id="895881962" visible="true" version="1" changeset="5681008" timestamp="2010-09-04T17:53:19Z" user="cornella" uid="202535" lat="36.7651340" lon="-4.7068502"/>
 <node id="895881963" visible="true" version="1" changeset="5681008" timestamp="2010-09-04T17:53:19Z" user="cornella" uid="202535" lat="36.7720239" lon="-4.7147276"/>
 <node id="895881967" visible="true" version="1" changeset="5681008" timestamp="2010-09-04T17:53:19Z" user="cornella" uid="202535" lat="36.7630513" lon="-4.7102300"/>
 <node id="895881978" visible="true" version="2" changeset="92640614" timestamp="2020-10-17T19:57:38Z" user="Begavil84" uid="1725439" lat="36.7618108" lon="-4.7115127"/>
 <node id="895881980" visible="true" version="1" changeset="5681008" timestamp="2010-09-04T17:53:20Z" user="cornella" uid="202535" lat="36.7699366" lon="-4.7081989"/>
 <node id="895881981" visible="true" version="1" changeset="5681008" timestamp="2010-09-04T17:53:20Z" user="cornella" uid="202535" lat="36.7635457" lon="-4.7107669"/>
 <node id="895881984" visible="true" version="1" changeset="5681008" timestamp="2010-09-04T17:53:20Z" user="cornella" uid="202535" lat="36.7666398" lon="-4.7113332"/>
 <node id="895881993" visible="true" version="1" changeset="5681008" timestamp="2010-09-04T17:53:20Z" user="cornella" uid="202535" lat="36.7677073" lon="-4.7066945"/>
 <node id="895881997" visible="true" version="1" changeset="5681008" timestamp="2010-09-04T17:53:20Z" user="cornella" uid="202535" lat="36.7623877" lon="-4.7100347"/>
 <node id="895882001" visible="true" version="1" changeset="5681008" timestamp="2010-09-04T17:53:20Z" user="cornella" uid="202535" lat="36.7690531" lon="-4.7079187"/>
 <node id="895882004" visible="true" version="1" changeset="5681008" timestamp="2010-09-04T17:53:20Z" user="cornella" uid="202535" lat="36.7694900" lon="-4.7120698"/>
 <node id="895882007" visible="true" version="1" changeset="5681008" timestamp="2010-09-04T17:53:20Z" user="cornella" uid="202535" lat="36.7628105" lon="-4.7124462"/>
 <node id="895882017" visible="true" version="1" changeset="5681008" timestamp="2010-09-04T17:53:21Z" user="cornella" uid="202535" lat="36.7641271" lon="-4.7099586"/>
 <node id="895882020" visible="true" version="2" changeset="41808554" timestamp="2016-08-30T18:15:14Z" user="dpawlyk" uid="1719931" lat="36.7718670" lon="-4.7150715"/>
 <node id="895882025" visible="true" version="1" changeset="5681008" timestamp="2010-09-04T17:53:21Z" user="cornella" uid="202535" lat="36.7641534" lon="-4.7081846"/>
 <node id="895882040" visible="true" version="1" changeset="5681008" timestamp="2010-09-04T17:53:22Z" user="cornella" uid="202535" lat="36.7641958" lon="-4.7097272"/>
 <node id="895882041" visible="true" version="1" changeset="5681008" timestamp="2010-09-04T17:53:22Z" user="cornella" uid="202535" lat="36.7685255" lon="-4.7114501"/>
 <node id="895882042" visible="true" version="2" changeset="76521003" timestamp="2019-11-02T07:15:45Z" user="andi9876" uid="1256497" lat="36.7671481" lon="-4.7105159"/>
 <node id="895882043" visible="true" version="1" changeset="5681008" timestamp="2010-09-04T17:53:22Z" user="cornella" uid="202535" lat="36.7625594" lon="-4.7113134"/>
 <node id="895882045" visible="true" version="2" changeset="144875325" timestamp="2023-12-07T17:53:31Z" user="andi9876" uid="1256497" lat="36.7724706" lon="-4.7132205"/>
 <node id="895882048" visible="true" version="1" changeset="5681008" timestamp="2010-09-04T17:53:22Z" user="cornella" uid="202535" lat="36.7641129" lon="-4.7100281"/>
 <node id="895882059" visible="true" version="1" changeset="5681008" timestamp="2010-09-04T17:53:23Z" user="cornella" uid="202535" lat="36.7652265" lon="-4.7062519"/>
 <node id="895882063" visible="true" version="2" changeset="118836764" timestamp="2022-03-23T20:05:50Z" user="bkr" uid="40560" lat="36.7662826" lon="-4.7123807"/>
 <node id="895882065" visible="true" version="1" changeset="5681008" timestamp="2010-09-04T17:53:23Z" user="cornella" uid="202535" lat="36.7671818" lon="-4.7095116"/>
 <node id="895882067" visible="true" version="1" changeset="5681008" timestamp="2010-09-04T17:53:23Z" user="cornella" uid="202535" lat="36.7608502" lon="-4.7096852"/>
 <node id="895882069" visible="true" version="1" changeset="5681008" timestamp="2010-09-04T17:53:23Z" user="cornella" uid="202535" lat="36.7635556" lon="-4.7105351"/>
 <node id="895882078" visible="true" version="2" changeset="76521003" timestamp="2019-11-02T07:15:45Z" user="andi9876" uid="1256497" lat="36.7650005" lon="-4.7104306"/>
 <node id="895882086" visible="true" version="1" changeset="5681008" timestamp="2010-09-04T17:53:24Z" user="cornella" uid="202535" lat="36.7616472" lon="-4.7088944"/>
 <node id="895882090" visible="true" version="2" changeset="41808554" timestamp="2016-08-30T18:15:03Z" user="dpawlyk" uid="1719931" lat="36.7721779" lon="-4.7137348"/>
 <node id="895882099" visible="true" version="2" changeset="163752304" timestamp="2025-03-17T22:15:59Z" user="kapazao" uid="7543375" lat="36.7708785" lon="-4.7093540"/>
 <node id="895882105" visible="true" version="2" changeset="76521003" timestamp="2019-11-02T07:18:20Z" user="andi9876" uid="1256497" lat="36.7669628" lon="-4.7110943"/>
 <node id="895882108" visible="true" version="1" changeset="5681008" timestamp="2010-09-04T17:53:25Z" user="cornella" uid="202535" lat="36.7649151" lon="-4.7062178"/>
 <node id="895882109" visible="true" version="1" changeset="5681008" timestamp="2010-09-04T17:53:25Z" user="cornella" uid="202535" lat="36.7636705" lon="-4.7122633"/>
 <node id="895882111" visible="true" version="1" changeset="5681008" timestamp="2010-09-04T17:53:25Z" user="cornella" uid="202535" lat="36.7665850" lon="-4.7112839"/>
 <node id="895882120" visible="true" version="1" changeset="5681008" timestamp="2010-09-04T17:53:25Z" user="cornella" uid="202535" lat="36.7613328" lon="-4.7098969"/>
 <node id="895882122" visible="true" version="1" changeset="5681008" timestamp="2010-09-04T17:53:25Z" user="cornella" uid="202535" lat="36.7665803" lon="-4.7105174"/>
 <node id="895882128" visible="true" version="2" changeset="67097291" timestamp="2019-02-11T11:37:32Z" user="km2bp" uid="3610826" lat="36.7666431" lon="-4.7095539"/>
 <node id="895882130" visible="true" version="1" changeset="5681008" timestamp="2010-09-04T17:53:26Z" user="cornella" uid="202535" lat="36.7662934" lon="-4.7113876"/>
 <node id="895882140" visible="true" version="1" changeset="5681008" timestamp="2010-09-04T17:53:26Z" user="cornella" uid="202535" lat="36.7613265" lon="-4.7105195"/>
 <node id="895882145" visible="true" version="1" changeset="5681008" timestamp="2010-09-04T17:53:26Z" user="cornella" uid="202535" lat="36.7659376" lon="-4.7102841"/>
 <node id="895882148" visible="true" version="1" changeset="5681008" timestamp="2010-09-04T17:53:26Z" user="cornella" uid="202535" lat="36.7613577" lon="-4.7094081"/>
 <node id="895882150" visible="true" version="2" changeset="144875325" timestamp="2023-12-07T17:53:31Z" user="andi9876" uid="1256497" lat="36.7718722" lon="-4.7121077"/>
 <node id="895882161" visible="true" version="1" changeset="5681008" timestamp="2010-09-04T17:53:26Z" user="cornella" uid="202535" lat="36.7690321" lon="-4.7083846"/>
 <node id="895882163" visible="true" version="1" changeset="5681008" timestamp="2010-09-04T17:53:27Z" user="cornella" uid="202535" lat="36.7636781" lon="-4.7097305"/>
 <node id="895882165" visible="true" version="1" changeset="5681008" timestamp="2010-09-04T17:53:27Z" user="cornella" uid="202535" lat="36.7692644" lon="-4.7093814"/>
 <node id="895882167" visible="true" version="2" changeset="67101075" timestamp="2019-02-11T13:51:17Z" user="km2bp" uid="3610826" lat="36.7645175" lon="-4.7086479"/>
 <node id="895882171" visible="true" version="1" changeset="5681008" timestamp="2010-09-04T17:53:27Z" user="cornella" uid="202535" lat="36.7991980" lon="-4.7105290"/>
 <node id="895882173" visible="true" version="1" changeset="5681008" timestamp="2010-09-04T17:53:27Z" user="cornella" uid="202535" lat="36.7720147" lon="-4.7152383"/>
 <node id="895882181" visible="true" version="1" changeset="5681008" timestamp="2010-09-04T17:53:27Z" user="cornella" uid="202535" lat="36.7632412" lon="-4.7080663"/>
 <node id="895882188" visible="true" version="1" changeset="5681008" timestamp="2010-09-04T17:53:28Z" user="cornella" uid="202535" lat="36.7708078" lon="-4.7087464"/>
 <node id="895882192" visible="true" version="1" changeset="5681008" timestamp="2010-09-04T17:53:28Z" user="cornella" uid="202535" lat="36.7676684" lon="-4.7071518"/>
 <node id="895882194" visible="true" version="1" changeset="5681008" timestamp="2010-09-04T17:53:28Z" user="cornella" uid="202535" lat="36.7667969" lon="-4.7108584"/>
 <node id="895882202" visible="true" version="1" changeset="5681008" timestamp="2010-09-04T17:53:28Z" user="cornella" uid="202535" lat="36.7668088" lon="-4.7121551"/>
 <node id="895882212" visible="true" version="1" changeset="5681008" timestamp="2010-09-04T17:53:28Z" user="cornella" uid="202535" lat="36.7625231" lon="-4.7084631"/>
 <node id="895882214" visible="true" version="1" changeset="5681008" timestamp="2010-09-04T17:53:28Z" user="cornella" uid="202535" lat="36.8018919" lon="-4.7110915"/>
 <node id="895882216" visible="true" version="1" changeset="5681008" timestamp="2010-09-04T17:53:28Z" user="cornella" uid="202535" lat="36.7701175" lon="-4.7129359"/>
 <node id="895882229" visible="true" version="1" changeset="5681008" timestamp="2010-09-04T17:53:29Z" user="cornella" uid="202535" lat="36.7645986" lon="-4.7084036"/>
 <node id="895882231" visible="true" version="1" changeset="5681008" timestamp="2010-09-04T17:53:29Z" user="cornella" uid="202535" lat="36.7666805" lon="-4.7108817"/>
 <node id="895882243" visible="true" version="3" changeset="76521003" timestamp="2019-11-02T07:18:20Z" user="andi9876" uid="1256497" lat="36.7672875" lon="-4.7111273"/>
 <node id="895882249" visible="true" version="1" changeset="5681008" timestamp="2010-09-04T17:53:30Z" user="cornella" uid="202535" lat="36.7680847" lon="-4.7114839"/>
 <node id="895882259" visible="true" version="1" changeset="5681008" timestamp="2010-09-04T17:53:30Z" user="cornella" uid="202535" lat="36.7658783" lon="-4.7065729"/>
 <node id="895882266" visible="true" version="2" changeset="53936692" timestamp="2017-11-20T01:29:14Z" user="andi9876" uid="1256497" lat="36.7691880" lon="-4.7087143"/>
 <node id="895882268" visible="true" version="2" changeset="92640614" timestamp="2020-10-17T19:57:38Z" user="Begavil84" uid="1725439" lat="36.7616172" lon="-4.7114923"/>
 <node id="895882269" visible="true" version="2" changeset="67097291" timestamp="2019-02-11T11:37:32Z" user="km2bp" uid="3610826" lat="36.7666249" lon="-4.7097839"/>
 <node id="895882270" visible="true" version="1" changeset="5681008" timestamp="2010-09-04T17:53:31Z" user="cornella" uid="202535" lat="36.7623134" lon="-4.7108246"/>
 <node id="895882276" visible="true" version="4" changeset="76521003" timestamp="2019-11-02T07:15:45Z" user="andi9876" uid="1256497" lat="36.7646734" lon="-4.7104075"/>
 <node id="895882281" visible="true" version="1" changeset="5681008" timestamp="2010-09-04T17:53:31Z" user="cornella" uid="202535" lat="36.7699513" lon="-4.7096144"/>
 <node id="895882289" visible="true" version="1" changeset="5681008" timestamp="2010-09-04T17:53:31Z" user="cornella" uid="202535" lat="36.7613857" lon="-4.7108028"/>
 <node id="895882295" visible="true" version="1" changeset="5681008" timestamp="2010-09-04T17:53:31Z" user="cornella" uid="202535" lat="36.7698022" lon="-4.7115992"/>
 <node id="895882302" visible="true" version="1" changeset="5681008" timestamp="2010-09-04T17:53:32Z" user="cornella" uid="202535" lat="36.7626621" lon="-4.7115096"/>
 <node id="895882305" visible="true" version="2" changeset="44164933" timestamp="2016-12-04T19:35:13Z" user="Parie" uid="246941" lat="36.7727257" lon="-4.7163391"/>
 <node id="895882311" visible="true" version="1" changeset="5681008" timestamp="2010-09-04T17:53:32Z" user="cornella" uid="202535" lat="36.7683894" lon="-4.7078181"/>
 <node id="895882313" visible="true" version="1" changeset="5681008" timestamp="2010-09-04T17:53:32Z" user="cornella" uid="202535" lat="36.7653828" lon="-4.7116601"/>
 <node id="895882314" visible="true" version="2" changeset="44184115" timestamp="2016-12-05T13:56:19Z" user="Parie" uid="246941" lat="36.7732644" lon="-4.7159393"/>
 <node id="895882320" visible="true" version="1" changeset="5681008" timestamp="2010-09-04T17:53:33Z" user="cornella" uid="202535" lat="36.7633969" lon="-4.7106690"/>
 <node id="895882322" visible="true" version="1" changeset="5681008" timestamp="2010-09-04T17:53:33Z" user="cornella" uid="202535" lat="36.7696997" lon="-4.7114641"/>
 <node id="895882323" visible="true" version="1" changeset="5681008" timestamp="2010-09-04T17:53:33Z" user="cornella" uid="202535" lat="36.7692984" lon="-4.7096479"/>
 <node id="895882328" visible="true" version="1" changeset="5681008" timestamp="2010-09-04T17:53:33Z" user="cornella" uid="202535" lat="36.7705270" lon="-4.7085512"/>
 <node id="895882329" visible="true" version="1" changeset="5681008" timestamp="2010-09-04T17:53:33Z" user="cornella" uid="202535" lat="36.7676246" lon="-4.7056681"/>
 <node id="895882331" visible="true" version="1" changeset="5681008" timestamp="2010-09-04T17:53:33Z" user="cornella" uid="202535" lat="36.7613888" lon="-4.7092649"/>
 <node id="895882333" visible="true" version="1" changeset="5681008" timestamp="2010-09-04T17:53:33Z" user="cornella" uid="202535" lat="36.7715028" lon="-4.7108118"/>
 <node id="895882343" visible="true" version="1" changeset="5681008" timestamp="2010-09-04T17:53:34Z" user="cornella" uid="202535" lat="36.7614372" lon="-4.7110187"/>
 <node id="895882346" visible="true" version="1" changeset="5681008" timestamp="2010-09-04T17:53:34Z" user="cornella" uid="202535" lat="36.7658243" lon="-4.7114112"/>
 <node id="895882348" visible="true" version="1" changeset="5681008" timestamp="2010-09-04T17:53:34Z" user="cornella" uid="202535" lat="36.7671992" lon="-4.7102222"/>
 <node id="895882350" visible="true" version="6" changeset="138942555" timestamp="2023-07-24T14:16:11Z" user="Robot8A" uid="393359" lat="36.7641370" lon="-4.7102846"/>
 <node id="895882352" visible="true" version="2" changeset="144875325" timestamp="2023-12-07T17:53:31Z" user="andi9876" uid="1256497" lat="36.7718780" lon="-4.7144046"/>
 <node id="895882354" visible="true" version="1" changeset="5681008" timestamp="2010-09-04T17:53:34Z" user="cornella" uid="202535" lat="36.7641749" lon="-4.7097978"/>
 <node id="895882363" visible="true" version="1" changeset="5681008" timestamp="2010-09-04T17:53:35Z" user="cornella" uid="202535" lat="36.7642592" lon="-4.7082313"/>
 <node id="895882364" visible="true" version="2" changeset="44184115" timestamp="2016-12-05T13:56:19Z" user="Parie" uid="246941" lat="36.7735170" lon="-4.7161288"/>
 <node id="895882365" visible="true" version="1" changeset="5681008" timestamp="2010-09-04T17:53:35Z" user="cornella" uid="202535" lat="36.7643347" lon="-4.7092597"/>
 <node id="895882367" visible="true" version="1" changeset="5681008" timestamp="2010-09-04T17:53:35Z" user="cornella" uid="202535" lat="36.7724753" lon="-4.7131088"/>
 <node id="895882380" visible="true" version="1" changeset="5681008" timestamp="2010-09-04T17:53:35Z" user="cornella" uid="202535" lat="36.7655621" lon="-4.7063881"/>
 <node id="895882388" visible="true" version="1" changeset="5681008" timestamp="2010-09-04T17:53:35Z" user="cornella" uid="202535" lat="36.7690559" lon="-4.7120075"/>
 <node id="895882397" visible="true" version="1" changeset="5681008" timestamp="2010-09-04T17:53:36Z" user="cornella" uid="202535" lat="36.7712144" lon="-4.7105259"/>
 <node id="895882408" visible="true" version="2" changeset="41808554" timestamp="2016-08-30T18:20:48Z" user="dpawlyk" uid="1719931" lat="36.7667962" lon="-4.7110154"/>
 <node id="895882415" visible="true" version="1" changeset="5681008" timestamp="2010-09-04T17:53:36Z" user="cornella" uid="202535" lat="36.7682751" lon="-4.7077657"/>
 <node id="895882417" visible="true" version="1" changeset="5681008" timestamp="2010-09-04T17:53:36Z" user="cornella" uid="202535" lat="36.7672325" lon="-4.7112839"/>
 <node id="895882419" visible="true" version="2" changeset="67097291" timestamp="2019-02-11T11:37:32Z" user="km2bp" uid="3610826" lat="36.7651797" lon="-4.7093145"/>
 <node id="895882423" visible="true" version="2" changeset="18506913" timestamp="2013-10-23T17:34:34Z" user="marczoutendijk" uid="606555" lat="36.7670383" lon="-4.7072786"/>
 <node id="895882425" visible="true" version="1" changeset="5681008" timestamp="2010-09-04T17:53:36Z" user="cornella" uid="202535" lat="36.7618620" lon="-4.7083745"/>
 <node id="895882435" visible="true" version="2" changeset="53936692" timestamp="2017-11-20T01:29:14Z" user="andi9876" uid="1256497" lat="36.7680783" lon="-4.7098835"/>
 <node id="895882437" visible="true" version="2" changeset="44164933" timestamp="2016-12-04T19:35:13Z" user="Parie" uid="246941" lat="36.7722891" lon="-4.7165121"/>
 <node id="895882438" visible="true" version="1" changeset="5681008" timestamp="2010-09-04T17:53:37Z" user="cornella" uid="202535" lat="36.7665996" lon="-4.7106162"/>
 <node id="895882440" visible="true" version="1" changeset="5681008" timestamp="2010-09-04T17:53:37Z" user="cornella" uid="202535" lat="36.7625505" lon="-4.7115738"/>
 <node id="895882449" visible="true" version="1" changeset="5681008" timestamp="2010-09-04T17:53:37Z" user="cornella" uid="202535" lat="36.7622979" lon="-4.7095420"/>
 <node id="895882452" visible="true" version="1" changeset="5681008" timestamp="2010-09-04T17:53:38Z" user="cornella" uid="202535" lat="36.7625687" lon="-4.7079636"/>
 <node id="895882459" visible="true" version="1" changeset="5681008" timestamp="2010-09-04T17:53:38Z" user="cornella" uid="202535" lat="36.7675176" lon="-4.7054103"/>
 <node id="895882462" visible="true" version="1" changeset="5681008" timestamp="2010-09-04T17:53:38Z" user="cornella" uid="202535" lat="36.7714422" lon="-4.7119673"/>
 <node id="895882467" visible="true" version="2" changeset="67097291" timestamp="2019-02-11T11:37:32Z" user="km2bp" uid="3610826" lat="36.7652517" lon="-4.7101950"/>
 <node id="895882469" visible="true" version="1" changeset="5681008" timestamp="2010-09-04T17:53:38Z" user="cornella" uid="202535" lat="36.7624783" lon="-4.7090039"/>
 <node id="895882476" visible="true" version="1" changeset="5681008" timestamp="2010-09-04T17:53:38Z" user="cornella" uid="202535" lat="36.7693606" lon="-4.7079514"/>
 <node id="895882482" visible="true" version="1" changeset="5681008" timestamp="2010-09-04T17:53:38Z" user="cornella" uid="202535" lat="36.7677181" lon="-4.7100271"/>
 <node id="895882485" visible="true" version="2" changeset="18985065" timestamp="2013-11-18T23:05:56Z" user="andi9876" uid="1256497" lat="36.7651558" lon="-4.7062380"/>
 <node id="895882490" visible="true" version="2" changeset="39593614" timestamp="2016-05-27T01:19:15Z" user="dpawlyk" uid="1719931" lat="36.8006512" lon="-4.7111180"/>
 <node id="895882492" visible="true" version="1" changeset="5681008" timestamp="2010-09-04T17:53:38Z" user="cornella" uid="202535" lat="36.7723841" lon="-4.7150696"/>
 <node id="1079133365" visible="true" version="1" changeset="6841640" timestamp="2011-01-02T18:26:51Z" user="puhuri" uid="136065" lat="36.7700864" lon="-4.6932116"/>
 <node id="1079133368" visible="true" version="1" changeset="6841640" timestamp="2011-01-02T18:26:51Z" user="puhuri" uid="136065" lat="36.7659270" lon="-4.6933460"/>
 <node id="1079133381" visible="true" version="2" changeset="48154000" timestamp="2017-04-26T08:15:48Z" user="andi9876" uid="1256497" lat="36.7634381" lon="-4.6974893"/>
 <node id="1079133400" visible="true" version="2" changeset="10637684" timestamp="2012-02-09T20:13:42Z" user="LatLng" uid="71251" lat="36.7640852" lon="-4.6995221"/>
 <node id="1079133403" visible="true" version="2" changeset="10637684" timestamp="2012-02-09T20:13:42Z" user="LatLng" uid="71251" lat="36.7649410" lon="-4.6981445"/>
 <node id="1079133405" visible="true" version="1" changeset="6841640" timestamp="2011-01-02T18:26:53Z" user="puhuri" uid="136065" lat="36.7654522" lon="-4.7015960"/>
 <node id="1079133424" visible="true" version="2" changeset="56452342" timestamp="2018-02-18T00:01:26Z" user="alan_gr" uid="5307206" lat="36.7658049" lon="-4.6957102"/>
 <node id="1079133435" visible="true" version="2" changeset="48154000" timestamp="2017-04-26T08:03:21Z" user="andi9876" uid="1256497" lat="36.7662297" lon="-4.6998857"/>
 <node id="1079133460" visible="true" version="1" changeset="6841640" timestamp="2011-01-02T18:26:54Z" user="puhuri" uid="136065" lat="36.7675638" lon="-4.6943872"/>
 <node id="1079133464" visible="true" version="1" changeset="6841640" timestamp="2011-01-02T18:26:54Z" user="puhuri" uid="136065" lat="36.7707915" lon="-4.6910210"/>
 <node id="1079133467" visible="true" version="2" changeset="19969965" timestamp="2014-01-13T11:31:01Z" user="Leonardo Velasco" uid="241061" lat="36.7673830" lon="-4.7089718"/>
 <node id="1079133483" visible="true" version="1" changeset="6841640" timestamp="2011-01-02T18:26:55Z" user="puhuri" uid="136065" lat="36.7654220" lon="-4.7006555">
  <tag k="tourism" v="viewpoint"/>
 </node>
 <node id="1079133550" visible="true" version="1" changeset="6841640" timestamp="2011-01-02T18:26:56Z" user="puhuri" uid="136065" lat="36.7696660" lon="-4.6932745"/>
 <node id="1079133553" visible="true" version="1" changeset="6841640" timestamp="2011-01-02T18:26:56Z" user="puhuri" uid="136065" lat="36.7667763" lon="-4.6937685"/>
 <node id="1079133558" visible="true" version="2" changeset="18506953" timestamp="2013-10-23T17:36:34Z" user="marczoutendijk" uid="606555" lat="36.7671786" lon="-4.7051660"/>
 <node id="1079133568" visible="true" version="2" changeset="147148330" timestamp="2024-02-06T19:22:44Z" user="alan_gr" uid="5307206" lat="36.7639344" lon="-4.6957024"/>
 <node id="1079133601" visible="true" version="3" changeset="56452342" timestamp="2018-02-18T00:01:26Z" user="alan_gr" uid="5307206" lat="36.7701008" lon="-4.6966863">
  <tag k="tourism" v="viewpoint"/>
 </node>
 <node id="1079133605" visible="true" version="2" changeset="10637684" timestamp="2012-02-09T20:13:42Z" user="LatLng" uid="71251" lat="36.7638973" lon="-4.6986959"/>
 <node id="1079133608" visible="true" version="1" changeset="6841640" timestamp="2011-01-02T18:26:58Z" user="puhuri" uid="136065" lat="36.7644336" lon="-4.6964604"/>
 <node id="1079133618" visible="true" version="2" changeset="48154000" timestamp="2017-04-26T08:03:21Z" user="andi9876" uid="1256497" lat="36.7670297" lon="-4.6980249"/>
 <node id="1079133646" visible="true" version="1" changeset="6841640" timestamp="2011-01-02T18:26:58Z" user="puhuri" uid="136065" lat="36.7671413" lon="-4.6956416"/>
 <node id="1079133649" visible="true" version="1" changeset="6841640" timestamp="2011-01-02T18:26:59Z" user="puhuri" uid="136065" lat="36.7719014" lon="-4.6913096"/>
 <node id="1079133652" visible="true" version="1" changeset="6841640" timestamp="2011-01-02T18:26:59Z" user="puhuri" uid="136065" lat="36.7701852" lon="-4.6954527"/>
 <node id="1079133657" visible="true" version="1" changeset="6841640" timestamp="2011-01-02T18:26:59Z" user="puhuri" uid="136065" lat="36.7688966" lon="-4.6940119"/>
 <node id="1079133662" visible="true" version="1" changeset="6841640" timestamp="2011-01-02T18:26:59Z" user="puhuri" uid="136065" lat="36.7674343" lon="-4.6931728"/>
 <node id="1079133682" visible="true" version="2" changeset="18506913" timestamp="2013-10-23T17:34:34Z" user="marczoutendijk" uid="606555" lat="36.7666454" lon="-4.7062754"/>
 <node id="1079133689" visible="true" version="1" changeset="6841640" timestamp="2011-01-02T18:27:00Z" user="puhuri" uid="136065" lat="36.7635662" lon="-4.6936583"/>
 <node id="1079133701" visible="true" version="1" changeset="6841640" timestamp="2011-01-02T18:27:00Z" user="puhuri" uid="136065" lat="36.7701390" lon="-4.6940172"/>
 <node id="1079133705" visible="true" version="1" changeset="6841640" timestamp="2011-01-02T18:27:00Z" user="puhuri" uid="136065" lat="36.7638626" lon="-4.6933250"/>
 <node id="1079133710" visible="true" version="1" changeset="6841640" timestamp="2011-01-02T18:27:00Z" user="puhuri" uid="136065" lat="36.7638353" lon="-4.6976644"/>
 <node id="1079133730" visible="true" version="2" changeset="56452342" timestamp="2018-02-18T00:01:26Z" user="alan_gr" uid="5307206" lat="36.7642802" lon="-4.6967306"/>
 <node id="1079133735" visible="true" version="4" changeset="147148330" timestamp="2024-02-06T19:22:44Z" user="alan_gr" uid="5307206" lat="36.7667423" lon="-4.6975578"/>
 <node id="1079133767" visible="true" version="1" changeset="6841640" timestamp="2011-01-02T18:27:01Z" user="puhuri" uid="136065" lat="36.7674629" lon="-4.6958699"/>
 <node id="1079133771" visible="true" version="2" changeset="41391326" timestamp="2016-08-11T15:24:44Z" user="rene78" uid="257555" lat="36.7713130" lon="-4.6941660"/>
 <node id="1079133780" visible="true" version="2" changeset="41391326" timestamp="2016-08-11T15:24:44Z" user="rene78" uid="257555" lat="36.7656767" lon="-4.7008455"/>
 <node id="1079133783" visible="true" version="4" changeset="157000884" timestamp="2024-09-23T15:24:56Z" user="Mikecron" uid="217312" lat="36.7701456" lon="-4.6966860"/>
 <node id="1079133798" visible="true" version="1" changeset="6841640" timestamp="2011-01-02T18:27:02Z" user="puhuri" uid="136065" lat="36.7685182" lon="-4.6942350"/>
 <node id="1079133800" visible="true" version="1" changeset="6841640" timestamp="2011-01-02T18:27:02Z" user="puhuri" uid="136065" lat="36.7684434" lon="-4.6923751"/>
 <node id="1079133803" visible="true" version="3" changeset="19970124" timestamp="2014-01-13T11:39:48Z" user="Leonardo Velasco" uid="241061" lat="36.7671076" lon="-4.7073225"/>
 <node id="1079133824" visible="true" version="1" changeset="6841640" timestamp="2011-01-02T18:27:02Z" user="puhuri" uid="136065" lat="36.7704354" lon="-4.6934215"/>
 <node id="1079133828" visible="true" version="1" changeset="6841640" timestamp="2011-01-02T18:27:02Z" user="puhuri" uid="136065" lat="36.7655528" lon="-4.6935009"/>
 <node id="1079133843" visible="true" version="3" changeset="147108752" timestamp="2024-02-05T20:30:13Z" user="alan_gr" uid="5307206" lat="36.7632672" lon="-4.6977865"/>
 <node id="1079133856" visible="true" version="3" changeset="147148330" timestamp="2024-02-06T19:22:44Z" user="alan_gr" uid="5307206" lat="36.7639882" lon="-4.6973775"/>
 <node id="1079133860" visible="true" version="2" changeset="10637684" timestamp="2012-02-09T20:13:42Z" user="LatLng" uid="71251" lat="36.7651975" lon="-4.6975997"/>
 <node id="1079133866" visible="true" version="2" changeset="56452342" timestamp="2018-02-18T00:01:26Z" user="alan_gr" uid="5307206" lat="36.7663941" lon="-4.6959204"/>
 <node id="1079133873" visible="true" version="2" changeset="41391326" timestamp="2016-08-11T15:24:44Z" user="rene78" uid="257555" lat="36.7708050" lon="-4.6951330"/>
 <node id="1079133891" visible="true" version="1" changeset="6841640" timestamp="2011-01-02T18:27:04Z" user="puhuri" uid="136065" lat="36.7677026" lon="-4.6942481"/>
 <node id="1079133893" visible="true" version="1" changeset="6841640" timestamp="2011-01-02T18:27:04Z" user="puhuri" uid="136065" lat="36.7695554" lon="-4.6918791"/>
 <node id="1079133907" visible="true" version="1" changeset="6841640" timestamp="2011-01-02T18:27:04Z" user="puhuri" uid="136065" lat="36.7698993" lon="-4.6932247"/>
 <node id="1079133908" visible="true" version="1" changeset="6841640" timestamp="2011-01-02T18:27:04Z" user="puhuri" uid="136065" lat="36.7662655" lon="-4.6931623"/>
 <node id="1079133910" visible="true" version="2" changeset="147108752" timestamp="2024-02-05T20:30:13Z" user="alan_gr" uid="5307206" lat="36.7635216" lon="-4.6973100"/>
 <node id="1079133921" visible="true" version="1" changeset="6841640" timestamp="2011-01-02T18:27:05Z" user="puhuri" uid="136065" lat="36.7642507" lon="-4.6998325"/>
 <node id="1079133924" visible="true" version="2" changeset="10637684" timestamp="2012-02-09T20:13:42Z" user="LatLng" uid="71251" lat="36.7648440" lon="-4.6984773"/>
 <node id="1079133934" visible="true" version="2" changeset="15205136" timestamp="2013-03-01T06:19:14Z" user="cloudbase" uid="576814" lat="36.7637749" lon="-4.7041180"/>
 <node id="1079133945" visible="true" version="2" changeset="56452342" timestamp="2018-02-18T00:01:26Z" user="alan_gr" uid="5307206" lat="36.7654303" lon="-4.6959483"/>
 <node id="1079133958" visible="true" version="2" changeset="48154000" timestamp="2017-04-26T08:03:21Z" user="andi9876" uid="1256497" lat="36.7664529" lon="-4.6992293"/>
 <node id="1079133964" visible="true" version="1" changeset="6841640" timestamp="2011-01-02T18:27:06Z" user="puhuri" uid="136065" lat="36.7676122" lon="-4.6946339"/>
 <node id="1079133976" visible="true" version="1" changeset="6841640" timestamp="2011-01-02T18:27:06Z" user="puhuri" uid="136065" lat="36.7711593" lon="-4.6910446"/>
 <node id="1079133977" visible="true" version="1" changeset="6841640" timestamp="2011-01-02T18:27:06Z" user="puhuri" uid="136065" lat="36.7645451" lon="-4.7061196"/>
 <node id="1079133991" visible="true" version="1" changeset="6841640" timestamp="2011-01-02T18:27:07Z" user="puhuri" uid="136065" lat="36.7695399" lon="-4.6934241"/>
 <node id="1079133993" visible="true" version="1" changeset="6841640" timestamp="2011-01-02T18:27:07Z" user="puhuri" uid="136065" lat="36.7670160" lon="-4.6935507"/>
 <node id="1079134010" visible="true" version="2" changeset="18506953" timestamp="2013-10-23T17:36:34Z" user="marczoutendijk" uid="606555" lat="36.7668391" lon="-4.7045920"/>
 <node id="1079134012" visible="true" version="2" changeset="147148330" timestamp="2024-02-06T19:22:44Z" user="alan_gr" uid="5307206" lat="36.7639726" lon="-4.6950409"/>
 <node id="1079134016" visible="true" version="1" changeset="6841640" timestamp="2011-01-02T18:27:07Z" user="puhuri" uid="136065" lat="36.7632655" lon="-4.6927215"/>
 <node id="1079134018" visible="true" version="2" changeset="10637684" timestamp="2012-02-09T20:13:43Z" user="LatLng" uid="71251" lat="36.7635985" lon="-4.6987424"/>
 <node id="1079134033" visible="true" version="2" changeset="56452342" timestamp="2018-02-18T00:01:26Z" user="alan_gr" uid="5307206" lat="36.7643700" lon="-4.6965784"/>
 <node id="1079134037" visible="true" version="2" changeset="10637684" timestamp="2012-02-09T20:13:43Z" user="LatLng" uid="71251" lat="36.7671835" lon="-4.6975977"/>
 <node id="1079134046" visible="true" version="1" changeset="6841640" timestamp="2011-01-02T18:27:08Z" user="puhuri" uid="136065" lat="36.7672863" lon="-4.6957518"/>
 <node id="1079134050" visible="true" version="1" changeset="6841640" timestamp="2011-01-02T18:27:09Z" user="puhuri" uid="136065" lat="36.7650664" lon="-4.7027460"/>
 <node id="1079134065" visible="true" version="2" changeset="56452342" timestamp="2018-02-18T00:01:26Z" user="alan_gr" uid="5307206" lat="36.7700103" lon="-4.6953348"/>
 <node id="1079134073" visible="true" version="1" changeset="6841640" timestamp="2011-01-02T18:27:10Z" user="puhuri" uid="136065" lat="36.7687663" lon="-4.6941642"/>
 <node id="1079134076" visible="true" version="1" changeset="6841640" timestamp="2011-01-02T18:27:10Z" user="puhuri" uid="136065" lat="36.7677097" lon="-4.6932647"/>
 <node id="1079134078" visible="true" version="2" changeset="18506913" timestamp="2013-10-23T17:34:34Z" user="marczoutendijk" uid="606555" lat="36.7672693" lon="-4.7055114"/>
 <node id="1079134083" visible="true" version="1" changeset="6841640" timestamp="2011-01-02T18:27:10Z" user="puhuri" uid="136065" lat="36.7631310" lon="-4.6929157"/>
 <node id="1079134096" visible="true" version="1" changeset="6841640" timestamp="2011-01-02T18:27:11Z" user="puhuri" uid="136065" lat="36.7702609" lon="-4.6936393"/>
 <node id="1079134102" visible="true" version="2" changeset="147148330" timestamp="2024-02-06T19:22:44Z" user="alan_gr" uid="5307206" lat="36.7642992" lon="-4.6933865"/>
 <node id="1079134107" visible="true" version="3" changeset="147148330" timestamp="2024-02-06T19:22:44Z" user="alan_gr" uid="5307206" lat="36.7638313" lon="-4.6975552"/>
 <node id="1079134120" visible="true" version="2" changeset="56452342" timestamp="2018-02-18T00:01:26Z" user="alan_gr" uid="5307206" lat="36.7642290" lon="-4.6968724"/>
 <node id="1079134125" visible="true" version="3" changeset="48154000" timestamp="2017-04-26T08:03:21Z" user="andi9876" uid="1256497" lat="36.7662841" lon="-4.6975397"/>
 <node id="1079134130" visible="true" version="1" changeset="6841640" timestamp="2011-01-02T18:27:12Z" user="puhuri" uid="136065" lat="36.7673284" lon="-4.6958725"/>
 <node id="1079134132" visible="true" version="2" changeset="41391326" timestamp="2016-08-11T15:24:44Z" user="rene78" uid="257555" lat="36.7711770" lon="-4.6945390"/>
 <node id="1079134155" visible="true" version="2" changeset="48154000" timestamp="2017-04-26T08:03:21Z" user="andi9876" uid="1256497" lat="36.7657431" lon="-4.7004757"/>
 <node id="1079134174" visible="true" version="1" changeset="6841640" timestamp="2011-01-02T18:27:13Z" user="puhuri" uid="136065" lat="36.7684005" lon="-4.6942455"/>
 <node id="1079134177" visible="true" version="2" changeset="147148330" timestamp="2024-02-06T19:22:44Z" user="alan_gr" uid="5307206" lat="36.7688635" lon="-4.6921561"/>
 <node id="1079134233" visible="true" version="1" changeset="6841640" timestamp="2011-01-02T18:27:14Z" user="puhuri" uid="136065" lat="36.7703912" lon="-4.6932877"/>
 <node id="1079134238" visible="true" version="1" changeset="6841640" timestamp="2011-01-02T18:27:14Z" user="puhuri" uid="136065" lat="36.7658282" lon="-4.6933382"/>
 <node id="1079134241" visible="true" version="3" changeset="56452342" timestamp="2018-02-18T00:01:26Z" user="alan_gr" uid="5307206" lat="36.7633531" lon="-4.6975996"/>
 <node id="1079134286" visible="true" version="2" changeset="10637684" timestamp="2012-02-09T20:13:43Z" user="LatLng" uid="71251" lat="36.7650721" lon="-4.6978596"/>
 <node id="1079134305" visible="true" version="2" changeset="56452342" timestamp="2018-02-18T00:01:26Z" user="alan_gr" uid="5307206" lat="36.7660383" lon="-4.6957156"/>
 <node id="1079134310" visible="true" version="2" changeset="41391326" timestamp="2016-08-11T15:24:44Z" user="rene78" uid="257555" lat="36.7705290" lon="-4.6958150"/>
 <node id="1079134327" visible="true" version="2" changeset="48154000" timestamp="2017-04-26T08:03:21Z" user="andi9876" uid="1256497" lat="36.7661257" lon="-4.7000398"/>
 <node id="1079134333" visible="true" version="1" changeset="6841640" timestamp="2011-01-02T18:27:17Z" user="puhuri" uid="136065" lat="36.7676605" lon="-4.6943111"/>
 <node id="1079134337" visible="true" version="1" changeset="6841640" timestamp="2011-01-02T18:27:17Z" user="puhuri" uid="136065" lat="36.7699969" lon="-4.6916272"/>
 <node id="1079134338" visible="true" version="3" changeset="53936692" timestamp="2017-11-20T01:29:14Z" user="andi9876" uid="1256497" lat="36.7677793" lon="-4.7088522"/>
 <node id="1079134366" visible="true" version="1" changeset="6841640" timestamp="2011-01-02T18:27:18Z" user="puhuri" uid="136065" lat="36.7697080" lon="-4.6932535"/>
 <node id="1079134370" visible="true" version="1" changeset="6841640" timestamp="2011-01-02T18:27:18Z" user="puhuri" uid="136065" lat="36.7664168" lon="-4.6933434"/>
 <node id="1079134377" visible="true" version="3" changeset="147148330" timestamp="2024-02-06T19:22:44Z" user="alan_gr" uid="5307206" lat="36.7636935" lon="-4.6969876"/>
 <node id="1079134385" visible="true" version="2" changeset="10637684" timestamp="2012-02-09T20:13:43Z" user="LatLng" uid="71251" lat="36.7645983" lon="-4.6985541"/>
 <node id="1079134411" visible="true" version="2" changeset="56452342" timestamp="2018-02-18T00:01:26Z" user="alan_gr" uid="5307206" lat="36.7651120" lon="-4.6961262"/>
 <node id="1079134425" visible="true" version="2" changeset="48154000" timestamp="2017-04-26T08:03:21Z" user="andi9876" uid="1256497" lat="36.7666627" lon="-4.6988151"/>
 <node id="1079134434" visible="true" version="1" changeset="6841640" timestamp="2011-01-02T18:27:20Z" user="puhuri" uid="136065" lat="36.7675386" lon="-4.6948779"/>
 <node id="1079134437" visible="true" version="1" changeset="6841640" timestamp="2011-01-02T18:27:20Z" user="puhuri" uid="136065" lat="36.7716680" lon="-4.6912125"/>
 <node id="1079134451" visible="true" version="2" changeset="15201857" timestamp="2013-02-28T20:46:49Z" user="cloudbase" uid="576814" lat="36.7638053" lon="-4.7054159"/>
 <node id="1079134484" visible="true" version="1" changeset="6841640" timestamp="2011-01-02T18:27:21Z" user="puhuri" uid="136065" lat="36.7693696" lon="-4.6935370"/>
 <node id="1079134487" visible="true" version="1" changeset="6841640" timestamp="2011-01-02T18:27:21Z" user="puhuri" uid="136065" lat="36.7673229" lon="-4.6932463"/>
 <node id="1079134505" visible="true" version="2" changeset="18506953" timestamp="2013-10-23T17:36:34Z" user="marczoutendijk" uid="606555" lat="36.7670862" lon="-4.7039778"/>
 <node id="1079134514" visible="true" version="1" changeset="6841640" timestamp="2011-01-02T18:27:22Z" user="puhuri" uid="136065" lat="36.7636923" lon="-4.6939103"/>
 <node id="1079134530" visible="true" version="2" changeset="56452342" timestamp="2018-02-18T00:01:26Z" user="alan_gr" uid="5307206" lat="36.7700172" lon="-4.6949608"/>
 <node id="1079134532" visible="true" version="1" changeset="6841640" timestamp="2011-01-02T18:27:22Z" user="puhuri" uid="136065" lat="36.7636145" lon="-4.6931571"/>
 <node id="1079134535" visible="true" version="1" changeset="6841640" timestamp="2011-01-02T18:27:22Z" user="puhuri" uid="136065" lat="36.7636213" lon="-4.6978911"/>
 <node id="1079134563" visible="true" version="2" changeset="56452342" timestamp="2018-02-18T00:01:26Z" user="alan_gr" uid="5307206" lat="36.7643026" lon="-4.6966915"/>
 <node id="1079134572" visible="true" version="4" changeset="147148330" timestamp="2024-02-06T19:22:44Z" user="alan_gr" uid="5307206" lat="36.7669363" lon="-4.6975341"/>
 <node id="1079134609" visible="true" version="2" changeset="56452342" timestamp="2018-02-18T00:01:26Z" user="alan_gr" uid="5307206" lat="36.7674755" lon="-4.6958280"/>
 <node id="1079134612" visible="true" version="2" changeset="41391326" timestamp="2016-08-11T15:24:44Z" user="rene78" uid="257555" lat="36.7719990" lon="-4.6920720"/>
 <node id="1079134616" visible="true" version="2" changeset="41391326" timestamp="2016-08-11T15:24:44Z" user="rene78" uid="257555" lat="36.7656392" lon="-4.7012984"/>
 <node id="1079134624" visible="true" version="2" changeset="15205136" timestamp="2013-03-01T06:19:14Z" user="cloudbase" uid="576814" lat="36.7646621" lon="-4.7041426"/>
 <node id="1079134627" visible="true" version="1" changeset="6841640" timestamp="2011-01-02T18:27:25Z" user="puhuri" uid="136065" lat="36.7686359" lon="-4.6942350"/>
 <node id="1079134630" visible="true" version="1" changeset="6841640" timestamp="2011-01-02T18:27:25Z" user="puhuri" uid="136065" lat="36.7679178" lon="-4.6932831"/>
 <node id="1079134655" visible="true" version="1" changeset="6841640" timestamp="2011-01-02T18:27:25Z" user="puhuri" uid="136065" lat="36.7674628" lon="-4.7064936"/>
 <node id="1079134669" visible="true" version="1" changeset="6841640" timestamp="2011-01-02T18:27:26Z" user="puhuri" uid="136065" lat="36.7703996" lon="-4.6934582"/>
 <node id="1079134673" visible="true" version="2" changeset="147148330" timestamp="2024-02-06T19:22:44Z" user="alan_gr" uid="5307206" lat="36.7646009" lon="-4.6935654"/>
 <node id="1079134676" visible="true" version="1" changeset="6841640" timestamp="2011-01-02T18:27:26Z" user="puhuri" uid="136065" lat="36.7635304" lon="-4.6976393"/>
 <node id="1079134694" visible="true" version="1" changeset="6841640" timestamp="2011-01-02T18:27:27Z" user="puhuri" uid="136065" lat="36.7641224" lon="-4.6969852"/>
 <node id="1079134697" visible="true" version="2" changeset="10637684" timestamp="2012-02-09T20:13:43Z" user="LatLng" uid="71251" lat="36.7660000" lon="-4.6976845"/>
 <node id="1079134709" visible="true" version="2" changeset="56452342" timestamp="2018-02-18T00:01:26Z" user="alan_gr" uid="5307206" lat="36.7670433" lon="-4.6958332"/>
 <node id="1079134713" visible="true" version="2" changeset="41391326" timestamp="2016-08-11T15:24:44Z" user="rene78" uid="257555" lat="36.7709280" lon="-4.6948400"/>
 <node id="1079134757" visible="true" version="1" changeset="6841640" timestamp="2011-01-02T18:27:29Z" user="puhuri" uid="136065" lat="36.7681798" lon="-4.6942455"/>
 <node id="1079134760" visible="true" version="1" changeset="6841640" timestamp="2011-01-02T18:27:29Z" user="puhuri" uid="136065" lat="36.7693389" lon="-4.6919211"/>
 <node id="1079134802" visible="true" version="1" changeset="6841640" timestamp="2011-01-02T18:27:30Z" user="puhuri" uid="136065" lat="36.7703156" lon="-4.6930935"/>
 <node id="1079134806" visible="true" version="1" changeset="6841640" timestamp="2011-01-02T18:27:30Z" user="puhuri" uid="136065" lat="36.7660847" lon="-4.6932673"/>
 <node id="1079134809" visible="true" version="4" changeset="147108752" timestamp="2024-02-05T20:30:13Z" user="alan_gr" uid="5307206" lat="36.7634734" lon="-4.6974014"/>
 <node id="1079134819" visible="true" version="1" changeset="6841640" timestamp="2011-01-02T18:27:31Z" user="puhuri" uid="136065" lat="36.7641077" lon="-4.6996147"/>
 <node id="1079134850" visible="true" version="2" changeset="10637684" timestamp="2012-02-09T20:13:43Z" user="LatLng" uid="71251" lat="36.7648560" lon="-4.6983822"/>
 <node id="1079134853" visible="true" version="1" changeset="6841640" timestamp="2011-01-02T18:27:31Z" user="puhuri" uid="136065" lat="36.7653016" lon="-4.7019381"/>
 <node id="1079134860" visible="true" version="2" changeset="56452342" timestamp="2018-02-18T00:01:26Z" user="alan_gr" uid="5307206" lat="36.7657151" lon="-4.6957615"/>
 <node id="1079134863" visible="true" version="2" changeset="41391326" timestamp="2016-08-11T15:24:44Z" user="rene78" uid="257555" lat="36.7703560" lon="-4.6963020"/>
 <node id="1079134874" visible="true" version="2" changeset="48154000" timestamp="2017-04-26T08:03:21Z" user="andi9876" uid="1256497" lat="36.7663429" lon="-4.6996159"/>
 <node id="1079134905" visible="true" version="1" changeset="6841640" timestamp="2011-01-02T18:27:33Z" user="puhuri" uid="136065" lat="36.7676101" lon="-4.6945447"/>
 <node id="1079134909" visible="true" version="1" changeset="6841640" timestamp="2011-01-02T18:27:33Z" user="puhuri" uid="136065" lat="36.7703269" lon="-4.6914015"/>
 <node id="1079134944" visible="true" version="1" changeset="6841640" timestamp="2011-01-02T18:27:33Z" user="puhuri" uid="136065" lat="36.7696092" lon="-4.6933375"/>
 <node id="1079134948" visible="true" version="1" changeset="6841640" timestamp="2011-01-02T18:27:34Z" user="puhuri" uid="136065" lat="36.7664757" lon="-4.6937266"/>
 <node id="1079134953" visible="true" version="1" changeset="6841640" timestamp="2011-01-02T18:27:34Z" user="puhuri" uid="136065" lat="36.7669136" lon="-4.7047702"/>
 <node id="1079134963" visible="true" version="2" changeset="147148330" timestamp="2024-02-06T19:22:44Z" user="alan_gr" uid="5307206" lat="36.7638700" lon="-4.6967698"/>
 <node id="1079134972" visible="true" version="1" changeset="6841640" timestamp="2011-01-02T18:27:34Z" user="puhuri" uid="136065" lat="36.7642106" lon="-4.6985596"/>
 <node id="1079134993" visible="true" version="2" changeset="56452342" timestamp="2018-02-18T00:01:26Z" user="alan_gr" uid="5307206" lat="36.7649645" lon="-4.6961291"/>
 <node id="1079135000" visible="true" version="1" changeset="6841640" timestamp="2011-01-02T18:27:35Z" user="puhuri" uid="136065" lat="36.7669796" lon="-4.6985579"/>
 <node id="1079135006" visible="true" version="1" changeset="6841640" timestamp="2011-01-02T18:27:35Z" user="puhuri" uid="136065" lat="36.7674713" lon="-4.6952532"/>
 <node id="1079135019" visible="true" version="2" changeset="41391326" timestamp="2016-08-11T15:24:44Z" user="rene78" uid="257555" lat="36.7720282" lon="-4.6913836"/>
 <node id="1079135022" visible="true" version="2" changeset="15201857" timestamp="2013-02-28T20:46:49Z" user="cloudbase" uid="576814" lat="36.7632051" lon="-4.7029849"/>
 <node id="1079135029" visible="true" version="1" changeset="6841640" timestamp="2011-01-02T18:27:36Z" user="puhuri" uid="136065" lat="36.7704081" lon="-4.6957781"/>
 <node id="1079135037" visible="true" version="1" changeset="6841640" timestamp="2011-01-02T18:27:36Z" user="puhuri" uid="136065" lat="36.7691110" lon="-4.6936839"/>
 <node id="1079135041" visible="true" version="1" changeset="6841640" timestamp="2011-01-02T18:27:36Z" user="puhuri" uid="136065" lat="36.7675331" lon="-4.6931781"/>
 <node id="1079135055" visible="true" version="2" changeset="18506953" timestamp="2013-10-23T17:36:34Z" user="marczoutendijk" uid="606555" lat="36.7667231" lon="-4.7040314"/>
 <node id="1079135059" visible="true" version="1" changeset="6841640" timestamp="2011-01-02T18:27:37Z" user="puhuri" uid="136065" lat="36.7632739" lon="-4.6932516"/>
 <node id="1079135071" visible="true" version="1" changeset="6841640" timestamp="2011-01-02T18:27:38Z" user="puhuri" uid="136065" lat="36.7701201" lon="-4.6945420"/>
 <node id="1079135074" visible="true" version="1" changeset="6841640" timestamp="2011-01-02T18:27:38Z" user="puhuri" uid="136065" lat="36.7640182" lon="-4.6933670"/>
 <node id="1079135088" visible="true" version="3" changeset="147148330" timestamp="2024-02-06T19:22:44Z" user="alan_gr" uid="5307206" lat="36.7639801" lon="-4.6974060"/>
 <node id="1079135092" visible="true" version="2" changeset="56452342" timestamp="2018-02-18T00:01:26Z" user="alan_gr" uid="5307206" lat="36.7642506" lon="-4.6968163"/>
 <node id="1079135095" visible="true" version="2" changeset="10637684" timestamp="2012-02-09T20:13:44Z" user="LatLng" uid="71251" lat="36.7665340" lon="-4.6974733"/>
 <node id="1079135097" visible="true" version="2" changeset="41391326" timestamp="2016-08-11T15:24:44Z" user="rene78" uid="257555" lat="36.7655981" lon="-4.7007334"/>
 <node id="1079135110" visible="true" version="1" changeset="6841640" timestamp="2011-01-02T18:27:40Z" user="puhuri" uid="136065" lat="36.7673536" lon="-4.6958909"/>
 <node id="1079135112" visible="true" version="2" changeset="41391326" timestamp="2016-08-11T15:24:44Z" user="rene78" uid="257555" lat="36.7717370" lon="-4.6923170"/>
 <node id="1079135114" visible="true" version="1" changeset="6841640" timestamp="2011-01-02T18:27:40Z" user="puhuri" uid="136065" lat="36.7654714" lon="-4.7006069"/>
 <node id="1079135122" visible="true" version="2" changeset="15205136" timestamp="2013-03-01T06:19:14Z" user="cloudbase" uid="576814" lat="36.7637627" lon="-4.7048025"/>
 <node id="1079135126" visible="true" version="1" changeset="6841640" timestamp="2011-01-02T18:27:40Z" user="puhuri" uid="136065" lat="36.7684699" lon="-4.6942586"/>
 <node id="1079135128" visible="true" version="1" changeset="6841640" timestamp="2011-01-02T18:27:40Z" user="puhuri" uid="136065" lat="36.7680377" lon="-4.6929052"/>
 <node id="1079135148" visible="true" version="1" changeset="6841640" timestamp="2011-01-02T18:27:41Z" user="puhuri" uid="136065" lat="36.7704417" lon="-4.6933638"/>
 <node id="1079135150" visible="true" version="1" changeset="6841640" timestamp="2011-01-02T18:27:41Z" user="puhuri" uid="136065" lat="36.7650188" lon="-4.6937266"/>
 <node id="1079135152" visible="true" version="2" changeset="147108752" timestamp="2024-02-05T20:30:13Z" user="alan_gr" uid="5307206" lat="36.7633588" lon="-4.6978935"/>
 <node id="1079135157" visible="true" version="1" changeset="6841640" timestamp="2011-01-02T18:27:41Z" user="puhuri" uid="136065" lat="36.7641014" lon="-4.6971742"/>
 <node id="1079135174" visible="true" version="2" changeset="10637684" timestamp="2012-02-09T20:13:44Z" user="LatLng" uid="71251" lat="36.7657594" lon="-4.6974902"/>
 <node id="1079135178" visible="true" version="2" changeset="56452342" timestamp="2018-02-18T00:01:26Z" user="alan_gr" uid="5307206" lat="36.7667301" lon="-4.6959669"/>
 <node id="1079135180" visible="true" version="2" changeset="41391326" timestamp="2016-08-11T15:24:44Z" user="rene78" uid="257555" lat="36.7706900" lon="-4.6954930"/>
 <node id="1079135187" visible="true" version="1" changeset="6841640" timestamp="2011-01-02T18:27:43Z" user="puhuri" uid="136065" lat="36.7680032" lon="-4.6942849"/>
 <node id="1079135210" visible="true" version="1" changeset="6841640" timestamp="2011-01-02T18:27:43Z" user="puhuri" uid="136065" lat="36.7698035" lon="-4.6917689"/>
 <node id="1079135219" visible="true" version="1" changeset="6841640" timestamp="2011-01-02T18:27:43Z" user="puhuri" uid="136065" lat="36.7701516" lon="-4.6931564"/>
 <node id="1079135222" visible="true" version="1" changeset="6841640" timestamp="2011-01-02T18:27:43Z" user="puhuri" uid="136065" lat="36.7663391" lon="-4.6931807"/>
 <node id="1079135228" visible="true" version="2" changeset="147108752" timestamp="2024-02-05T20:30:13Z" user="alan_gr" uid="5307206" lat="36.7636601" lon="-4.6971411"/>
 <node id="1079135247" visible="true" version="1" changeset="6841640" timestamp="2011-01-02T18:27:44Z" user="puhuri" uid="136065" lat="36.7649702" lon="-4.7030364">
  <tag k="fireplace" v="yes"/>
  <tag k="tourism" v="picnic_site"/>
 </node>
 <node id="1079135250" visible="true" version="1" changeset="6841640" timestamp="2011-01-02T18:27:44Z" user="puhuri" uid="136065" lat="36.7642549" lon="-4.7000556"/>
 <node id="1079135253" visible="true" version="2" changeset="10637684" timestamp="2012-02-09T20:13:44Z" user="LatLng" uid="71251" lat="36.7647502" lon="-4.6985451"/>
 <node id="1079135268" visible="true" version="1" changeset="6841640" timestamp="2011-01-02T18:27:45Z" user="puhuri" uid="136065" lat="36.7652724" lon="-4.6960930"/>
 <node id="1079135269" visible="true" version="2" changeset="41391326" timestamp="2016-08-11T15:24:44Z" user="rene78" uid="257555" lat="36.7704021" lon="-4.6961929"/>
 <node id="1079135281" visible="true" version="2" changeset="48154000" timestamp="2017-04-26T08:03:21Z" user="andi9876" uid="1256497" lat="36.7665214" lon="-4.6989758"/>
 <node id="1079135286" visible="true" version="1" changeset="6841640" timestamp="2011-01-02T18:27:45Z" user="puhuri" uid="136065" lat="36.7675701" lon="-4.6947494"/>
 <node id="1079135292" visible="true" version="1" changeset="6841640" timestamp="2011-01-02T18:27:45Z" user="puhuri" uid="136065" lat="36.7705476" lon="-4.6911837"/>
 <node id="1079135294" visible="true" version="1" changeset="6841640" timestamp="2011-01-02T18:27:46Z" user="puhuri" uid="136065" lat="36.7642644" lon="-4.7057192"/>
 <node id="1079135308" visible="true" version="1" changeset="6841640" timestamp="2011-01-02T18:27:46Z" user="puhuri" uid="136065" lat="36.7694537" lon="-4.6934792"/>
 <node id="1079135311" visible="true" version="1" changeset="6841640" timestamp="2011-01-02T18:27:46Z" user="puhuri" uid="136065" lat="36.7666060" lon="-4.6938053"/>
 <node id="1079135313" visible="true" version="2" changeset="18506953" timestamp="2013-10-23T17:36:34Z" user="marczoutendijk" uid="606555" lat="36.7670690" lon="-4.7043372"/>
 <node id="1079135323" visible="true" version="2" changeset="147148330" timestamp="2024-02-06T19:22:44Z" user="alan_gr" uid="5307206" lat="36.7639410" lon="-4.6962507"/>
 <node id="1079135331" visible="true" version="2" changeset="10637684" timestamp="2012-02-09T20:13:44Z" user="LatLng" uid="71251" lat="36.7640643" lon="-4.6994278"/>
 <node id="1079135337" visible="true" version="1" changeset="6841640" timestamp="2011-01-02T18:27:47Z" user="puhuri" uid="136065" lat="36.7646838" lon="-4.6962137"/>
 <node id="1079135339" visible="true" version="1" changeset="6841640" timestamp="2011-01-02T18:27:47Z" user="puhuri" uid="136065" lat="36.7671303" lon="-4.6982892"/>
 <node id="1079135346" visible="true" version="1" changeset="6841640" timestamp="2011-01-02T18:27:47Z" user="puhuri" uid="136065" lat="36.7672716" lon="-4.6956652"/>
 <node id="1079135351" visible="true" version="2" changeset="41391326" timestamp="2016-08-11T15:24:44Z" user="rene78" uid="257555" lat="36.7721680" lon="-4.6918440"/>
 <node id="1079135355" visible="true" version="1" changeset="6841640" timestamp="2011-01-02T18:27:47Z" user="puhuri" uid="136065" lat="36.7643687" lon="-4.7028462">
  <tag k="highway" v="turning_circle"/>
 </node>
 <node id="1079135362" visible="true" version="2" changeset="56452342" timestamp="2018-02-18T00:01:26Z" user="alan_gr" uid="5307206" lat="36.7703283" lon="-4.6954153"/>
 <node id="1079135375" visible="true" version="1" changeset="6841640" timestamp="2011-01-02T18:27:48Z" user="puhuri" uid="136065" lat="36.7689429" lon="-4.6939122"/>
 <node id="1079135376" visible="true" version="1" changeset="6841640" timestamp="2011-01-02T18:27:48Z" user="puhuri" uid="136065" lat="36.7678316" lon="-4.6933119"/>
 <node id="1079135378" visible="true" version="1" changeset="6841640" timestamp="2011-01-02T18:27:48Z" user="puhuri" uid="136065" lat="36.7659384" lon="-4.7058978"/>
 <node id="1079135382" visible="true" version="1" changeset="6841640" timestamp="2011-01-02T18:27:48Z" user="puhuri" uid="136065" lat="36.7631373" lon="-4.6927766"/>
 <node id="1079135397" visible="true" version="1" changeset="6841640" timestamp="2011-01-02T18:27:49Z" user="puhuri" uid="136065" lat="36.7700843" lon="-4.6942061"/>
 <node id="1079135398" visible="true" version="2" changeset="147148330" timestamp="2024-02-06T19:22:44Z" user="alan_gr" uid="5307206" lat="36.7643744" lon="-4.6934272"/>
 <node id="1079135399" visible="true" version="1" changeset="6841640" timestamp="2011-01-02T18:27:49Z" user="puhuri" uid="136065" lat="36.7636776" lon="-4.6975789"/>
 <node id="1079135405" visible="true" version="2" changeset="56452342" timestamp="2018-02-18T00:01:26Z" user="alan_gr" uid="5307206" lat="36.7641866" lon="-4.6969360"/>
 <node id="1079135411" visible="true" version="2" changeset="10637684" timestamp="2012-02-09T20:13:44Z" user="LatLng" uid="71251" lat="36.7661378" lon="-4.6975431"/>
 <node id="1079135420" visible="true" version="2" changeset="56452342" timestamp="2018-02-18T00:01:26Z" user="alan_gr" uid="5307206" lat="36.7672500" lon="-4.6958752"/>
 <node id="1079135421" visible="true" version="2" changeset="41391326" timestamp="2016-08-11T15:24:44Z" user="rene78" uid="257555" lat="36.7714930" lon="-4.6933860"/>
 <node id="1079135424" visible="true" version="3" changeset="56452342" timestamp="2018-02-18T00:01:27Z" user="alan_gr" uid="5307206" lat="36.7658465" lon="-4.7004404"/>
 <node id="1079135435" visible="true" version="1" changeset="6841640" timestamp="2011-01-02T18:27:50Z" user="puhuri" uid="136065" lat="36.7683269" lon="-4.6942744"/>
 <node id="1079135436" visible="true" version="1" changeset="6841640" timestamp="2011-01-02T18:27:50Z" user="puhuri" uid="136065" lat="36.7682647" lon="-4.6924748"/>
 <node id="1079135447" visible="true" version="1" changeset="6841640" timestamp="2011-01-02T18:27:51Z" user="puhuri" uid="136065" lat="36.7703408" lon="-4.6931512"/>
 <node id="1079135450" visible="true" version="1" changeset="6841640" timestamp="2011-01-02T18:27:51Z" user="puhuri" uid="136065" lat="36.7654246" lon="-4.6936242"/>
 <node id="1079135452" visible="true" version="2" changeset="56452342" timestamp="2018-02-18T00:01:27Z" user="alan_gr" uid="5307206" lat="36.7632265" lon="-4.6979170"/>
 <node id="1079135459" visible="true" version="3" changeset="147148330" timestamp="2024-02-06T19:22:44Z" user="alan_gr" uid="5307206" lat="36.7639991" lon="-4.6973468"/>
 <node id="1079135466" visible="true" version="2" changeset="10637684" timestamp="2012-02-09T20:13:44Z" user="LatLng" uid="71251" lat="36.7655662" lon="-4.6978976"/>
 <node id="1079135471" visible="true" version="1" changeset="6841640" timestamp="2011-01-02T18:27:51Z" user="puhuri" uid="136065" lat="36.7665316" lon="-4.6959933"/>
 <node id="1079135473" visible="true" version="2" changeset="41391326" timestamp="2016-08-11T15:24:44Z" user="rene78" uid="257555" lat="36.7704350" lon="-4.6961150"/>
 <node id="1079135481" visible="true" version="1" changeset="6841640" timestamp="2011-01-02T18:27:52Z" user="puhuri" uid="136065" lat="36.7677951" lon="-4.6942429"/>
 <node id="1079135483" visible="true" version="1" changeset="6841640" timestamp="2011-01-02T18:27:52Z" user="puhuri" uid="136065" lat="36.7702113" lon="-4.6914723"/>
 <node id="1079135491" visible="true" version="1" changeset="6841640" timestamp="2011-01-02T18:27:52Z" user="puhuri" uid="136065" lat="36.7699771" lon="-4.6932221"/>
 <node id="1079135495" visible="true" version="1" changeset="6841640" timestamp="2011-01-02T18:27:52Z" user="puhuri" uid="136065" lat="36.7664610" lon="-4.6935822"/>
 <node id="1079135509" visible="true" version="1" changeset="6841640" timestamp="2011-01-02T18:27:53Z" user="puhuri" uid="136065" lat="36.7643250" lon="-4.6984605"/>
 <node id="1079135522" visible="true" version="2" changeset="56452342" timestamp="2018-02-18T00:01:27Z" user="alan_gr" uid="5307206" lat="36.7650297" lon="-4.6961298"/>
 <node id="1079135525" visible="true" version="2" changeset="41391326" timestamp="2016-08-11T15:24:44Z" user="rene78" uid="257555" lat="36.7701980" lon="-4.6965090"/>
 <node id="1079135545" visible="true" version="1" changeset="6841640" timestamp="2011-01-02T18:27:54Z" user="puhuri" uid="136065" lat="36.7668544" lon="-4.6986973"/>
 <node id="1079135554" visible="true" version="1" changeset="6841640" timestamp="2011-01-02T18:27:54Z" user="puhuri" uid="136065" lat="36.7675176" lon="-4.6950669"/>
 <node id="1079135557" visible="true" version="2" changeset="147148330" timestamp="2024-02-06T19:22:44Z" user="alan_gr" uid="5307206" lat="36.7709170" lon="-4.6909383"/>
 <node id="1079135559" visible="true" version="3" changeset="163342782" timestamp="2025-03-07T20:30:41Z" user="Peri3" uid="14595185" lat="36.7636179" lon="-4.7043320"/>
 <node id="1079135575" visible="true" version="1" changeset="6841640" timestamp="2011-01-02T18:27:54Z" user="puhuri" uid="136065" lat="36.7692708" lon="-4.6935999"/>
 <node id="1079135577" visible="true" version="1" changeset="6841640" timestamp="2011-01-02T18:27:54Z" user="puhuri" uid="136065" lat="36.7668941" lon="-4.6936977"/>
 <node id="1079135580" visible="true" version="2" changeset="18506953" timestamp="2013-10-23T17:36:34Z" user="marczoutendijk" uid="606555" lat="36.7669422" lon="-4.7039805"/>
 <node id="1079135584" visible="true" version="2" changeset="147148330" timestamp="2024-02-06T19:22:44Z" user="alan_gr" uid="5307206" lat="36.7639510" lon="-4.6954110"/>
 <node id="1079135611" visible="true" version="2" changeset="56452342" timestamp="2018-02-18T00:01:27Z" user="alan_gr" uid="5307206" lat="36.7700482" lon="-4.6947707"/>
 <node id="1079135614" visible="true" version="1" changeset="6841640" timestamp="2011-01-02T18:27:55Z" user="puhuri" uid="136065" lat="36.7631962" lon="-4.6927110"/>
 <node id="1079135619" visible="true" version="2" changeset="10637684" timestamp="2012-02-09T20:13:44Z" user="LatLng" uid="71251" lat="36.7637635" lon="-4.6986151"/>
 <node id="1079135627" visible="true" version="1" changeset="6841640" timestamp="2011-01-02T18:27:55Z" user="puhuri" uid="136065" lat="36.7643894" lon="-4.6965522"/>
 <node id="1079135638" visible="true" version="2" changeset="147148330" timestamp="2024-02-06T19:22:44Z" user="alan_gr" uid="5307206" lat="36.7671630" lon="-4.6978891"/>
 <node id="1079135649" visible="true" version="1" changeset="6841640" timestamp="2011-01-02T18:27:56Z" user="puhuri" uid="136065" lat="36.7671665" lon="-4.6957072"/>
 <node id="1079135651" visible="true" version="2" changeset="41391326" timestamp="2016-08-11T15:24:44Z" user="rene78" uid="257555" lat="36.7718550" lon="-4.6921610"/>
 <node id="1079135657" visible="true" version="1" changeset="6841640" timestamp="2011-01-02T18:27:56Z" user="puhuri" uid="136065" lat="36.7701180" lon="-4.6954395"/>
 <node id="1079135660" visible="true" version="2" changeset="15205136" timestamp="2013-03-01T06:19:14Z" user="cloudbase" uid="576814" lat="36.7646499" lon="-4.7048271"/>
 <node id="1079135663" visible="true" version="1" changeset="6841640" timestamp="2011-01-02T18:27:56Z" user="puhuri" uid="136065" lat="36.7688293" lon="-4.6940985"/>
 <node id="1079135665" visible="true" version="1" changeset="6841640" timestamp="2011-01-02T18:27:56Z" user="puhuri" uid="136065" lat="36.7679767" lon="-4.6931440"/>
 <node id="1079135669" visible="true" version="2" changeset="18506913" timestamp="2013-10-23T17:34:34Z" user="marczoutendijk" uid="606555" lat="36.7671646" lon="-4.7060684"/>
 <node id="1079135683" visible="true" version="1" changeset="6841640" timestamp="2011-01-02T18:27:57Z" user="puhuri" uid="136065" lat="36.7701516" lon="-4.6938991"/>
 <node id="1079135685" visible="true" version="1" changeset="6841640" timestamp="2011-01-02T18:27:57Z" user="puhuri" uid="136065" lat="36.7647855" lon="-4.6936741"/>
 <node id="1079135691" visible="true" version="2" changeset="147108752" timestamp="2024-02-05T20:30:13Z" user="alan_gr" uid="5307206" lat="36.7634651" lon="-4.6977878"/>
 <node id="1079135703" visible="true" version="1" changeset="6841640" timestamp="2011-01-02T18:27:57Z" user="puhuri" uid="136065" lat="36.7641014" lon="-4.6971033"/>
 <node id="1079135707" visible="true" version="2" changeset="10637684" timestamp="2012-02-09T20:13:44Z" user="LatLng" uid="71251" lat="36.7658957" lon="-4.6975776"/>
 <node id="1079135717" visible="true" version="2" changeset="56452342" timestamp="2018-02-18T00:01:27Z" user="alan_gr" uid="5307206" lat="36.7669190" lon="-4.6958628"/>
 <node id="1079135720" visible="true" version="2" changeset="41391326" timestamp="2016-08-11T15:24:44Z" user="rene78" uid="257555" lat="36.7712510" lon="-4.6943750"/>
 <node id="1079135744" visible="true" version="1" changeset="6841640" timestamp="2011-01-02T18:27:59Z" user="puhuri" uid="136065" lat="36.7681020" lon="-4.6942691"/>
 <node id="1079135747" visible="true" version="2" changeset="147148330" timestamp="2024-02-06T19:22:44Z" user="alan_gr" uid="5307206" lat="36.7686446" lon="-4.6922354"/>
 <node id="1079135758" visible="true" version="2" changeset="56452342" timestamp="2018-02-18T00:01:27Z" user="alan_gr" uid="5307206" lat="36.7702427" lon="-4.6930268"/>
 <node id="1079135760" visible="true" version="1" changeset="6841640" timestamp="2011-01-02T18:28:00Z" user="puhuri" uid="136065" lat="36.7656916" lon="-4.6933907"/>
 <node id="1079135764" visible="true" version="1" changeset="6841640" timestamp="2011-01-02T18:28:00Z" user="puhuri" uid="136065" lat="36.7632992" lon="-4.6977311"/>
 <node id="1079135782" visible="true" version="1" changeset="6841640" timestamp="2011-01-02T18:28:00Z" user="puhuri" uid="136065" lat="36.7650704" lon="-4.6976745"/>
 <node id="1079135788" visible="true" version="2" changeset="56452342" timestamp="2018-02-18T00:01:27Z" user="alan_gr" uid="5307206" lat="36.7661365" lon="-4.6957227"/>
 <node id="1079135791" visible="true" version="2" changeset="41391326" timestamp="2016-08-11T15:24:44Z" user="rene78" uid="257555" lat="36.7702970" lon="-4.6963970"/>
 <node id="1079135800" visible="true" version="1" changeset="6841640" timestamp="2011-01-02T18:28:01Z" user="puhuri" uid="136065" lat="36.7660512" lon="-4.7002105"/>
 <node id="1079135806" visible="true" version="1" changeset="6841640" timestamp="2011-01-02T18:28:01Z" user="puhuri" uid="136065" lat="36.7676668" lon="-4.6942744"/>
 <node id="1079135808" visible="true" version="1" changeset="6841640" timestamp="2011-01-02T18:28:01Z" user="puhuri" uid="136065" lat="36.7704698" lon="-4.6913385"/>
 <node id="1079135828" visible="true" version="1" changeset="6841640" timestamp="2011-01-02T18:28:02Z" user="puhuri" uid="136065" lat="36.7698384" lon="-4.6932509"/>
 <node id="1079135830" visible="true" version="1" changeset="6841640" timestamp="2011-01-02T18:28:02Z" user="puhuri" uid="136065" lat="36.7665135" lon="-4.6938105"/>
 <node id="1079135834" visible="true" version="2" changeset="147148330" timestamp="2024-02-06T19:22:44Z" user="alan_gr" uid="5307206" lat="36.7639351" lon="-4.6965419"/>
 <node id="1079135850" visible="true" version="2" changeset="10637684" timestamp="2012-02-09T20:13:44Z" user="LatLng" uid="71251" lat="36.7641792" lon="-4.6986748"/>
 <node id="1079135856" visible="true" version="1" changeset="6841640" timestamp="2011-01-02T18:28:03Z" user="puhuri" uid="136065" lat="36.7649297" lon="-4.6961297"/>
 <node id="1079135866" visible="true" version="1" changeset="6841640" timestamp="2011-01-02T18:28:03Z" user="puhuri" uid="136065" lat="36.7671047" lon="-4.6984370"/>
 <node id="1079135875" visible="true" version="1" changeset="6841640" timestamp="2011-01-02T18:28:03Z" user="puhuri" uid="136065" lat="36.7673725" lon="-4.6955891"/>
 <node id="1079135877" visible="true" version="1" changeset="6841640" timestamp="2011-01-02T18:28:03Z" user="puhuri" uid="136065" lat="36.7714494" lon="-4.6911259"/>
 <node id="1079135880" visible="true" version="1" changeset="6841640" timestamp="2011-01-02T18:28:04Z" user="puhuri" uid="136065" lat="36.7630535" lon="-4.7023957"/>
 <node id="1079135882" visible="true" version="1" changeset="6841640" timestamp="2011-01-02T18:28:04Z" user="puhuri" uid="136065" lat="36.7703996" lon="-4.6955812"/>
 <node id="1079135900" visible="true" version="1" changeset="6841640" timestamp="2011-01-02T18:28:04Z" user="puhuri" uid="136065" lat="36.7689807" lon="-4.6937679"/>
 <node id="1079135902" visible="true" version="1" changeset="6841640" timestamp="2011-01-02T18:28:04Z" user="puhuri" uid="136065" lat="36.7671652" lon="-4.6933828"/>
 <node id="1079135904" visible="true" version="2" changeset="18506953" timestamp="2013-10-23T17:36:34Z" user="marczoutendijk" uid="606555" lat="36.7661601" lon="-4.7041655"/>
 <node id="1079135915" visible="true" version="1" changeset="6841640" timestamp="2011-01-02T18:28:05Z" user="puhuri" uid="136065" lat="36.7638647" lon="-4.6943013"/>
 <node id="1079135922" visible="true" version="1" changeset="6841640" timestamp="2011-01-02T18:28:05Z" user="puhuri" uid="136065" lat="36.7700906" lon="-4.6943059"/>
 <node id="1079135924" visible="true" version="1" changeset="6841640" timestamp="2011-01-02T18:28:05Z" user="puhuri" uid="136065" lat="36.7634148" lon="-4.6929340"/>
 <node id="1079135928" visible="true" version="1" changeset="6841640" timestamp="2011-01-02T18:28:05Z" user="puhuri" uid="136065" lat="36.7635704" lon="-4.6981428"/>
 <node id="1079135937" visible="true" version="2" changeset="56452342" timestamp="2018-02-18T00:01:27Z" user="alan_gr" uid="5307206" lat="36.7643333" lon="-4.6966528"/>
 <node id="1079135942" visible="true" version="4" changeset="147148330" timestamp="2024-02-06T19:22:44Z" user="alan_gr" uid="5307206" lat="36.7670780" lon="-4.6974907"/>
 <node id="1079135950" visible="true" version="2" changeset="56452342" timestamp="2018-02-18T00:01:27Z" user="alan_gr" uid="5307206" lat="36.7673890" lon="-4.6958017"/>
 <node id="1079135951" visible="true" version="2" changeset="41391326" timestamp="2016-08-11T15:24:44Z" user="rene78" uid="257555" lat="36.7715620" lon="-4.6930280"/>
 <node id="1079135966" visible="true" version="3" changeset="147148330" timestamp="2024-02-06T19:22:44Z" user="alan_gr" uid="5307206" lat="36.7651383" lon="-4.7026579"/>
 <node id="1079135968" visible="true" version="2" changeset="56452342" timestamp="2018-02-18T00:01:27Z" user="alan_gr" uid="5307206" lat="36.7699979" lon="-4.6951359"/>
 <node id="1079135972" visible="true" version="1" changeset="6841640" timestamp="2011-01-02T18:28:07Z" user="puhuri" uid="136065" lat="36.7687011" lon="-4.6942009"/>
 <node id="1079135975" visible="true" version="1" changeset="6841640" timestamp="2011-01-02T18:28:07Z" user="puhuri" uid="136065" lat="36.7681322" lon="-4.6926585"/>
 <node id="1079135978" visible="true" version="2" changeset="18506913" timestamp="2013-10-23T17:34:34Z" user="marczoutendijk" uid="606555" lat="36.7674628" lon="-4.7058614"/>
 <node id="1079136003" visible="true" version="1" changeset="6841640" timestamp="2011-01-02T18:28:08Z" user="puhuri" uid="136065" lat="36.7703303" lon="-4.6934976"/>
 <node id="1079136005" visible="true" version="1" changeset="6841640" timestamp="2011-01-02T18:28:08Z" user="puhuri" uid="136065" lat="36.7652102" lon="-4.6937266"/>
 <node id="1079136008" visible="true" version="3" changeset="147108752" timestamp="2024-02-05T20:30:13Z" user="alan_gr" uid="5307206" lat="36.7632771" lon="-4.6979283"/>
 <node id="1079136022" visible="true" version="1" changeset="6841640" timestamp="2011-01-02T18:28:09Z" user="puhuri" uid="136065" lat="36.7640110" lon="-4.6973159"/>
 <node id="1079136026" visible="true" version="2" changeset="10637684" timestamp="2012-02-09T20:13:44Z" user="LatLng" uid="71251" lat="36.7656617" lon="-4.6977463"/>
 <node id="1079136030" visible="true" version="2" changeset="56452342" timestamp="2018-02-18T00:01:27Z" user="alan_gr" uid="5307206" lat="36.7666443" lon="-4.6960033"/>
 <node id="1079136031" visible="true" version="2" changeset="41391326" timestamp="2016-08-11T15:24:44Z" user="rene78" uid="257555" lat="36.7709700" lon="-4.6947690"/>
 <node id="1079136050" visible="true" version="1" changeset="6841640" timestamp="2011-01-02T18:28:10Z" user="puhuri" uid="136065" lat="36.7678960" lon="-4.6942796"/>
 <node id="1079136051" visible="true" version="1" changeset="6841640" timestamp="2011-01-02T18:28:10Z" user="puhuri" uid="136065" lat="36.7690887" lon="-4.6920549"/>
 <node id="1163261988" visible="true" version="3" changeset="44164933" timestamp="2016-12-04T19:35:14Z" user="Parie" uid="246941" lat="36.8210343" lon="-4.6921216"/>
 <node id="1163262187" visible="true" version="4" changeset="39593614" timestamp="2016-05-27T01:19:15Z" user="dpawlyk" uid="1719931" lat="36.8086946" lon="-4.7003559"/>
 <node id="1163262790" visible="true" version="4" changeset="44164933" timestamp="2016-12-04T19:35:14Z" user="Parie" uid="246941" lat="36.8164231" lon="-4.7029036"/>
 <node id="1163263246" visible="true" version="1" changeset="7342032" timestamp="2011-02-20T12:57:02Z" user="UFeldmaus" uid="41190" lat="36.8248916" lon="-4.6938063"/>
 <node id="1163263580" visible="true" version="2" changeset="7361616" timestamp="2011-02-22T09:41:05Z" user="UFeldmaus" uid="41190" lat="36.8107241" lon="-4.7043020"/>
 <node id="1163264064" visible="true" version="4" changeset="44164933" timestamp="2016-12-04T19:35:14Z" user="Parie" uid="246941" lat="36.8288192" lon="-4.6968753"/>
 <node id="1163264267" visible="true" version="4" changeset="39513525" timestamp="2016-05-23T16:46:20Z" user="dpawlyk" uid="1719931" lat="36.8185998" lon="-4.7013157"/>
 <node id="1163264559" visible="true" version="3" changeset="44164933" timestamp="2016-12-04T19:35:14Z" user="Parie" uid="246941" lat="36.8269371" lon="-4.6961064"/>
 <node id="1163264823" visible="true" version="3" changeset="39593614" timestamp="2016-05-27T01:19:14Z" user="dpawlyk" uid="1719931" lat="36.8144243" lon="-4.7038004"/>
 <node id="1163264913" visible="true" version="3" changeset="39593614" timestamp="2016-05-27T01:19:15Z" user="dpawlyk" uid="1719931" lat="36.8182692" lon="-4.6944320"/>
 <node id="1163265150" visible="true" version="4" changeset="44164933" timestamp="2016-12-04T19:35:14Z" user="Parie" uid="246941" lat="36.7912109" lon="-4.7133973"/>
 <node id="1163265192" visible="true" version="4" changeset="44164933" timestamp="2016-12-04T19:35:14Z" user="Parie" uid="246941" lat="36.8295998" lon="-4.6968571"/>
 <node id="1163265498" visible="true" version="2" changeset="16060735" timestamp="2013-05-10T08:51:25Z" user="andi9876" uid="1256497" lat="36.8176014" lon="-4.6956685"/>
 <node id="1163265822" visible="true" version="3" changeset="44164933" timestamp="2016-12-04T19:35:14Z" user="Parie" uid="246941" lat="36.8042236" lon="-4.7039772"/>
 <node id="1163265969" visible="true" version="3" changeset="43479469" timestamp="2016-11-08T06:02:15Z" user="andi9876" uid="1256497" lat="36.8152975" lon="-4.7034300"/>
 <node id="1163266080" visible="true" version="4" changeset="16118318" timestamp="2013-05-13T22:52:55Z" user="andi9876" uid="1256497" lat="36.8342496" lon="-4.6973907"/>
 <node id="1166262771" visible="true" version="2" changeset="44164933" timestamp="2016-12-04T19:35:14Z" user="Parie" uid="246941" lat="36.7414423" lon="-4.7052848"/>
 <node id="1166262777" visible="true" version="1" changeset="7361616" timestamp="2011-02-22T09:40:38Z" user="UFeldmaus" uid="41190" lat="36.7294039" lon="-4.6974314"/>
 <node id="1166262782" visible="true" version="2" changeset="16060735" timestamp="2013-05-10T08:51:26Z" user="andi9876" uid="1256497" lat="36.8227220" lon="-4.6915980"/>
 <node id="1166262786" visible="true" version="3" changeset="44164933" timestamp="2016-12-04T19:35:14Z" user="Parie" uid="246941" lat="36.7813410" lon="-4.7202080"/>
 <node id="1166262792" visible="true" version="1" changeset="7361616" timestamp="2011-02-22T09:40:39Z" user="UFeldmaus" uid="41190" lat="36.7637493" lon="-4.7218900"/>
 <node id="1166262795" visible="true" version="2" changeset="39593614" timestamp="2016-05-27T01:19:15Z" user="dpawlyk" uid="1719931" lat="36.8054608" lon="-4.7004101"/>
 <node id="1166262800" visible="true" version="2" changeset="16060735" timestamp="2013-05-10T08:51:25Z" user="andi9876" uid="1256497" lat="36.8237363" lon="-4.6924971"/>
 <node id="1166262803" visible="true" version="2" changeset="44164933" timestamp="2016-12-04T19:35:14Z" user="Parie" uid="246941" lat="36.7780018" lon="-4.7198671"/>
 <node id="1166262812" visible="true" version="1" changeset="7361616" timestamp="2011-02-22T09:40:40Z" user="UFeldmaus" uid="41190" lat="36.7406649" lon="-4.7041844"/>
 <node id="1166262817" visible="true" version="2" changeset="44164933" timestamp="2016-12-04T19:35:14Z" user="Parie" uid="246941" lat="36.7364586" lon="-4.7013165"/>
 <node id="1166262827" visible="true" version="1" changeset="7361616" timestamp="2011-02-22T09:40:40Z" user="UFeldmaus" uid="41190" lat="36.8280437" lon="-4.6966224"/>
 <node id="1166262828" visible="true" version="2" changeset="44164933" timestamp="2016-12-04T19:35:14Z" user="Parie" uid="246941" lat="36.7875373" lon="-4.7152106"/>
 <node id="1166262835" visible="true" version="2" changeset="44164933" timestamp="2016-12-04T19:35:14Z" user="Parie" uid="246941" lat="36.7772954" lon="-4.7121623"/>
 <node id="1166262839" visible="true" version="3" changeset="39593614" timestamp="2016-05-27T01:19:15Z" user="dpawlyk" uid="1719931" lat="36.8076440" lon="-4.6986066"/>
 <node id="1166262846" visible="true" version="2" changeset="44164933" timestamp="2016-12-04T19:35:14Z" user="Parie" uid="246941" lat="36.7409161" lon="-4.7048015"/>
 <node id="1166262849" visible="true" version="1" changeset="7361616" timestamp="2011-02-22T09:40:42Z" user="UFeldmaus" uid="41190" lat="36.8260942" lon="-4.6954655"/>
 <node id="1166262858" visible="true" version="2" changeset="40200909" timestamp="2016-06-22T09:59:59Z" user="Lübeck" uid="55462" lat="36.7818595" lon="-4.7175130"/>
 <node id="1166262865" visible="true" version="1" changeset="7361616" timestamp="2011-02-22T09:40:43Z" user="UFeldmaus" uid="41190" lat="36.7530958" lon="-4.7133416"/>
 <node id="1166262875" visible="true" version="2" changeset="44164933" timestamp="2016-12-04T19:35:14Z" user="Parie" uid="246941" lat="36.7281564" lon="-4.6966216"/>
 <node id="1166262881" visible="true" version="2" changeset="44164933" timestamp="2016-12-04T19:35:14Z" user="Parie" uid="246941" lat="36.7969553" lon="-4.7095106"/>
 <node id="1166262895" visible="true" version="2" changeset="16060735" timestamp="2013-05-10T08:51:26Z" user="andi9876" uid="1256497" lat="36.8080890" lon="-4.6989344"/>
 <node id="1166262910" visible="true" version="3" changeset="39593614" timestamp="2016-05-27T01:19:15Z" user="dpawlyk" uid="1719931" lat="36.8089095" lon="-4.7027227"/>
 <node id="1166262923" visible="true" version="2" changeset="38989957" timestamp="2016-04-29T21:44:10Z" user="teasu" uid="2040341" lat="36.7428095" lon="-4.7056027"/>
 <node id="1166262933" visible="true" version="3" changeset="40195700" timestamp="2016-06-22T04:55:48Z" user="Lübeck" uid="55462" lat="36.7536558" lon="-4.7097812"/>
 <node id="1166262939" visible="true" version="1" changeset="7361616" timestamp="2011-02-22T09:40:45Z" user="UFeldmaus" uid="41190" lat="36.7304384" lon="-4.6986004"/>
 <node id="1166262945" visible="true" version="4" changeset="44164933" timestamp="2016-12-04T19:35:14Z" user="Parie" uid="246941" lat="36.8301631" lon="-4.6968195"/>
 <node id="1166262954" visible="true" version="2" changeset="44164933" timestamp="2016-12-04T19:35:14Z" user="Parie" uid="246941" lat="36.7260409" lon="-4.6945290"/>
 <node id="1166262958" visible="true" version="2" changeset="39593614" timestamp="2016-05-27T01:19:15Z" user="dpawlyk" uid="1719931" lat="36.7936871" lon="-4.7093250"/>
 <node id="1166262970" visible="true" version="3" changeset="44164933" timestamp="2016-12-04T19:35:14Z" user="Parie" uid="246941" lat="36.7594338" lon="-4.7145228"/>
 <node id="1166262973" visible="true" version="2" changeset="39593614" timestamp="2016-05-27T01:19:15Z" user="dpawlyk" uid="1719931" lat="36.8061568" lon="-4.6992042"/>
 <node id="1166262979" visible="true" version="2" changeset="38989957" timestamp="2016-04-29T21:44:10Z" user="teasu" uid="2040341" lat="36.7439373" lon="-4.7054896"/>
 <node id="1166262984" visible="true" version="2" changeset="39007190" timestamp="2016-04-30T21:39:08Z" user="teasu" uid="2040341" lat="36.7310448" lon="-4.7005365"/>
 <node id="1166262991" visible="true" version="2" changeset="39593614" timestamp="2016-05-27T01:19:15Z" user="dpawlyk" uid="1719931" lat="36.8175069" lon="-4.7024384"/>
 <node id="1166263004" visible="true" version="2" changeset="44164933" timestamp="2016-12-04T19:35:14Z" user="Parie" uid="246941" lat="36.7577666" lon="-4.7135522"/>
 <node id="1166263016" visible="true" version="2" changeset="44164933" timestamp="2016-12-04T19:35:14Z" user="Parie" uid="246941" lat="36.7355202" lon="-4.7027432"/>
 <node id="1166263031" visible="true" version="2" changeset="39593614" timestamp="2016-05-27T01:19:15Z" user="dpawlyk" uid="1719931" lat="36.8043602" lon="-4.7081118"/>
 <node id="1166263036" visible="true" version="1" changeset="7361616" timestamp="2011-02-22T09:40:49Z" user="UFeldmaus" uid="41190" lat="36.7667149" lon="-4.7208428"/>
 <node id="1166263043" visible="true" version="1" changeset="7361616" timestamp="2011-02-22T09:40:49Z" user="UFeldmaus" uid="41190" lat="36.8123249" lon="-4.7044158"/>
 <node id="1243323256" visible="true" version="3" changeset="72397915" timestamp="2019-07-18T16:05:29Z" user="Juan_Carlos_G_F-imports" uid="2802925" lat="36.7709982" lon="-4.6982143">
  <tag k="name" v="El Santo"/>
  <tag k="place" v="locality"/>
  <tag k="source" v="Instituto Geográfico Nacional"/>
  <tag k="source:date" v="201011"/>
 </node>
 <node id="1243345034" visible="true" version="3" changeset="72397915" timestamp="2019-07-18T16:05:34Z" user="Juan_Carlos_G_F-imports" uid="2802925" lat="36.7631194" lon="-4.7014351">
  <tag k="name" v="Raja Ancha"/>
  <tag k="place" v="locality"/>
  <tag k="source" v="Instituto Geográfico Nacional"/>
  <tag k="source:date" v="201011"/>
 </node>
 <node id="1470838723" visible="true" version="19" changeset="181984118" timestamp="2026-04-29T11:45:03Z" user="Hugoren Martinako" uid="3392826" lat="36.7667950" lon="-4.7076870">
  <tag k="capital" v="8"/>
  <tag k="ele" v="81"/>
  <tag k="name" v="Pizarra"/>
  <tag k="place" v="town"/>
  <tag k="population" v="7068"/>
  <tag k="population:date" v="2025"/>
  <tag k="ref:ine" v="29080000501"/>
  <tag k="source" v="Instituto Geográfico Nacional"/>
  <tag k="source:date" v="2011-06"/>
  <tag k="source:ele" v="MDT5"/>
  <tag k="source:name" v="Nomenclátor Geográfico de Municipios y Entidades de Población"/>
  <tag k="wikidata" v="Q1657599"/>
  <tag k="wikipedia" v="es:Pizarra (Málaga)"/>
 </node>
 <node id="1596527661" visible="true" version="2" changeset="92640614" timestamp="2020-10-17T19:57:38Z" user="Begavil84" uid="1725439" lat="36.7606934" lon="-4.7099699"/>
 <node id="1596527665" visible="true" version="2" changeset="15201857" timestamp="2013-02-28T20:33:30Z" user="cloudbase" uid="576814" lat="36.7607581" lon="-4.7098688"/>
 <node id="1596527667" visible="true" version="2" changeset="15201857" timestamp="2013-02-28T20:33:30Z" user="cloudbase" uid="576814" lat="36.7608125" lon="-4.7097562"/>
 <node id="1596527669" visible="true" version="2" changeset="44183598" timestamp="2016-12-05T13:33:04Z" user="Parie" uid="246941" lat="36.7601175" lon="-4.7103644"/>
 <node id="1596527671" visible="true" version="1" changeset="10429863" timestamp="2012-01-18T18:13:16Z" user="flightsimjoe" uid="499052" lat="36.7602894" lon="-4.7103188"/>
 <node id="1596527673" visible="true" version="1" changeset="10429863" timestamp="2012-01-18T18:13:16Z" user="flightsimjoe" uid="499052" lat="36.7598897" lon="-4.7103617"/>
 <node id="1596527674" visible="true" version="2" changeset="15201857" timestamp="2013-02-28T20:33:30Z" user="cloudbase" uid="576814" lat="36.7595970" lon="-4.7102691"/>
 <node id="1596527696" visible="true" version="1" changeset="10429863" timestamp="2012-01-18T18:13:17Z" user="flightsimjoe" uid="499052" lat="36.7606160" lon="-4.7100774"/>
 <node id="1596527698" visible="true" version="1" changeset="10429863" timestamp="2012-01-18T18:13:17Z" user="flightsimjoe" uid="499052" lat="36.7605086" lon="-4.7101847"/>
 <node id="1596527708" visible="true" version="2" changeset="56624761" timestamp="2018-02-23T23:52:26Z" user="alan_gr" uid="5307206" lat="36.7596512" lon="-4.7102915"/>
 <node id="1596527709" visible="true" version="1" changeset="10429863" timestamp="2012-01-18T18:13:17Z" user="flightsimjoe" uid="499052" lat="36.7597479" lon="-4.7103296"/>
 <node id="1596534242" visible="true" version="2" changeset="41391211" timestamp="2016-08-11T15:18:33Z" user="rene78" uid="257555" lat="36.7608990" lon="-4.7013940"/>
 <node id="1596534277" visible="true" version="2" changeset="41391211" timestamp="2016-08-11T15:18:33Z" user="rene78" uid="257555" lat="36.7597160" lon="-4.6994070"/>
 <node id="1596534280" visible="true" version="2" changeset="163342782" timestamp="2025-03-07T20:30:41Z" user="Peri3" uid="14595185" lat="36.7628300" lon="-4.7014430"/>
 <node id="1596534282" visible="true" version="2" changeset="41391211" timestamp="2016-08-11T15:18:33Z" user="rene78" uid="257555" lat="36.7571520" lon="-4.6983490"/>
 <node id="1596534286" visible="true" version="2" changeset="41391211" timestamp="2016-08-11T15:18:33Z" user="rene78" uid="257555" lat="36.7569490" lon="-4.6975810"/>
 <node id="1596534302" visible="true" version="2" changeset="41391211" timestamp="2016-08-11T15:18:33Z" user="rene78" uid="257555" lat="36.7603910" lon="-4.7009060"/>
 <node id="1596534324" visible="true" version="2" changeset="41391211" timestamp="2016-08-11T15:18:33Z" user="rene78" uid="257555" lat="36.7615580" lon="-4.7015440"/>
 <node id="1596534329" visible="true" version="2" changeset="41391211" timestamp="2016-08-11T15:18:33Z" user="rene78" uid="257555" lat="36.7565540" lon="-4.6967200"/>
 <node id="1596534332" visible="true" version="2" changeset="41391211" timestamp="2016-08-11T15:18:33Z" user="rene78" uid="257555" lat="36.7600230" lon="-4.7002480"/>
 <node id="1596534341" visible="true" version="2" changeset="41391211" timestamp="2016-08-11T15:18:33Z" user="rene78" uid="257555" lat="36.7569700" lon="-4.6980450"/>
 <node id="1596534356" visible="true" version="2" changeset="41391211" timestamp="2016-08-11T15:18:33Z" user="rene78" uid="257555" lat="36.7565130" lon="-4.6971390"/>
 <node id="1596534357" visible="true" version="2" changeset="41391211" timestamp="2016-08-11T15:18:33Z" user="rene78" uid="257555" lat="36.7572870" lon="-4.6984360"/>
 <node id="1596534358" visible="true" version="2" changeset="41391211" timestamp="2016-08-11T15:18:33Z" user="rene78" uid="257555" lat="36.7606210" lon="-4.7012710"/>
 <node id="1596534363" visible="true" version="2" changeset="41391211" timestamp="2016-08-11T15:18:33Z" user="rene78" uid="257555" lat="36.7594070" lon="-4.6993900"/>
 <node id="1596534395" visible="true" version="2" changeset="41391211" timestamp="2016-08-11T15:18:33Z" user="rene78" uid="257555" lat="36.7565640" lon="-4.6972250"/>
 <node id="1596534398" visible="true" version="2" changeset="41391211" timestamp="2016-08-11T15:18:33Z" user="rene78" uid="257555" lat="36.7584800" lon="-4.6995710"/>
 <node id="1596534443" visible="true" version="2" changeset="41391211" timestamp="2016-08-11T15:18:33Z" user="rene78" uid="257555" lat="36.7582930" lon="-4.6994120"/>
 <node id="1596534445" visible="true" version="2" changeset="41391211" timestamp="2016-08-11T15:18:33Z" user="rene78" uid="257555" lat="36.7581120" lon="-4.6989650"/>
 <node id="1596534449" visible="true" version="2" changeset="41391211" timestamp="2016-08-11T15:18:33Z" user="rene78" uid="257555" lat="36.7611650" lon="-4.7013840"/>
 <node id="1596534453" visible="true" version="2" changeset="41391211" timestamp="2016-08-11T15:18:33Z" user="rene78" uid="257555" lat="36.7576020" lon="-4.6985910"/>
 <node id="1596534455" visible="true" version="2" changeset="41391211" timestamp="2016-08-11T15:18:33Z" user="rene78" uid="257555" lat="36.7570960" lon="-4.6982950"/>
 <node id="1596534456" visible="true" version="2" changeset="41391211" timestamp="2016-08-11T15:18:33Z" user="rene78" uid="257555" lat="36.7569660" lon="-4.6976530"/>
 <node id="1596534458" visible="true" version="2" changeset="41391211" timestamp="2016-08-11T15:18:33Z" user="rene78" uid="257555" lat="36.7589560" lon="-4.6995830"/>
 <node id="1596534461" visible="true" version="2" changeset="41391211" timestamp="2016-08-11T15:18:33Z" user="rene78" uid="257555" lat="36.7567950" lon="-4.6973880"/>
 <node id="1596534464" visible="true" version="2" changeset="41391211" timestamp="2016-08-11T15:18:33Z" user="rene78" uid="257555" lat="36.7604980" lon="-4.7011100"/>
 <node id="1596534468" visible="true" version="2" changeset="41391211" timestamp="2016-08-11T15:18:33Z" user="rene78" uid="257555" lat="36.7569570" lon="-4.6978830"/>
 <node id="1596534471" visible="true" version="2" changeset="41391211" timestamp="2016-08-11T15:18:33Z" user="rene78" uid="257555" lat="36.7613830" lon="-4.7014500"/>
 <node id="1596534491" visible="true" version="2" changeset="41391211" timestamp="2016-08-11T15:18:33Z" user="rene78" uid="257555" lat="36.7580160" lon="-4.6988400"/>
 <node id="1596534492" visible="true" version="2" changeset="41391211" timestamp="2016-08-11T15:18:33Z" user="rene78" uid="257555" lat="36.7602460" lon="-4.7005490"/>
 <node id="1596534502" visible="true" version="2" changeset="41391211" timestamp="2016-08-11T15:18:33Z" user="rene78" uid="257555" lat="36.7599580" lon="-4.7000760"/>
 <node id="1596534503" visible="true" version="2" changeset="41391211" timestamp="2016-08-11T15:18:33Z" user="rene78" uid="257555" lat="36.7587310" lon="-4.6996380"/>
 <node id="1596534510" visible="true" version="2" changeset="41391211" timestamp="2016-08-11T15:18:33Z" user="rene78" uid="257555" lat="36.7570220" lon="-4.6981850"/>
 <node id="1596545672" visible="true" version="1" changeset="10429863" timestamp="2012-01-18T18:28:28Z" user="flightsimjoe" uid="499052" lat="36.7649479" lon="-4.7055767"/>
 <node id="1596548816" visible="true" version="1" changeset="10429863" timestamp="2012-01-18T18:29:50Z" user="flightsimjoe" uid="499052" lat="36.7634911" lon="-4.7104476">
  <tag k="amenity" v="restaurant"/>
 </node>
 <node id="1600329916" visible="true" version="3" changeset="115402946" timestamp="2021-12-26T22:52:00Z" user="kapazao_import" uid="8770019" lat="36.7688411" lon="-4.7101779">
  <tag k="brand" v="Dia"/>
  <tag k="brand:wikidata" v="Q925132"/>
  <tag k="brand:wikipedia" v="es:DIA (supermercados)"/>
  <tag k="name" v="Dia"/>
  <tag k="shop" v="supermarket"/>
 </node>
 <node id="1600329921" visible="true" version="2" changeset="150564586" timestamp="2024-04-27T05:33:07Z" user="kräckel" uid="1092114" lat="36.7637025" lon="-4.7090727">
  <tag k="amenity" v="pharmacy"/>
  <tag k="healthcare" v="pharmacy"/>
 </node>
 <node id="1600330880" visible="true" version="4" changeset="114998175" timestamp="2021-12-16T09:36:07Z" user="kapazao_import" uid="8770019" lat="36.7695495" lon="-4.7098982">
  <tag k="brand" v="Spar"/>
  <tag k="brand:wikidata" v="Q610492"/>
  <tag k="brand:wikipedia" v="es:SPAR"/>
  <tag k="name" v="Spar"/>
  <tag k="shop" v="supermarket"/>
 </node>
 <node id="1625791696" visible="true" version="1" changeset="10637684" timestamp="2012-02-09T20:13:26Z" user="LatLng" uid="71251" lat="36.7636211" lon="-4.6984430"/>
 <node id="1625791705" visible="true" version="1" changeset="10637684" timestamp="2012-02-09T20:13:26Z" user="LatLng" uid="71251" lat="36.7636663" lon="-4.6987552"/>
 <node id="1625791706" visible="true" version="1" changeset="10637684" timestamp="2012-02-09T20:13:26Z" user="LatLng" uid="71251" lat="36.7637377" lon="-4.6987200"/>
 <node id="1625791707" visible="true" version="2" changeset="147148330" timestamp="2024-02-06T19:22:44Z" user="alan_gr" uid="5307206" lat="36.7638086" lon="-4.6984024"/>
 <node id="1625791708" visible="true" version="2" changeset="138942555" timestamp="2023-07-24T14:16:11Z" user="Robot8A" uid="393359" lat="36.7638939" lon="-4.7108404"/>
 <node id="1625791709" visible="true" version="2" changeset="138942555" timestamp="2023-07-24T14:16:11Z" user="Robot8A" uid="393359" lat="36.7639024" lon="-4.7107613"/>
 <node id="1625791710" visible="true" version="6" changeset="138942555" timestamp="2023-07-24T14:16:11Z" user="Robot8A" uid="393359" lat="36.7639580" lon="-4.7104033"/>
 <node id="1625791711" visible="true" version="6" changeset="138942555" timestamp="2023-07-24T14:16:11Z" user="Robot8A" uid="393359" lat="36.7639690" lon="-4.7103642"/>
 <node id="1625791712" visible="true" version="3" changeset="138942555" timestamp="2023-07-24T14:16:11Z" user="Robot8A" uid="393359" lat="36.7639640" lon="-4.7106514"/>
 <node id="1625791713" visible="true" version="5" changeset="138942555" timestamp="2023-07-24T14:16:11Z" user="Robot8A" uid="393359" lat="36.7639951" lon="-4.7105572"/>
 <node id="1625791714" visible="true" version="5" changeset="138942555" timestamp="2023-07-24T14:16:11Z" user="Robot8A" uid="393359" lat="36.7639874" lon="-4.7103298"/>
 <node id="1625791719" visible="true" version="1" changeset="10637684" timestamp="2012-02-09T20:13:27Z" user="LatLng" uid="71251" lat="36.7641706" lon="-4.6990875"/>
 <node id="1625791721" visible="true" version="5" changeset="138942555" timestamp="2023-07-24T14:16:11Z" user="Robot8A" uid="393359" lat="36.7641205" lon="-4.7105990"/>
 <node id="1625791723" visible="true" version="1" changeset="10637684" timestamp="2012-02-09T20:13:27Z" user="LatLng" uid="71251" lat="36.7641999" lon="-4.6988817"/>
 <node id="1625791725" visible="true" version="5" changeset="138942555" timestamp="2023-07-24T14:16:11Z" user="Robot8A" uid="393359" lat="36.7641635" lon="-4.7103023"/>
 <node id="1625791727" visible="true" version="5" changeset="138942555" timestamp="2023-07-24T14:16:11Z" user="Robot8A" uid="393359" lat="36.7641491" lon="-4.7105854"/>
 <node id="1625791729" visible="true" version="5" changeset="138942555" timestamp="2023-07-24T14:16:11Z" user="Robot8A" uid="393359" lat="36.7641826" lon="-4.7105542"/>
 <node id="1625791731" visible="true" version="5" changeset="138942555" timestamp="2023-07-24T14:16:11Z" user="Robot8A" uid="393359" lat="36.7641860" lon="-4.7103271"/>
 <node id="1625791732" visible="true" version="5" changeset="138942555" timestamp="2023-07-24T14:16:11Z" user="Robot8A" uid="393359" lat="36.7642059" lon="-4.7105138"/>
 <node id="1625791733" visible="true" version="5" changeset="138942555" timestamp="2023-07-24T14:16:11Z" user="Robot8A" uid="393359" lat="36.7642152" lon="-4.7103921"/>
 <node id="1625791734" visible="true" version="6" changeset="138942555" timestamp="2023-07-24T14:16:11Z" user="Robot8A" uid="393359" lat="36.7642185" lon="-4.7104664"/>
 <node id="1625791740" visible="true" version="1" changeset="10637684" timestamp="2012-02-09T20:13:28Z" user="LatLng" uid="71251" lat="36.7651227" lon="-4.6975538"/>
 <node id="1625791741" visible="true" version="1" changeset="10637684" timestamp="2012-02-09T20:13:28Z" user="LatLng" uid="71251" lat="36.7653674" lon="-4.6977995"/>
 <node id="1625791742" visible="true" version="1" changeset="10637684" timestamp="2012-02-09T20:13:28Z" user="LatLng" uid="71251" lat="36.7656440" lon="-4.6975173"/>
 <node id="1625791743" visible="true" version="2" changeset="15201857" timestamp="2013-02-28T20:46:49Z" user="cloudbase" uid="576814" lat="36.7680463" lon="-4.7069731"/>
 <node id="1625791744" visible="true" version="2" changeset="15201857" timestamp="2013-02-28T20:46:49Z" user="cloudbase" uid="576814" lat="36.7684650" lon="-4.7065253"/>
 <node id="1625791745" visible="true" version="2" changeset="15201857" timestamp="2013-02-28T20:46:49Z" user="cloudbase" uid="576814" lat="36.7686494" lon="-4.7064421"/>
 <node id="1625791746" visible="true" version="1" changeset="10637684" timestamp="2012-02-09T20:13:28Z" user="LatLng" uid="71251" lat="36.7688207" lon="-4.7064314"/>
 <node id="1625791748" visible="true" version="1" changeset="10637684" timestamp="2012-02-09T20:13:28Z" user="LatLng" uid="71251" lat="36.7688952" lon="-4.7061591"/>
 <node id="1625791750" visible="true" version="2" changeset="15201857" timestamp="2013-02-28T20:46:49Z" user="cloudbase" uid="576814" lat="36.7689783" lon="-4.7058227"/>
 <node id="1625791758" visible="true" version="1" changeset="10637684" timestamp="2012-02-09T20:13:28Z" user="LatLng" uid="71251" lat="36.7706290" lon="-4.7054354"/>
 <node id="1625791760" visible="true" version="1" changeset="10637684" timestamp="2012-02-09T20:13:28Z" user="LatLng" uid="71251" lat="36.7708258" lon="-4.7052695"/>
 <node id="1625791762" visible="true" version="2" changeset="189613725" timestamp="2026-09-27T05:47:17Z" user="horstsun" uid="685410" lat="36.7714039" lon="-4.7054470"/>
 <node id="1625791764" visible="true" version="1" changeset="10637684" timestamp="2012-02-09T20:13:29Z" user="LatLng" uid="71251" lat="36.7715385" lon="-4.7054222"/>
 <node id="1625791766" visible="true" version="2" changeset="189613725" timestamp="2026-09-27T05:47:17Z" user="horstsun" uid="685410" lat="36.7718653" lon="-4.7052193"/>
 <node id="1625791767" visible="true" version="1" changeset="10637684" timestamp="2012-02-09T20:13:29Z" user="LatLng" uid="71251" lat="36.7720863" lon="-4.7053558"/>
 <node id="1625791768" visible="true" version="2" changeset="189613725" timestamp="2026-09-27T05:47:17Z" user="horstsun" uid="685410" lat="36.7724871" lon="-4.7056611"/>
 <node id="1625791769" visible="true" version="1" changeset="10637684" timestamp="2012-02-09T20:13:29Z" user="LatLng" uid="71251" lat="36.7726926" lon="-4.7059600"/>
 <node id="1625791770" visible="true" version="2" changeset="189613725" timestamp="2026-09-27T05:47:17Z" user="horstsun" uid="685410" lat="36.7729525" lon="-4.7060924"/>
 <node id="1625791771" visible="true" version="2" changeset="189613725" timestamp="2026-09-27T05:47:17Z" user="horstsun" uid="685410" lat="36.7731277" lon="-4.7065003"/>
 <node id="1625791778" visible="true" version="1" changeset="10637684" timestamp="2012-02-09T20:13:30Z" user="LatLng" uid="71251" lat="36.7732510" lon="-4.7066106"/>
 <node id="1625791782" visible="true" version="2" changeset="189613725" timestamp="2026-09-27T05:47:17Z" user="horstsun" uid="685410" lat="36.7733827" lon="-4.7066230"/>
 <node id="1625791797" visible="true" version="1" changeset="10637684" timestamp="2012-02-09T20:13:30Z" user="LatLng" uid="71251" lat="36.7736286" lon="-4.7066903"/>
 <node id="1910201748" visible="true" version="2" changeset="16118318" timestamp="2013-05-13T22:52:55Z" user="andi9876" uid="1256497" lat="36.8307316" lon="-4.6966972"/>
 <node id="2178823674" visible="true" version="2" changeset="163752304" timestamp="2025-03-17T22:15:59Z" user="kapazao" uid="7543375" lat="36.7710384" lon="-4.7087514"/>
 <node id="2178823678" visible="true" version="3" changeset="186641077" timestamp="2026-07-30T12:17:54Z" user="Palary" uid="20415443" lat="36.7711175" lon="-4.7091009"/>
 <node id="2178823688" visible="true" version="4" changeset="182778259" timestamp="2026-05-17T11:05:33Z" user="km2bp" uid="3610826" lat="36.7706029" lon="-4.7098835"/>
 <node id="2178823692" visible="true" version="3" changeset="186641077" timestamp="2026-07-30T12:17:54Z" user="Palary" uid="20415443" lat="36.7708495" lon="-4.7091012"/>
 <node id="2178823695" visible="true" version="4" changeset="182778259" timestamp="2026-05-17T11:05:33Z" user="km2bp" uid="3610826" lat="36.7705017" lon="-4.7098816"/>
 <node id="2178823698" visible="true" version="4" changeset="182778259" timestamp="2026-05-17T11:05:33Z" user="km2bp" uid="3610826" lat="36.7704504" lon="-4.7101506"/>
 <node id="2178823701" visible="true" version="4" changeset="182778259" timestamp="2026-05-17T11:05:33Z" user="km2bp" uid="3610826" lat="36.7704207" lon="-4.7100828"/>
 <node id="2178823704" visible="true" version="3" changeset="186641077" timestamp="2026-07-30T12:17:54Z" user="Palary" uid="20415443" lat="36.7708776" lon="-4.7089604"/>
 <node id="2178823706" visible="true" version="4" changeset="182778259" timestamp="2026-05-17T11:05:33Z" user="km2bp" uid="3610826" lat="36.7704324" lon="-4.7101188"/>
 <node id="2178823709" visible="true" version="3" changeset="186641077" timestamp="2026-07-30T12:17:54Z" user="Palary" uid="20415443" lat="36.7708805" lon="-4.7091801"/>
 <node id="2178823712" visible="true" version="3" changeset="186641077" timestamp="2026-07-30T12:17:54Z" user="Palary" uid="20415443" lat="36.7708594" lon="-4.7089968"/>
 <node id="2178823715" visible="true" version="3" changeset="163752304" timestamp="2025-03-17T22:15:59Z" user="kapazao" uid="7543375" lat="36.7713823" lon="-4.7092119"/>
 <node id="2178823718" visible="true" version="4" changeset="182778259" timestamp="2026-05-17T11:05:33Z" user="km2bp" uid="3610826" lat="36.7705741" lon="-4.7102036"/>
 <node id="2178823721" visible="true" version="3" changeset="186641077" timestamp="2026-07-30T12:17:54Z" user="Palary" uid="20415443" lat="36.7709406" lon="-4.7089061"/>
 <node id="2178823724" visible="true" version="3" changeset="186641077" timestamp="2026-07-30T12:17:54Z" user="Palary" uid="20415443" lat="36.7710238" lon="-4.7089051"/>
 <node id="2178823726" visible="true" version="4" changeset="182778259" timestamp="2026-05-17T11:05:33Z" user="km2bp" uid="3610826" lat="36.7706773" lon="-4.7099820"/>
 <node id="2178823728" visible="true" version="3" changeset="186641077" timestamp="2026-07-30T12:17:54Z" user="Palary" uid="20415443" lat="36.7708478" lon="-4.7090480"/>
 <node id="2178823730" visible="true" version="3" changeset="163752304" timestamp="2025-03-17T22:15:59Z" user="kapazao" uid="7543375" lat="36.7712981" lon="-4.7093860">
  <tag k="direction" v="forward"/>
  <tag k="highway" v="stop"/>
 </node>
 <node id="2178823732" visible="true" version="4" changeset="182778259" timestamp="2026-05-17T11:05:33Z" user="km2bp" uid="3610826" lat="36.7706630" lon="-4.7099461"/>
 <node id="2178823733" visible="true" version="3" changeset="186641077" timestamp="2026-07-30T12:17:54Z" user="Palary" uid="20415443" lat="36.7709861" lon="-4.7088975"/>
 <node id="2178823735" visible="true" version="3" changeset="186641077" timestamp="2026-07-30T12:17:54Z" user="Palary" uid="20415443" lat="36.7710816" lon="-4.7089493"/>
 <node id="2178823737" visible="true" version="4" changeset="182778259" timestamp="2026-05-17T11:05:33Z" user="km2bp" uid="3610826" lat="36.7705352" lon="-4.7098713"/>
 <node id="2178823739" visible="true" version="4" changeset="182778259" timestamp="2026-05-17T11:05:33Z" user="km2bp" uid="3610826" lat="36.7706074" lon="-4.7101905"/>
 <node id="2178823742" visible="true" version="4" changeset="182778259" timestamp="2026-05-17T11:05:33Z" user="km2bp" uid="3610826" lat="36.7704738" lon="-4.7101763"/>
 <node id="2178823744" visible="true" version="4" changeset="182778259" timestamp="2026-05-17T11:05:33Z" user="km2bp" uid="3610826" lat="36.7704281" lon="-4.7099684"/>
 <node id="2178823746" visible="true" version="4" changeset="182778259" timestamp="2026-05-17T11:05:33Z" user="km2bp" uid="3610826" lat="36.7706369" lon="-4.7101670"/>
 <node id="2178823749" visible="true" version="3" changeset="186641077" timestamp="2026-07-30T12:17:54Z" user="Palary" uid="20415443" lat="36.7709558" lon="-4.7092350"/>
 <node id="2178823752" visible="true" version="3" changeset="186641077" timestamp="2026-07-30T12:17:54Z" user="Palary" uid="20415443" lat="36.7710779" lon="-4.7091912"/>
 <node id="2178823755" visible="true" version="3" changeset="186641077" timestamp="2026-07-30T12:17:54Z" user="Palary" uid="20415443" lat="36.7709146" lon="-4.7092153"/>
 <node id="2178823757" visible="true" version="4" changeset="182778259" timestamp="2026-05-17T11:05:33Z" user="km2bp" uid="3610826" lat="36.7704714" lon="-4.7099023"/>
 <node id="2178823760" visible="true" version="1" changeset="15201569" timestamp="2013-02-28T20:11:21Z" user="cloudbase" uid="576814" lat="36.7711362" lon="-4.7080547"/>
 <node id="2178823763" visible="true" version="3" changeset="186641077" timestamp="2026-07-30T12:17:54Z" user="Palary" uid="20415443" lat="36.7708642" lon="-4.7091511"/>
 <node id="2178823766" visible="true" version="3" changeset="163752304" timestamp="2025-03-17T22:15:59Z" user="kapazao" uid="7543375" lat="36.7713225" lon="-4.7092792"/>
 <node id="2178823768" visible="true" version="4" changeset="182778259" timestamp="2026-05-17T11:05:33Z" user="km2bp" uid="3610826" lat="36.7706606" lon="-4.7101348"/>
 <node id="2178823771" visible="true" version="4" changeset="182778259" timestamp="2026-05-17T11:05:33Z" user="km2bp" uid="3610826" lat="36.7704463" lon="-4.7099318"/>
 <node id="2178823774" visible="true" version="4" changeset="182778259" timestamp="2026-05-17T11:05:33Z" user="km2bp" uid="3610826" lat="36.7706843" lon="-4.7100209"/>
 <node id="2178823777" visible="true" version="3" changeset="186641077" timestamp="2026-07-30T12:17:54Z" user="Palary" uid="20415443" lat="36.7711190" lon="-4.7090464"/>
 <node id="2178823780" visible="true" version="3" changeset="186641077" timestamp="2026-07-30T12:17:54Z" user="Palary" uid="20415443" lat="36.7711068" lon="-4.7091413"/>
 <node id="2178823783" visible="true" version="3" changeset="186641077" timestamp="2026-07-30T12:17:54Z" user="Palary" uid="20415443" lat="36.7710367" lon="-4.7092251"/>
 <node id="2178823786" visible="true" version="4" changeset="182778259" timestamp="2026-05-17T11:05:33Z" user="km2bp" uid="3610826" lat="36.7705391" lon="-4.7102056"/>
 <node id="2178850412" visible="true" version="2" changeset="92640614" timestamp="2020-10-17T19:57:38Z" user="Begavil84" uid="1725439" lat="36.7613582" lon="-4.7056239"/>
 <node id="2178850436" visible="true" version="1" changeset="15201857" timestamp="2013-02-28T20:33:28Z" user="cloudbase" uid="576814" lat="36.7605605" lon="-4.7095137"/>
 <node id="2178863631" visible="true" version="1" changeset="15201857" timestamp="2013-02-28T20:46:47Z" user="cloudbase" uid="576814" lat="36.7631305" lon="-4.7057589"/>
 <node id="2178863632" visible="true" version="1" changeset="15201857" timestamp="2013-02-28T20:46:48Z" user="cloudbase" uid="576814" lat="36.7701588" lon="-4.7062038"/>
 <node id="2178863634" visible="true" version="1" changeset="15201857" timestamp="2013-02-28T20:46:48Z" user="cloudbase" uid="576814" lat="36.7629371" lon="-4.7075077"/>
 <node id="2178863635" visible="true" version="1" changeset="15201857" timestamp="2013-02-28T20:46:48Z" user="cloudbase" uid="576814" lat="36.7635353" lon="-4.7049565"/>
 <node id="2178863636" visible="true" version="1" changeset="15201857" timestamp="2013-02-28T20:46:48Z" user="cloudbase" uid="576814" lat="36.7640185" lon="-4.7053693"/>
 <node id="2178863637" visible="true" version="1" changeset="15201857" timestamp="2013-02-28T20:46:48Z" user="cloudbase" uid="576814" lat="36.7632508" lon="-4.7066869"/>
 <node id="2178863638" visible="true" version="1" changeset="15201857" timestamp="2013-02-28T20:46:48Z" user="cloudbase" uid="576814" lat="36.7631520" lon="-4.7071858"/>
 <node id="2178863639" visible="true" version="1" changeset="15201857" timestamp="2013-02-28T20:46:48Z" user="cloudbase" uid="576814" lat="36.7700599" lon="-4.7065954"/>
 <node id="2178863640" visible="true" version="1" changeset="15201857" timestamp="2013-02-28T20:46:48Z" user="cloudbase" uid="576814" lat="36.7615382" lon="-4.7078078"/>
 <node id="2178863641" visible="true" version="2" changeset="19987333" timestamp="2014-01-14T09:57:40Z" user="Leonardo Velasco" uid="241061" lat="36.7689923" lon="-4.7057010"/>
 <node id="2178863642" visible="true" version="1" changeset="15201857" timestamp="2013-02-28T20:46:48Z" user="cloudbase" uid="576814" lat="36.7631541" lon="-4.7059195"/>
 <node id="2178863643" visible="true" version="1" changeset="15201857" timestamp="2013-02-28T20:46:48Z" user="cloudbase" uid="576814" lat="36.7698212" lon="-4.7075398"/>
 <node id="2178863644" visible="true" version="1" changeset="15201857" timestamp="2013-02-28T20:46:48Z" user="cloudbase" uid="576814" lat="36.7685879" lon="-4.7056623"/>
 <node id="2178863645" visible="true" version="1" changeset="15201857" timestamp="2013-02-28T20:46:48Z" user="cloudbase" uid="576814" lat="36.7625396" lon="-4.7077005"/>
 <node id="2178863646" visible="true" version="1" changeset="15201857" timestamp="2013-02-28T20:46:48Z" user="cloudbase" uid="576814" lat="36.7703584" lon="-4.7054745"/>
 <node id="2178863647" visible="true" version="1" changeset="15201857" timestamp="2013-02-28T20:46:48Z" user="cloudbase" uid="576814" lat="36.7610032" lon="-4.7091974"/>
 <node id="2178863648" visible="true" version="2" changeset="95902454" timestamp="2020-12-15T22:02:48Z" user="itrivi" uid="2021536" lat="36.7705004" lon="-4.7054689">
  <tag k="highway" v="trailhead"/>
  <tag k="name" v="SL-A 213 El Santo"/>
 </node>
 <node id="2178863649" visible="true" version="1" changeset="15201857" timestamp="2013-02-28T20:46:48Z" user="cloudbase" uid="576814" lat="36.7637071" lon="-4.7028441"/>
 <node id="2178863650" visible="true" version="1" changeset="15201857" timestamp="2013-02-28T20:46:48Z" user="cloudbase" uid="576814" lat="36.7614244" lon="-4.7080280"/>
 <node id="2178863651" visible="true" version="1" changeset="15201857" timestamp="2013-02-28T20:46:48Z" user="cloudbase" uid="576814" lat="36.7631153" lon="-4.7053939"/>
 <node id="2178863652" visible="true" version="1" changeset="15201857" timestamp="2013-02-28T20:46:48Z" user="cloudbase" uid="576814" lat="36.7699501" lon="-4.7070356"/>
 <node id="2178863653" visible="true" version="1" changeset="15201857" timestamp="2013-02-28T20:46:48Z" user="cloudbase" uid="576814" lat="36.7637509" lon="-4.7054643"/>
 <node id="2178863654" visible="true" version="1" changeset="15201857" timestamp="2013-02-28T20:46:48Z" user="cloudbase" uid="576814" lat="36.7702638" lon="-4.7058018"/>
 <node id="2178863655" visible="true" version="1" changeset="15201857" timestamp="2013-02-28T20:46:48Z" user="cloudbase" uid="576814" lat="36.7635859" lon="-4.7055200"/>
 <node id="2178863656" visible="true" version="1" changeset="15201857" timestamp="2013-02-28T20:46:48Z" user="cloudbase" uid="576814" lat="36.7696689" lon="-4.7052972"/>
 <node id="2178863657" visible="true" version="1" changeset="15201857" timestamp="2013-02-28T20:46:48Z" user="cloudbase" uid="576814" lat="36.7692626" lon="-4.7054745"/>
 <node id="2246175566" visible="true" version="1" changeset="15592079" timestamp="2013-04-03T09:49:05Z" user="marczoutendijk" uid="606555" lat="36.7645704" lon="-4.7025994"/>
 <node id="2246175568" visible="true" version="1" changeset="15592079" timestamp="2013-04-03T09:49:05Z" user="marczoutendijk" uid="606555" lat="36.7676146" lon="-4.7104572"/>
 <node id="2246175569" visible="true" version="1" changeset="15592079" timestamp="2013-04-03T09:49:05Z" user="marczoutendijk" uid="606555" lat="36.7602488" lon="-4.7107576"/>
 <node id="2246175579" visible="true" version="2" changeset="48114802" timestamp="2017-04-25T08:14:24Z" user="Samuel_MTB" uid="5728880" lat="36.7582051" lon="-4.7061379"/>
 <node id="2246175580" visible="true" version="1" changeset="15592079" timestamp="2013-04-03T09:49:06Z" user="marczoutendijk" uid="606555" lat="36.7612974" lon="-4.7116588"/>
 <node id="2246175581" visible="true" version="2" changeset="44184115" timestamp="2016-12-05T13:56:19Z" user="Parie" uid="246941" lat="36.7627182" lon="-4.7126255"/>
 <node id="2246175582" visible="true" version="1" changeset="15592079" timestamp="2013-04-03T09:49:06Z" user="marczoutendijk" uid="606555" lat="36.7612183" lon="-4.7052816"/>
 <node id="2246175584" visible="true" version="1" changeset="15592079" timestamp="2013-04-03T09:49:06Z" user="marczoutendijk" uid="606555" lat="36.7673035" lon="-4.7115687"/>
 <node id="2246175585" visible="true" version="2" changeset="19969667" timestamp="2014-01-13T11:13:31Z" user="Leonardo Velasco" uid="241061" lat="36.7683705" lon="-4.7052768"/>
 <node id="2246175587" visible="true" version="1" changeset="15592079" timestamp="2013-04-03T09:49:06Z" user="marczoutendijk" uid="606555" lat="36.7719376" lon="-4.7066592"/>
 <node id="2246175588" visible="true" version="1" changeset="15592079" timestamp="2013-04-03T09:49:06Z" user="marczoutendijk" uid="606555" lat="36.7657737" lon="-4.7053245"/>
 <node id="2246175589" visible="true" version="2" changeset="21207586" timestamp="2014-03-20T10:34:55Z" user="cdavila" uid="26599" lat="36.7715522" lon="-4.7106683"/>
 <node id="2246175591" visible="true" version="1" changeset="15592079" timestamp="2013-04-03T09:49:06Z" user="marczoutendijk" uid="606555" lat="36.7615277" lon="-4.7048310"/>
 <node id="2246175593" visible="true" version="1" changeset="15592079" timestamp="2013-04-03T09:49:06Z" user="marczoutendijk" uid="606555" lat="36.7688505" lon="-4.7052172"/>
 <node id="2246175594" visible="true" version="1" changeset="15592079" timestamp="2013-04-03T09:49:06Z" user="marczoutendijk" uid="606555" lat="36.7626451" lon="-4.7045091"/>
 <node id="2246175595" visible="true" version="1" changeset="15592079" timestamp="2013-04-03T09:49:06Z" user="marczoutendijk" uid="606555" lat="36.7659971" lon="-4.7041443"/>
 <node id="2246175596" visible="true" version="1" changeset="15592079" timestamp="2013-04-03T09:49:06Z" user="marczoutendijk" uid="606555" lat="36.7687727" lon="-4.7114936"/>
 <node id="2246175597" visible="true" version="3" changeset="92640614" timestamp="2020-10-17T19:57:38Z" user="Begavil84" uid="1725439" lat="36.7583150" lon="-4.7074067"/>
 <node id="2246175598" visible="true" version="1" changeset="15592079" timestamp="2013-04-03T09:49:06Z" user="marczoutendijk" uid="606555" lat="36.7653783" lon="-4.7056249"/>
 <node id="2246175600" visible="true" version="2" changeset="21207586" timestamp="2014-03-20T10:34:55Z" user="cdavila" uid="26599" lat="36.7699507" lon="-4.7095037"/>
 <node id="2246175602" visible="true" version="1" changeset="15592079" timestamp="2013-04-03T09:49:06Z" user="marczoutendijk" uid="606555" lat="36.7625248" lon="-4.7038868"/>
 <node id="2246175603" visible="true" version="1" changeset="15592079" timestamp="2013-04-03T09:49:06Z" user="marczoutendijk" uid="606555" lat="36.7672519" lon="-4.7103241"/>
 <node id="2246175605" visible="true" version="1" changeset="15592079" timestamp="2013-04-03T09:49:06Z" user="marczoutendijk" uid="606555" lat="36.7633499" lon="-4.7027710"/>
 <node id="2246175608" visible="true" version="1" changeset="15592079" timestamp="2013-04-03T09:49:06Z" user="marczoutendijk" uid="606555" lat="36.7694865" lon="-4.7049383"/>
 <node id="2246175609" visible="true" version="1" changeset="15592079" timestamp="2013-04-03T09:49:06Z" user="marczoutendijk" uid="606555" lat="36.7692282" lon="-4.7119657"/>
 <node id="2246175612" visible="true" version="2" changeset="21207586" timestamp="2014-03-20T10:34:55Z" user="cdavila" uid="26599" lat="36.7708338" lon="-4.7089136"/>
 <node id="2246175613" visible="true" version="1" changeset="15592079" timestamp="2013-04-03T09:49:06Z" user="marczoutendijk" uid="606555" lat="36.7707688" lon="-4.7049640"/>
 <node id="2246175614" visible="true" version="1" changeset="15592079" timestamp="2013-04-03T09:49:06Z" user="marczoutendijk" uid="606555" lat="36.7608676" lon="-4.7099422"/>
 <node id="2246175616" visible="true" version="1" changeset="15592079" timestamp="2013-04-03T09:49:06Z" user="marczoutendijk" uid="606555" lat="36.7594305" lon="-4.7105602"/>
 <node id="2246175617" visible="true" version="1" changeset="15592079" timestamp="2013-04-03T09:49:06Z" user="marczoutendijk" uid="606555" lat="36.7672691" lon="-4.7044233"/>
 <node id="2246175618" visible="true" version="2" changeset="19969667" timestamp="2014-01-13T11:13:31Z" user="Leonardo Velasco" uid="241061" lat="36.7680697" lon="-4.7051802"/>
 <node id="2246175619" visible="true" version="1" changeset="15592079" timestamp="2013-04-03T09:49:06Z" user="marczoutendijk" uid="606555" lat="36.7588288" lon="-4.7094229"/>
 <node id="2246175620" visible="true" version="1" changeset="15592079" timestamp="2013-04-03T09:49:06Z" user="marczoutendijk" uid="606555" lat="36.7587085" lon="-4.7047881"/>
 <node id="2246175621" visible="true" version="1" changeset="15592079" timestamp="2013-04-03T09:49:06Z" user="marczoutendijk" uid="606555" lat="36.7718237" lon="-4.7142831"/>
 <node id="2246175622" visible="true" version="1" changeset="15592079" timestamp="2013-04-03T09:49:07Z" user="marczoutendijk" uid="606555" lat="36.7706725" lon="-4.7061184"/>
 <node id="2246175624" visible="true" version="2" changeset="144875325" timestamp="2023-12-07T17:53:31Z" user="andi9876" uid="1256497" lat="36.7723328" lon="-4.7133219"/>
 <node id="2246175625" visible="true" version="1" changeset="15592079" timestamp="2013-04-03T09:49:07Z" user="marczoutendijk" uid="606555" lat="36.7678016" lon="-4.7110644"/>
 <node id="2297984498" visible="true" version="2" changeset="39513525" timestamp="2016-05-23T16:46:20Z" user="dpawlyk" uid="1719931" lat="36.8184072" lon="-4.7018878"/>
 <node id="2297984499" visible="true" version="2" changeset="39593614" timestamp="2016-05-27T01:19:14Z" user="dpawlyk" uid="1719931" lat="36.8181446" lon="-4.6980409"/>
 <node id="2299680106" visible="true" version="1" changeset="16080853" timestamp="2013-05-11T14:35:16Z" user="cloudbase" uid="576814" lat="36.7627936" lon="-4.7119943"/>
 <node id="2299680107" visible="true" version="2" changeset="138942555" timestamp="2023-07-24T14:16:11Z" user="Robot8A" uid="393359" lat="36.7640421" lon="-4.7115400"/>
 <node id="2303118853" visible="true" version="1" changeset="16118318" timestamp="2013-05-13T22:52:55Z" user="andi9876" uid="1256497" lat="36.8327681" lon="-4.6975593"/>
 <node id="2303118854" visible="true" version="1" changeset="16118318" timestamp="2013-05-13T22:52:55Z" user="andi9876" uid="1256497" lat="36.8343459" lon="-4.6973972"/>
 <node id="2506185665" visible="true" version="3" changeset="19969852" timestamp="2014-01-13T11:24:05Z" user="Leonardo Velasco" uid="241061" lat="36.7616099" lon="-4.7056006"/>
 <node id="2506185666" visible="true" version="1" changeset="18506643" timestamp="2013-10-23T17:18:02Z" user="marczoutendijk" uid="606555" lat="36.7620406" lon="-4.7066706"/>
 <node id="2506185667" visible="true" version="1" changeset="18506643" timestamp="2013-10-23T17:18:02Z" user="marczoutendijk" uid="606555" lat="36.7623682" lon="-4.7066041"/>
 <node id="2506185668" visible="true" version="2" changeset="92640614" timestamp="2020-10-17T19:57:38Z" user="Begavil84" uid="1725439" lat="36.7624208" lon="-4.7065571"/>
 <node id="2506185669" visible="true" version="2" changeset="92640614" timestamp="2020-10-17T19:57:38Z" user="Begavil84" uid="1725439" lat="36.7624536" lon="-4.7064972"/>
 <node id="2506185670" visible="true" version="1" changeset="18506643" timestamp="2013-10-23T17:18:02Z" user="marczoutendijk" uid="606555" lat="36.7626501" lon="-4.7059669"/>
 <node id="2506185671" visible="true" version="1" changeset="18506643" timestamp="2013-10-23T17:18:02Z" user="marczoutendijk" uid="606555" lat="36.7627034" lon="-4.7058338"/>
 <node id="2506185673" visible="true" version="1" changeset="18506643" timestamp="2013-10-23T17:18:03Z" user="marczoutendijk" uid="606555" lat="36.7611187" lon="-4.7079449"/>
 <node id="2506185679" visible="true" version="1" changeset="18506643" timestamp="2013-10-23T17:18:03Z" user="marczoutendijk" uid="606555" lat="36.7610947" lon="-4.7071307"/>
 <node id="2506185680" visible="true" version="1" changeset="18506643" timestamp="2013-10-23T17:18:03Z" user="marczoutendijk" uid="606555" lat="36.7622310" lon="-4.7069749"/>
 <node id="2506185681" visible="true" version="1" changeset="18506643" timestamp="2013-10-23T17:18:03Z" user="marczoutendijk" uid="606555" lat="36.7625129" lon="-4.7069274"/>
 <node id="2506185682" visible="true" version="1" changeset="18506643" timestamp="2013-10-23T17:18:03Z" user="marczoutendijk" uid="606555" lat="36.7625891" lon="-4.7068798"/>
 <node id="2506185683" visible="true" version="2" changeset="92640614" timestamp="2020-10-17T19:57:38Z" user="Begavil84" uid="1725439" lat="36.7626424" lon="-4.7067914"/>
 <node id="2506185684" visible="true" version="2" changeset="92640614" timestamp="2020-10-17T19:57:38Z" user="Begavil84" uid="1725439" lat="36.7627645" lon="-4.7064581"/>
 <node id="2506185685" visible="true" version="1" changeset="18506643" timestamp="2013-10-23T17:18:03Z" user="marczoutendijk" uid="606555" lat="36.7628405" lon="-4.7062427"/>
 <node id="2506185686" visible="true" version="1" changeset="18506643" timestamp="2013-10-23T17:18:03Z" user="marczoutendijk" uid="606555" lat="36.7629243" lon="-4.7060715"/>
 <node id="2506185687" visible="true" version="2" changeset="92640614" timestamp="2020-10-17T19:57:38Z" user="Begavil84" uid="1725439" lat="36.7630194" lon="-4.7059645"/>
 <node id="2506185688" visible="true" version="1" changeset="18506643" timestamp="2013-10-23T17:18:03Z" user="marczoutendijk" uid="606555" lat="36.7612325" lon="-4.7067474"/>
 <node id="2506185690" visible="true" version="1" changeset="18506643" timestamp="2013-10-23T17:18:03Z" user="marczoutendijk" uid="606555" lat="36.7636983" lon="-4.7059626"/>
 <node id="2506185691" visible="true" version="1" changeset="18506643" timestamp="2013-10-23T17:18:03Z" user="marczoutendijk" uid="606555" lat="36.7638267" lon="-4.7064114"/>
 <node id="2506185692" visible="true" version="1" changeset="18506643" timestamp="2013-10-23T17:18:03Z" user="marczoutendijk" uid="606555" lat="36.7645028" lon="-4.7066037"/>
 <node id="2506185693" visible="true" version="1" changeset="18506643" timestamp="2013-10-23T17:18:03Z" user="marczoutendijk" uid="606555" lat="36.7649051" lon="-4.7066892"/>
 <node id="2506193367" visible="true" version="1" changeset="18506792" timestamp="2013-10-23T17:26:48Z" user="marczoutendijk" uid="606555" lat="36.7664971" lon="-4.7076080"/>
 <node id="2506193368" visible="true" version="1" changeset="18506792" timestamp="2013-10-23T17:26:48Z" user="marczoutendijk" uid="606555" lat="36.7664714" lon="-4.7089649"/>
 <node id="2506193369" visible="true" version="1" changeset="18506792" timestamp="2013-10-23T17:26:48Z" user="marczoutendijk" uid="606555" lat="36.7660281" lon="-4.7085238"/>
 <node id="2506193370" visible="true" version="1" changeset="18506792" timestamp="2013-10-23T17:26:48Z" user="marczoutendijk" uid="606555" lat="36.7659829" lon="-4.7084782"/>
 <node id="2506193371" visible="true" version="1" changeset="18506792" timestamp="2013-10-23T17:26:48Z" user="marczoutendijk" uid="606555" lat="36.7659163" lon="-4.7084272"/>
 <node id="2506193372" visible="true" version="1" changeset="18506792" timestamp="2013-10-23T17:26:48Z" user="marczoutendijk" uid="606555" lat="36.7658476" lon="-4.7084299"/>
 <node id="2506193373" visible="true" version="1" changeset="18506792" timestamp="2013-10-23T17:26:48Z" user="marczoutendijk" uid="606555" lat="36.7657810" lon="-4.7084299"/>
 <node id="2506193374" visible="true" version="1" changeset="18506792" timestamp="2013-10-23T17:26:48Z" user="marczoutendijk" uid="606555" lat="36.7655274" lon="-4.7084353"/>
 <node id="2506193375" visible="true" version="1" changeset="18506792" timestamp="2013-10-23T17:26:48Z" user="marczoutendijk" uid="606555" lat="36.7653383" lon="-4.7084245"/>
 <node id="2506193376" visible="true" version="3" changeset="163342782" timestamp="2025-03-07T20:30:41Z" user="Peri3" uid="14595185" lat="36.7646483" lon="-4.7082408"/>
 <node id="2506193377" visible="true" version="2" changeset="163342782" timestamp="2025-03-07T20:30:41Z" user="Peri3" uid="14595185" lat="36.7640635" lon="-4.7079252"/>
 <node id="2506193378" visible="true" version="1" changeset="18506792" timestamp="2013-10-23T17:26:48Z" user="marczoutendijk" uid="606555" lat="36.7635162" lon="-4.7074455"/>
 <node id="2506193379" visible="true" version="1" changeset="18506792" timestamp="2013-10-23T17:26:49Z" user="marczoutendijk" uid="606555" lat="36.7633293" lon="-4.7073061"/>
 <node id="2506193380" visible="true" version="1" changeset="18506792" timestamp="2013-10-23T17:26:49Z" user="marczoutendijk" uid="606555" lat="36.7636365" lon="-4.7071290"/>
 <node id="2506193381" visible="true" version="1" changeset="18506792" timestamp="2013-10-23T17:26:49Z" user="marczoutendijk" uid="606555" lat="36.7635334" lon="-4.7070325"/>
 <node id="2506193382" visible="true" version="1" changeset="18506792" timestamp="2013-10-23T17:26:49Z" user="marczoutendijk" uid="606555" lat="36.7636350" lon="-4.7063732"/>
 <node id="2506193383" visible="true" version="1" changeset="18506792" timestamp="2013-10-23T17:26:49Z" user="marczoutendijk" uid="606555" lat="36.7637328" lon="-4.7054704"/>
 <node id="2506193384" visible="true" version="1" changeset="18506792" timestamp="2013-10-23T17:26:49Z" user="marczoutendijk" uid="606555" lat="36.7647685" lon="-4.7079070"/>
 <node id="2506193385" visible="true" version="2" changeset="163342782" timestamp="2025-03-07T20:30:41Z" user="Peri3" uid="14595185" lat="36.7642133" lon="-4.7075886"/>
 <node id="2506193386" visible="true" version="1" changeset="18506792" timestamp="2013-10-23T17:26:49Z" user="marczoutendijk" uid="606555" lat="36.7640684" lon="-4.7074536"/>
 <node id="2506193387" visible="true" version="1" changeset="18506792" timestamp="2013-10-23T17:26:49Z" user="marczoutendijk" uid="606555" lat="36.7643743" lon="-4.7076876"/>
 <node id="2506193388" visible="true" version="1" changeset="18506792" timestamp="2013-10-23T17:26:49Z" user="marczoutendijk" uid="606555" lat="36.7645310" lon="-4.7066097"/>
 <node id="2506193389" visible="true" version="1" changeset="18506792" timestamp="2013-10-23T17:26:49Z" user="marczoutendijk" uid="606555" lat="36.7645971" lon="-4.7061334"/>
 <node id="2506193390" visible="true" version="1" changeset="18506792" timestamp="2013-10-23T17:26:49Z" user="marczoutendijk" uid="606555" lat="36.7642009" lon="-4.7065178"/>
 <node id="2506193391" visible="true" version="1" changeset="18506792" timestamp="2013-10-23T17:26:49Z" user="marczoutendijk" uid="606555" lat="36.7642609" lon="-4.7060669"/>
 <node id="2506193392" visible="true" version="1" changeset="18506792" timestamp="2013-10-23T17:26:49Z" user="marczoutendijk" uid="606555" lat="36.7638042" lon="-4.7072550"/>
 <node id="2506193393" visible="true" version="1" changeset="18506792" timestamp="2013-10-23T17:26:49Z" user="marczoutendijk" uid="606555" lat="36.7639239" lon="-4.7064390"/>
 <node id="2506193394" visible="true" version="1" changeset="18506792" timestamp="2013-10-23T17:26:49Z" user="marczoutendijk" uid="606555" lat="36.7648987" lon="-4.7075304"/>
 <node id="2506193395" visible="true" version="1" changeset="18506792" timestamp="2013-10-23T17:26:49Z" user="marczoutendijk" uid="606555" lat="36.7664839" lon="-4.7083064"/>
 <node id="2506193396" visible="true" version="1" changeset="18506792" timestamp="2013-10-23T17:26:49Z" user="marczoutendijk" uid="606555" lat="36.7656862" lon="-4.7079160"/>
 <node id="2506193397" visible="true" version="1" changeset="18506792" timestamp="2013-10-23T17:26:49Z" user="marczoutendijk" uid="606555" lat="36.7659089" lon="-4.7072810"/>
 <node id="2506193398" visible="true" version="1" changeset="18506792" timestamp="2013-10-23T17:26:49Z" user="marczoutendijk" uid="606555" lat="36.7656794" lon="-4.7093960"/>
 <node id="2506193399" visible="true" version="1" changeset="18506792" timestamp="2013-10-23T17:26:49Z" user="marczoutendijk" uid="606555" lat="36.7657979" lon="-4.7075977"/>
 <node id="2506193400" visible="true" version="1" changeset="18506792" timestamp="2013-10-23T17:26:49Z" user="marczoutendijk" uid="606555" lat="36.7650208" lon="-4.7071774"/>
 <node id="2506193401" visible="true" version="2" changeset="67097291" timestamp="2019-02-11T11:37:32Z" user="km2bp" uid="3610826" lat="36.7651910" lon="-4.7089863"/>
 <node id="2506193402" visible="true" version="1" changeset="18506792" timestamp="2013-10-23T17:26:49Z" user="marczoutendijk" uid="606555" lat="36.7644321" lon="-4.7089319"/>
 <node id="2506193403" visible="true" version="2" changeset="67097291" timestamp="2019-02-11T11:37:32Z" user="km2bp" uid="3610826" lat="36.7652219" lon="-4.7087438"/>
 <node id="2506193413" visible="true" version="1" changeset="18506792" timestamp="2013-10-23T17:26:49Z" user="marczoutendijk" uid="606555" lat="36.7598213" lon="-4.7099695"/>
 <node id="2506193414" visible="true" version="1" changeset="18506792" timestamp="2013-10-23T17:26:49Z" user="marczoutendijk" uid="606555" lat="36.7599460" lon="-4.7099910"/>
 <node id="2506193415" visible="true" version="1" changeset="18506792" timestamp="2013-10-23T17:26:49Z" user="marczoutendijk" uid="606555" lat="36.7600921" lon="-4.7099641"/>
 <node id="2506193416" visible="true" version="1" changeset="18506792" timestamp="2013-10-23T17:26:49Z" user="marczoutendijk" uid="606555" lat="36.7601866" lon="-4.7099373"/>
 <node id="2506193417" visible="true" version="1" changeset="18506792" timestamp="2013-10-23T17:26:49Z" user="marczoutendijk" uid="606555" lat="36.7602855" lon="-4.7098783"/>
 <node id="2506193418" visible="true" version="1" changeset="18506792" timestamp="2013-10-23T17:26:49Z" user="marczoutendijk" uid="606555" lat="36.7603628" lon="-4.7098247"/>
 <node id="2506193419" visible="true" version="1" changeset="18506792" timestamp="2013-10-23T17:26:49Z" user="marczoutendijk" uid="606555" lat="36.7604359" lon="-4.7097227"/>
 <node id="2506193420" visible="true" version="1" changeset="18506792" timestamp="2013-10-23T17:26:49Z" user="marczoutendijk" uid="606555" lat="36.7604961" lon="-4.7096315"/>
 <node id="2506193421" visible="true" version="1" changeset="18506792" timestamp="2013-10-23T17:26:49Z" user="marczoutendijk" uid="606555" lat="36.7607311" lon="-4.7090389"/>
 <node id="2506193422" visible="true" version="1" changeset="18506792" timestamp="2013-10-23T17:26:49Z" user="marczoutendijk" uid="606555" lat="36.7612310" lon="-4.7076145"/>
 <node id="2506193423" visible="true" version="1" changeset="18506792" timestamp="2013-10-23T17:26:49Z" user="marczoutendijk" uid="606555" lat="36.7612740" lon="-4.7075287"/>
 <node id="2506193424" visible="true" version="1" changeset="18506792" timestamp="2013-10-23T17:26:49Z" user="marczoutendijk" uid="606555" lat="36.7613384" lon="-4.7074643"/>
 <node id="2506193425" visible="true" version="1" changeset="18506792" timestamp="2013-10-23T17:26:49Z" user="marczoutendijk" uid="606555" lat="36.7623795" lon="-4.7073241"/>
 <node id="2506193426" visible="true" version="1" changeset="18506792" timestamp="2013-10-23T17:26:49Z" user="marczoutendijk" uid="606555" lat="36.7625503" lon="-4.7073034"/>
 <node id="2506193427" visible="true" version="1" changeset="18506792" timestamp="2013-10-23T17:26:49Z" user="marczoutendijk" uid="606555" lat="36.7626148" lon="-4.7072819"/>
 <node id="2506193428" visible="true" version="1" changeset="18506792" timestamp="2013-10-23T17:26:49Z" user="marczoutendijk" uid="606555" lat="36.7627179" lon="-4.7072283"/>
 <node id="2506193429" visible="true" version="1" changeset="18506792" timestamp="2013-10-23T17:26:50Z" user="marczoutendijk" uid="606555" lat="36.7627910" lon="-4.7071585"/>
 <node id="2506193430" visible="true" version="1" changeset="18506792" timestamp="2013-10-23T17:26:50Z" user="marczoutendijk" uid="606555" lat="36.7628684" lon="-4.7070459"/>
 <node id="2506193431" visible="true" version="1" changeset="18506792" timestamp="2013-10-23T17:26:50Z" user="marczoutendijk" uid="606555" lat="36.7629500" lon="-4.7068259"/>
 <node id="2506193432" visible="true" version="1" changeset="18506792" timestamp="2013-10-23T17:26:50Z" user="marczoutendijk" uid="606555" lat="36.7630574" lon="-4.7065148"/>
 <node id="2506193433" visible="true" version="1" changeset="18506792" timestamp="2013-10-23T17:26:50Z" user="marczoutendijk" uid="606555" lat="36.7631824" lon="-4.7062191"/>
 <node id="2506193434" visible="true" version="1" changeset="18506792" timestamp="2013-10-23T17:26:50Z" user="marczoutendijk" uid="606555" lat="36.7630231" lon="-4.7052649"/>
 <node id="2506193435" visible="true" version="1" changeset="18506792" timestamp="2013-10-23T17:26:50Z" user="marczoutendijk" uid="606555" lat="36.7629199" lon="-4.7050181"/>
 <node id="2506193437" visible="true" version="2" changeset="56624761" timestamp="2018-02-23T23:52:26Z" user="alan_gr" uid="5307206" lat="36.7614891" lon="-4.7048893"/>
 <node id="2506193438" visible="true" version="1" changeset="18506792" timestamp="2013-10-23T17:26:50Z" user="marczoutendijk" uid="606555" lat="36.7624343" lon="-4.7047714"/>
 <node id="2506193439" visible="true" version="1" changeset="18506792" timestamp="2013-10-23T17:26:50Z" user="marczoutendijk" uid="606555" lat="36.7628855" lon="-4.7044227"/>
 <node id="2506193440" visible="true" version="1" changeset="18506792" timestamp="2013-10-23T17:26:50Z" user="marczoutendijk" uid="606555" lat="36.7633024" lon="-4.7040847"/>
 <node id="2506193441" visible="true" version="1" changeset="18506792" timestamp="2013-10-23T17:26:50Z" user="marczoutendijk" uid="606555" lat="36.7635013" lon="-4.7039447"/>
 <node id="2506193442" visible="true" version="1" changeset="18506792" timestamp="2013-10-23T17:26:50Z" user="marczoutendijk" uid="606555" lat="36.7633854" lon="-4.7035691"/>
 <node id="2506193443" visible="true" version="1" changeset="18506792" timestamp="2013-10-23T17:26:50Z" user="marczoutendijk" uid="606555" lat="36.7627093" lon="-4.7041491"/>
 <node id="2506193459" visible="true" version="1" changeset="18506792" timestamp="2013-10-23T17:26:50Z" user="marczoutendijk" uid="606555" lat="36.7635842" lon="-4.7050397"/>
 <node id="2506193460" visible="true" version="1" changeset="18506792" timestamp="2013-10-23T17:26:50Z" user="marczoutendijk" uid="606555" lat="36.7634109" lon="-4.7050235"/>
 <node id="2506193461" visible="true" version="1" changeset="18506792" timestamp="2013-10-23T17:26:50Z" user="marczoutendijk" uid="606555" lat="36.7632433" lon="-4.7049672"/>
 <node id="2506193462" visible="true" version="1" changeset="18506792" timestamp="2013-10-23T17:26:50Z" user="marczoutendijk" uid="606555" lat="36.7630908" lon="-4.7048036"/>
 <node id="2506193463" visible="true" version="1" changeset="18506792" timestamp="2013-10-23T17:26:50Z" user="marczoutendijk" uid="606555" lat="36.7628650" lon="-4.7044385"/>
 <node id="2506199456" visible="true" version="1" changeset="18506913" timestamp="2013-10-23T17:34:31Z" user="marczoutendijk" uid="606555" lat="36.7637450" lon="-4.7038594"/>
 <node id="2506199457" visible="true" version="1" changeset="18506913" timestamp="2013-10-23T17:34:31Z" user="marczoutendijk" uid="606555" lat="36.7639255" lon="-4.7038541"/>
 <node id="2506199458" visible="true" version="1" changeset="18506913" timestamp="2013-10-23T17:34:31Z" user="marczoutendijk" uid="606555" lat="36.7645874" lon="-4.7038648"/>
 <node id="2506199459" visible="true" version="1" changeset="18506913" timestamp="2013-10-23T17:34:31Z" user="marczoutendijk" uid="606555" lat="36.7642822" lon="-4.7052756"/>
 <node id="2506199460" visible="true" version="1" changeset="18506913" timestamp="2013-10-23T17:34:31Z" user="marczoutendijk" uid="606555" lat="36.7646260" lon="-4.7058443"/>
 <node id="2506199461" visible="true" version="1" changeset="18506913" timestamp="2013-10-23T17:34:31Z" user="marczoutendijk" uid="606555" lat="36.7647635" lon="-4.7058603"/>
 <node id="2506199462" visible="true" version="1" changeset="18506913" timestamp="2013-10-23T17:34:31Z" user="marczoutendijk" uid="606555" lat="36.7682428" lon="-4.7067629"/>
 <node id="2506199463" visible="true" version="1" changeset="18506913" timestamp="2013-10-23T17:34:31Z" user="marczoutendijk" uid="606555" lat="36.7684292" lon="-4.7069493"/>
 <node id="2506199464" visible="true" version="1" changeset="18506913" timestamp="2013-10-23T17:34:31Z" user="marczoutendijk" uid="606555" lat="36.7686483" lon="-4.7070942"/>
 <node id="2506199465" visible="true" version="1" changeset="18506913" timestamp="2013-10-23T17:34:31Z" user="marczoutendijk" uid="606555" lat="36.7692027" lon="-4.7072980"/>
 <node id="2506199466" visible="true" version="1" changeset="18506913" timestamp="2013-10-23T17:34:31Z" user="marczoutendijk" uid="606555" lat="36.7700148" lon="-4.7075984"/>
 <node id="2506199467" visible="true" version="1" changeset="18506913" timestamp="2013-10-23T17:34:31Z" user="marczoutendijk" uid="606555" lat="36.7707324" lon="-4.7080383"/>
 <node id="2506199468" visible="true" version="1" changeset="18506913" timestamp="2013-10-23T17:34:31Z" user="marczoutendijk" uid="606555" lat="36.7711009" lon="-4.7082965"/>
 <node id="2506199469" visible="true" version="1" changeset="18506913" timestamp="2013-10-23T17:34:31Z" user="marczoutendijk" uid="606555" lat="36.7708871" lon="-4.7077003"/>
 <node id="2506199470" visible="true" version="1" changeset="18506913" timestamp="2013-10-23T17:34:31Z" user="marczoutendijk" uid="606555" lat="36.7710676" lon="-4.7072712"/>
 <node id="2506199471" visible="true" version="1" changeset="18506913" timestamp="2013-10-23T17:34:31Z" user="marczoutendijk" uid="606555" lat="36.7711489" lon="-4.7072909"/>
 <node id="2506199472" visible="true" version="1" changeset="18506913" timestamp="2013-10-23T17:34:31Z" user="marczoutendijk" uid="606555" lat="36.7713069" lon="-4.7070272"/>
 <node id="2506199473" visible="true" version="1" changeset="18506913" timestamp="2013-10-23T17:34:31Z" user="marczoutendijk" uid="606555" lat="36.7714036" lon="-4.7068473"/>
 <node id="2506199474" visible="true" version="1" changeset="18506913" timestamp="2013-10-23T17:34:31Z" user="marczoutendijk" uid="606555" lat="36.7709317" lon="-4.7063691"/>
 <node id="2506199475" visible="true" version="1" changeset="18506913" timestamp="2013-10-23T17:34:31Z" user="marczoutendijk" uid="606555" lat="36.7704717" lon="-4.7062952"/>
 <node id="2506199476" visible="true" version="1" changeset="18506913" timestamp="2013-10-23T17:34:31Z" user="marczoutendijk" uid="606555" lat="36.7701536" lon="-4.7062245"/>
 <node id="2506199477" visible="true" version="1" changeset="18506913" timestamp="2013-10-23T17:34:32Z" user="marczoutendijk" uid="606555" lat="36.7698656" lon="-4.7061029"/>
 <node id="2506199478" visible="true" version="1" changeset="18506913" timestamp="2013-10-23T17:34:32Z" user="marczoutendijk" uid="606555" lat="36.7697807" lon="-4.7060364"/>
 <node id="2506199479" visible="true" version="1" changeset="18506913" timestamp="2013-10-23T17:34:32Z" user="marczoutendijk" uid="606555" lat="36.7694688" lon="-4.7059008"/>
 <node id="2506199480" visible="true" version="1" changeset="18506913" timestamp="2013-10-23T17:34:32Z" user="marczoutendijk" uid="606555" lat="36.7693858" lon="-4.7059057"/>
 <node id="2506199481" visible="true" version="1" changeset="18506913" timestamp="2013-10-23T17:34:32Z" user="marczoutendijk" uid="606555" lat="36.7689850" lon="-4.7057480"/>
 <node id="2506199482" visible="true" version="1" changeset="18506913" timestamp="2013-10-23T17:34:32Z" user="marczoutendijk" uid="606555" lat="36.7692990" lon="-4.7067955"/>
 <node id="2506199483" visible="true" version="1" changeset="18506913" timestamp="2013-10-23T17:34:32Z" user="marczoutendijk" uid="606555" lat="36.7693997" lon="-4.7062952"/>
 <node id="2506199484" visible="true" version="1" changeset="18506913" timestamp="2013-10-23T17:34:32Z" user="marczoutendijk" uid="606555" lat="36.7694906" lon="-4.7059103"/>
 <node id="2506199485" visible="true" version="1" changeset="18506913" timestamp="2013-10-23T17:34:32Z" user="marczoutendijk" uid="606555" lat="36.7688685" lon="-4.7066599"/>
 <node id="2506199486" visible="true" version="1" changeset="18506913" timestamp="2013-10-23T17:34:32Z" user="marczoutendijk" uid="606555" lat="36.7686197" lon="-4.7064555"/>
 <node id="2506199487" visible="true" version="1" changeset="18506913" timestamp="2013-10-23T17:34:32Z" user="marczoutendijk" uid="606555" lat="36.7689082" lon="-4.7061064"/>
 <node id="2506199488" visible="true" version="1" changeset="18506913" timestamp="2013-10-23T17:34:32Z" user="marczoutendijk" uid="606555" lat="36.7700680" lon="-4.7065634"/>
 <node id="2506199489" visible="true" version="1" changeset="18506913" timestamp="2013-10-23T17:34:32Z" user="marczoutendijk" uid="606555" lat="36.7705290" lon="-4.7067585"/>
 <node id="2506199490" visible="true" version="1" changeset="18506913" timestamp="2013-10-23T17:34:32Z" user="marczoutendijk" uid="606555" lat="36.7707442" lon="-4.7068645"/>
 <node id="2506199491" visible="true" version="1" changeset="18506913" timestamp="2013-10-23T17:34:32Z" user="marczoutendijk" uid="606555" lat="36.7708745" lon="-4.7064652"/>
 <node id="2506199492" visible="true" version="2" changeset="163342782" timestamp="2025-03-07T20:30:41Z" user="Peri3" uid="14595185" lat="36.7704451" lon="-4.7063095"/>
 <node id="2506199493" visible="true" version="1" changeset="18506913" timestamp="2013-10-23T17:34:32Z" user="marczoutendijk" uid="606555" lat="36.7711154" lon="-4.7078307"/>
 <node id="2506199494" visible="true" version="1" changeset="18506913" timestamp="2013-10-23T17:34:32Z" user="marczoutendijk" uid="606555" lat="36.7703533" lon="-4.7073377"/>
 <node id="2506199495" visible="true" version="1" changeset="18506913" timestamp="2013-10-23T17:34:32Z" user="marczoutendijk" uid="606555" lat="36.7704184" lon="-4.7070518"/>
 <node id="2506199496" visible="true" version="1" changeset="18506913" timestamp="2013-10-23T17:34:32Z" user="marczoutendijk" uid="606555" lat="36.7704500" lon="-4.7069754"/>
 <node id="2506199497" visible="true" version="1" changeset="18506913" timestamp="2013-10-23T17:34:32Z" user="marczoutendijk" uid="606555" lat="36.7705033" lon="-4.7068596"/>
 <node id="2506199498" visible="true" version="1" changeset="18506913" timestamp="2013-10-23T17:34:32Z" user="marczoutendijk" uid="606555" lat="36.7703895" lon="-4.7071788"/>
 <node id="2506199499" visible="true" version="1" changeset="18506913" timestamp="2013-10-23T17:34:32Z" user="marczoutendijk" uid="606555" lat="36.7690875" lon="-4.7079224"/>
 <node id="2506199500" visible="true" version="1" changeset="18506913" timestamp="2013-10-23T17:34:32Z" user="marczoutendijk" uid="606555" lat="36.7691430" lon="-4.7075497"/>
 <node id="2506199501" visible="true" version="2" changeset="19987368" timestamp="2014-01-14T10:00:13Z" user="Leonardo Velasco" uid="241061" lat="36.7685599" lon="-4.7073864"/>
 <node id="2506199502" visible="true" version="1" changeset="18506913" timestamp="2013-10-23T17:34:32Z" user="marczoutendijk" uid="606555" lat="36.7671824" lon="-4.7057825"/>
 <node id="2506199503" visible="true" version="1" changeset="18506913" timestamp="2013-10-23T17:34:32Z" user="marczoutendijk" uid="606555" lat="36.7672022" lon="-4.7055533"/>
 <node id="2506199504" visible="true" version="1" changeset="18506913" timestamp="2013-10-23T17:34:32Z" user="marczoutendijk" uid="606555" lat="36.7673720" lon="-4.7056371"/>
 <node id="2506199505" visible="true" version="1" changeset="18506913" timestamp="2013-10-23T17:34:32Z" user="marczoutendijk" uid="606555" lat="36.7674944" lon="-4.7061867"/>
 <node id="2506199506" visible="true" version="1" changeset="18506913" timestamp="2013-10-23T17:34:32Z" user="marczoutendijk" uid="606555" lat="36.7669198" lon="-4.7062335"/>
 <node id="2506199507" visible="true" version="1" changeset="18506913" timestamp="2013-10-23T17:34:32Z" user="marczoutendijk" uid="606555" lat="36.7668073" lon="-4.7062804"/>
 <node id="2506199508" visible="true" version="1" changeset="18506913" timestamp="2013-10-23T17:34:32Z" user="marczoutendijk" uid="606555" lat="36.7663966" lon="-4.7062262"/>
 <node id="2506199509" visible="true" version="1" changeset="18506913" timestamp="2013-10-23T17:34:32Z" user="marczoutendijk" uid="606555" lat="36.7662110" lon="-4.7061621"/>
 <node id="2506199510" visible="true" version="1" changeset="18506913" timestamp="2013-10-23T17:34:32Z" user="marczoutendijk" uid="606555" lat="36.7661103" lon="-4.7060955"/>
 <node id="2506199511" visible="true" version="1" changeset="18506913" timestamp="2013-10-23T17:34:32Z" user="marczoutendijk" uid="606555" lat="36.7660886" lon="-4.7059674"/>
 <node id="2506199512" visible="true" version="1" changeset="18506913" timestamp="2013-10-23T17:34:32Z" user="marczoutendijk" uid="606555" lat="36.7660254" lon="-4.7059181"/>
 <node id="2506199513" visible="true" version="1" changeset="18506913" timestamp="2013-10-23T17:34:32Z" user="marczoutendijk" uid="606555" lat="36.7659030" lon="-4.7059181"/>
 <node id="2506199514" visible="true" version="1" changeset="18506913" timestamp="2013-10-23T17:34:32Z" user="marczoutendijk" uid="606555" lat="36.7658674" lon="-4.7059328"/>
 <node id="2506199515" visible="true" version="1" changeset="18506913" timestamp="2013-10-23T17:34:32Z" user="marczoutendijk" uid="606555" lat="36.7658200" lon="-4.7059230"/>
 <node id="2506199516" visible="true" version="1" changeset="18506913" timestamp="2013-10-23T17:34:32Z" user="marczoutendijk" uid="606555" lat="36.7657707" lon="-4.7059057"/>
 <node id="2506199517" visible="true" version="1" changeset="18506913" timestamp="2013-10-23T17:34:32Z" user="marczoutendijk" uid="606555" lat="36.7657312" lon="-4.7058860"/>
 <node id="2506199518" visible="true" version="1" changeset="18506913" timestamp="2013-10-23T17:34:32Z" user="marczoutendijk" uid="606555" lat="36.7656838" lon="-4.7058392"/>
 <node id="2506199519" visible="true" version="1" changeset="18506913" timestamp="2013-10-23T17:34:32Z" user="marczoutendijk" uid="606555" lat="36.7656443" lon="-4.7058096"/>
 <node id="2506199520" visible="true" version="1" changeset="18506913" timestamp="2013-10-23T17:34:32Z" user="marczoutendijk" uid="606555" lat="36.7656088" lon="-4.7058047"/>
 <node id="2506199521" visible="true" version="1" changeset="18506913" timestamp="2013-10-23T17:34:32Z" user="marczoutendijk" uid="606555" lat="36.7655713" lon="-4.7058195"/>
 <node id="2506199522" visible="true" version="1" changeset="18506913" timestamp="2013-10-23T17:34:32Z" user="marczoutendijk" uid="606555" lat="36.7655199" lon="-4.7058564"/>
 <node id="2506199523" visible="true" version="1" changeset="18506913" timestamp="2013-10-23T17:34:33Z" user="marczoutendijk" uid="606555" lat="36.7654725" lon="-4.7058762"/>
 <node id="2506199524" visible="true" version="1" changeset="18506913" timestamp="2013-10-23T17:34:33Z" user="marczoutendijk" uid="606555" lat="36.7654331" lon="-4.7058934"/>
 <node id="2506199525" visible="true" version="1" changeset="18506913" timestamp="2013-10-23T17:34:33Z" user="marczoutendijk" uid="606555" lat="36.7653876" lon="-4.7058983"/>
 <node id="2506199526" visible="true" version="1" changeset="18506913" timestamp="2013-10-23T17:34:33Z" user="marczoutendijk" uid="606555" lat="36.7653284" lon="-4.7058983"/>
 <node id="2506199527" visible="true" version="1" changeset="18506913" timestamp="2013-10-23T17:34:33Z" user="marczoutendijk" uid="606555" lat="36.7652869" lon="-4.7058983"/>
 <node id="2506199528" visible="true" version="1" changeset="18506913" timestamp="2013-10-23T17:34:33Z" user="marczoutendijk" uid="606555" lat="36.7652178" lon="-4.7058959"/>
 <node id="2506199529" visible="true" version="1" changeset="18506913" timestamp="2013-10-23T17:34:33Z" user="marczoutendijk" uid="606555" lat="36.7651369" lon="-4.7059131"/>
 <node id="2506199530" visible="true" version="1" changeset="18506913" timestamp="2013-10-23T17:34:33Z" user="marczoutendijk" uid="606555" lat="36.7650776" lon="-4.7059304"/>
 <node id="2506199531" visible="true" version="1" changeset="18506913" timestamp="2013-10-23T17:34:33Z" user="marczoutendijk" uid="606555" lat="36.7650362" lon="-4.7059624"/>
 <node id="2506199532" visible="true" version="1" changeset="18506913" timestamp="2013-10-23T17:34:33Z" user="marczoutendijk" uid="606555" lat="36.7650263" lon="-4.7060438"/>
 <node id="2506199533" visible="true" version="1" changeset="18506913" timestamp="2013-10-23T17:34:33Z" user="marczoutendijk" uid="606555" lat="36.7650362" lon="-4.7061251"/>
 <node id="2506199534" visible="true" version="1" changeset="18506913" timestamp="2013-10-23T17:34:33Z" user="marczoutendijk" uid="606555" lat="36.7650661" lon="-4.7062343"/>
 <node id="2506201984" visible="true" version="1" changeset="18506953" timestamp="2013-10-23T17:36:34Z" user="marczoutendijk" uid="606555" lat="36.7634574" lon="-4.7028694"/>
 <node id="2506201985" visible="true" version="1" changeset="18506953" timestamp="2013-10-23T17:36:34Z" user="marczoutendijk" uid="606555" lat="36.7671120" lon="-4.7042084"/>
 <node id="2506201986" visible="true" version="1" changeset="18506953" timestamp="2013-10-23T17:36:34Z" user="marczoutendijk" uid="606555" lat="36.7671141" lon="-4.7040851"/>
 <node id="2506201987" visible="true" version="1" changeset="18506953" timestamp="2013-10-23T17:36:34Z" user="marczoutendijk" uid="606555" lat="36.7668541" lon="-4.7040046"/>
 <node id="2506201988" visible="true" version="1" changeset="18506953" timestamp="2013-10-23T17:36:34Z" user="marczoutendijk" uid="606555" lat="36.7669766" lon="-4.7044552"/>
 <node id="2506201989" visible="true" version="1" changeset="18506953" timestamp="2013-10-23T17:36:34Z" user="marczoutendijk" uid="606555" lat="36.7670260" lon="-4.7044150"/>
 <node id="2506201990" visible="true" version="1" changeset="18506953" timestamp="2013-10-23T17:36:34Z" user="marczoutendijk" uid="606555" lat="36.7665684" lon="-4.7045062"/>
 <node id="2506201991" visible="true" version="1" changeset="18506953" timestamp="2013-10-23T17:36:34Z" user="marczoutendijk" uid="606555" lat="36.7664158" lon="-4.7044820"/>
 <node id="2506201992" visible="true" version="1" changeset="18506953" timestamp="2013-10-23T17:36:34Z" user="marczoutendijk" uid="606555" lat="36.7663105" lon="-4.7044177"/>
 <node id="2506201993" visible="true" version="1" changeset="18506953" timestamp="2013-10-23T17:36:34Z" user="marczoutendijk" uid="606555" lat="36.7662138" lon="-4.7042862"/>
 <node id="2506201994" visible="true" version="1" changeset="18506953" timestamp="2013-10-23T17:36:34Z" user="marczoutendijk" uid="606555" lat="36.7663814" lon="-4.7049004"/>
 <node id="2506201995" visible="true" version="1" changeset="18506953" timestamp="2013-10-23T17:36:34Z" user="marczoutendijk" uid="606555" lat="36.7660672" lon="-4.7048914"/>
 <node id="2506201996" visible="true" version="1" changeset="18506953" timestamp="2013-10-23T17:36:34Z" user="marczoutendijk" uid="606555" lat="36.7669810" lon="-4.7050156"/>
 <node id="2506201997" visible="true" version="2" changeset="19969648" timestamp="2014-01-13T11:12:17Z" user="Leonardo Velasco" uid="241061" lat="36.7670899" lon="-4.7051587"/>
 <node id="2506201998" visible="true" version="1" changeset="18506953" timestamp="2013-10-23T17:36:34Z" user="marczoutendijk" uid="606555" lat="36.7664395" lon="-4.7053589"/>
 <node id="2506201999" visible="true" version="1" changeset="18506953" timestamp="2013-10-23T17:36:34Z" user="marczoutendijk" uid="606555" lat="36.7660139" lon="-4.7053079"/>
 <node id="2506202000" visible="true" version="1" changeset="18506953" timestamp="2013-10-23T17:36:34Z" user="marczoutendijk" uid="606555" lat="36.7669445" lon="-4.7054877"/>
 <node id="2506202001" visible="true" version="1" changeset="18506953" timestamp="2013-10-23T17:36:34Z" user="marczoutendijk" uid="606555" lat="36.7666007" lon="-4.7057103"/>
 <node id="2506202002" visible="true" version="1" changeset="18506953" timestamp="2013-10-23T17:36:34Z" user="marczoutendijk" uid="606555" lat="36.7665276" lon="-4.7057505"/>
 <node id="2506202003" visible="true" version="1" changeset="18506953" timestamp="2013-10-23T17:36:34Z" user="marczoutendijk" uid="606555" lat="36.7664417" lon="-4.7057720"/>
 <node id="2506202004" visible="true" version="1" changeset="18506953" timestamp="2013-10-23T17:36:34Z" user="marczoutendijk" uid="606555" lat="36.7663557" lon="-4.7057720"/>
 <node id="2506202005" visible="true" version="1" changeset="18506953" timestamp="2013-10-23T17:36:34Z" user="marczoutendijk" uid="606555" lat="36.7659600" lon="-4.7057294"/>
 <node id="2506209458" visible="true" version="2" changeset="76521003" timestamp="2019-11-02T07:18:20Z" user="andi9876" uid="1256497" lat="36.7675623" lon="-4.7105568"/>
 <node id="2506209460" visible="true" version="2" changeset="76521003" timestamp="2019-11-02T07:18:20Z" user="andi9876" uid="1256497" lat="36.7677024" lon="-4.7110816"/>
 <node id="2506209462" visible="true" version="2" changeset="76521003" timestamp="2019-11-02T07:18:20Z" user="andi9876" uid="1256497" lat="36.7677066" lon="-4.7112661"/>
 <node id="2506209464" visible="true" version="1" changeset="18507047" timestamp="2013-10-23T17:40:47Z" user="marczoutendijk" uid="606555" lat="36.7676784" lon="-4.7114291"/>
 <node id="2506209466" visible="true" version="2" changeset="76521003" timestamp="2019-11-02T07:18:20Z" user="andi9876" uid="1256497" lat="36.7676103" lon="-4.7115565"/>
 <node id="2506209468" visible="true" version="2" changeset="76521003" timestamp="2019-11-02T07:18:20Z" user="andi9876" uid="1256497" lat="36.7675071" lon="-4.7116650"/>
 <node id="2538854570" visible="true" version="1" changeset="18985065" timestamp="2013-11-18T23:05:56Z" user="andi9876" uid="1256497" lat="36.7651681" lon="-4.7065052"/>
 <node id="2546278919" visible="true" version="1" changeset="19064827" timestamp="2013-11-23T00:05:57Z" user="andi9876" uid="1256497" lat="36.7591215" lon="-4.6962405"/>
 <node id="2546278921" visible="true" version="1" changeset="19064827" timestamp="2013-11-23T00:05:57Z" user="andi9876" uid="1256497" lat="36.7631692" lon="-4.6925702">
  <tag k="tourism" v="viewpoint"/>
 </node>
 <node id="2546278927" visible="true" version="1" changeset="19064827" timestamp="2013-11-23T00:05:57Z" user="andi9876" uid="1256497" lat="36.7567976" lon="-4.6969742"/>
 <node id="2546278928" visible="true" version="1" changeset="19064827" timestamp="2013-11-23T00:05:57Z" user="andi9876" uid="1256497" lat="36.7568512" lon="-4.6970572"/>
 <node id="2546278930" visible="true" version="1" changeset="19064827" timestamp="2013-11-23T00:05:57Z" user="andi9876" uid="1256497" lat="36.7569314" lon="-4.6971298"/>
 <node id="2546278932" visible="true" version="1" changeset="19064827" timestamp="2013-11-23T00:05:57Z" user="andi9876" uid="1256497" lat="36.7573266" lon="-4.6969388"/>
 <node id="2546278934" visible="true" version="1" changeset="19064827" timestamp="2013-11-23T00:05:57Z" user="andi9876" uid="1256497" lat="36.7573337" lon="-4.6967506"/>
 <node id="2546278935" visible="true" version="1" changeset="19064827" timestamp="2013-11-23T00:05:57Z" user="andi9876" uid="1256497" lat="36.7572003" lon="-4.6966365"/>
 <node id="2546278938" visible="true" version="1" changeset="19064827" timestamp="2013-11-23T00:05:57Z" user="andi9876" uid="1256497" lat="36.7568766" lon="-4.6961250"/>
 <node id="2546278940" visible="true" version="1" changeset="19064827" timestamp="2013-11-23T00:05:57Z" user="andi9876" uid="1256497" lat="36.7568885" lon="-4.6959124"/>
 <node id="2546278941" visible="true" version="1" changeset="19064827" timestamp="2013-11-23T00:05:57Z" user="andi9876" uid="1256497" lat="36.7569205" lon="-4.6956186"/>
 <node id="2546278945" visible="true" version="1" changeset="19064827" timestamp="2013-11-23T00:05:57Z" user="andi9876" uid="1256497" lat="36.7590132" lon="-4.6958279"/>
 <node id="2546278946" visible="true" version="1" changeset="19064827" timestamp="2013-11-23T00:05:57Z" user="andi9876" uid="1256497" lat="36.7590072" lon="-4.6959996"/>
 <node id="2546278947" visible="true" version="1" changeset="19064827" timestamp="2013-11-23T00:05:57Z" user="andi9876" uid="1256497" lat="36.7590495" lon="-4.6962324"/>
 <node id="2546278948" visible="true" version="1" changeset="19064827" timestamp="2013-11-23T00:05:57Z" user="andi9876" uid="1256497" lat="36.7593946" lon="-4.6950026"/>
 <node id="2546278949" visible="true" version="1" changeset="19064827" timestamp="2013-11-23T00:05:57Z" user="andi9876" uid="1256497" lat="36.7595302" lon="-4.6950593"/>
 <node id="2546278950" visible="true" version="1" changeset="19064827" timestamp="2013-11-23T00:05:57Z" user="andi9876" uid="1256497" lat="36.7574720" lon="-4.6954991"/>
 <node id="2546278951" visible="true" version="1" changeset="19064827" timestamp="2013-11-23T00:05:57Z" user="andi9876" uid="1256497" lat="36.7591706" lon="-4.6959519"/>
 <node id="2546278952" visible="true" version="1" changeset="19064827" timestamp="2013-11-23T00:05:57Z" user="andi9876" uid="1256497" lat="36.7592137" lon="-4.6955190"/>
 <node id="2546278977" visible="true" version="1" changeset="19064827" timestamp="2013-11-23T00:05:58Z" user="andi9876" uid="1256497" lat="36.7597431" lon="-4.6951769"/>
 <node id="2546278978" visible="true" version="1" changeset="19064827" timestamp="2013-11-23T00:05:58Z" user="andi9876" uid="1256497" lat="36.7599848" lon="-4.6952630"/>
 <node id="2546278979" visible="true" version="1" changeset="19064827" timestamp="2013-11-23T00:05:58Z" user="andi9876" uid="1256497" lat="36.7602170" lon="-4.6952726"/>
 <node id="2546278980" visible="true" version="1" changeset="19064827" timestamp="2013-11-23T00:05:58Z" user="andi9876" uid="1256497" lat="36.7604173" lon="-4.6953035"/>
 <node id="2546278982" visible="true" version="1" changeset="19064827" timestamp="2013-11-23T00:05:58Z" user="andi9876" uid="1256497" lat="36.7607236" lon="-4.6953789"/>
 <node id="2546278983" visible="true" version="1" changeset="19064827" timestamp="2013-11-23T00:05:58Z" user="andi9876" uid="1256497" lat="36.7567183" lon="-4.6968514"/>
 <node id="2546278984" visible="true" version="1" changeset="19064827" timestamp="2013-11-23T00:05:58Z" user="andi9876" uid="1256497" lat="36.7610185" lon="-4.6953998"/>
 <node id="2546278985" visible="true" version="1" changeset="19064827" timestamp="2013-11-23T00:05:58Z" user="andi9876" uid="1256497" lat="36.7585404" lon="-4.6955371"/>
 <node id="2546278986" visible="true" version="1" changeset="19064827" timestamp="2013-11-23T00:05:58Z" user="andi9876" uid="1256497" lat="36.7612761" lon="-4.6955119"/>
 <node id="2546278987" visible="true" version="1" changeset="19064827" timestamp="2013-11-23T00:05:58Z" user="andi9876" uid="1256497" lat="36.7617314" lon="-4.6956524"/>
 <node id="2546278988" visible="true" version="1" changeset="19064827" timestamp="2013-11-23T00:05:58Z" user="andi9876" uid="1256497" lat="36.7572378" lon="-4.6954042"/>
 <node id="2546278989" visible="true" version="1" changeset="19064827" timestamp="2013-11-23T00:05:58Z" user="andi9876" uid="1256497" lat="36.7591676" lon="-4.6952856"/>
 <node id="2546278990" visible="true" version="1" changeset="19064827" timestamp="2013-11-23T00:05:58Z" user="andi9876" uid="1256497" lat="36.7619450" lon="-4.6957654"/>
 <node id="2546278991" visible="true" version="1" changeset="19064827" timestamp="2013-11-23T00:05:58Z" user="andi9876" uid="1256497" lat="36.7578121" lon="-4.6955621"/>
 <node id="2546278992" visible="true" version="1" changeset="19064827" timestamp="2013-11-23T00:05:58Z" user="andi9876" uid="1256497" lat="36.7621605" lon="-4.6959310"/>
 <node id="2546278993" visible="true" version="2" changeset="48154000" timestamp="2017-04-26T08:15:48Z" user="andi9876" uid="1256497" lat="36.7622731" lon="-4.6961721"/>
 <node id="2546278995" visible="true" version="2" changeset="48154000" timestamp="2017-04-26T08:15:48Z" user="andi9876" uid="1256497" lat="36.7624190" lon="-4.6964701"/>
 <node id="2546278996" visible="true" version="1" changeset="19064827" timestamp="2013-11-23T00:05:58Z" user="andi9876" uid="1256497" lat="36.7625618" lon="-4.6965704"/>
 <node id="2546278998" visible="true" version="1" changeset="19064827" timestamp="2013-11-23T00:05:58Z" user="andi9876" uid="1256497" lat="36.7591447" lon="-4.6960894"/>
 <node id="2546278999" visible="true" version="1" changeset="19064827" timestamp="2013-11-23T00:05:58Z" user="andi9876" uid="1256497" lat="36.7627500" lon="-4.6966542"/>
 <node id="2546279000" visible="true" version="1" changeset="19064827" timestamp="2013-11-23T00:05:58Z" user="andi9876" uid="1256497" lat="36.7629769" lon="-4.6966726"/>
 <node id="2546279001" visible="true" version="1" changeset="19064827" timestamp="2013-11-23T00:05:58Z" user="andi9876" uid="1256497" lat="36.7580659" lon="-4.6955619"/>
 <node id="2546279006" visible="true" version="1" changeset="19064827" timestamp="2013-11-23T00:05:58Z" user="andi9876" uid="1256497" lat="36.7583083" lon="-4.6955497"/>
 <node id="2546279008" visible="true" version="1" changeset="19064827" timestamp="2013-11-23T00:05:58Z" user="andi9876" uid="1256497" lat="36.7631062" lon="-4.6967191"/>
 <node id="2546279012" visible="true" version="1" changeset="19064827" timestamp="2013-11-23T00:05:58Z" user="andi9876" uid="1256497" lat="36.7592370" lon="-4.6957471"/>
 <node id="2546279014" visible="true" version="1" changeset="19064827" timestamp="2013-11-23T00:05:58Z" user="andi9876" uid="1256497" lat="36.7614638" lon="-4.6955636"/>
 <node id="2546279017" visible="true" version="1" changeset="19064827" timestamp="2013-11-23T00:05:59Z" user="andi9876" uid="1256497" lat="36.7576493" lon="-4.6955455"/>
 <node id="2546279019" visible="true" version="2" changeset="48154000" timestamp="2017-04-26T08:15:48Z" user="andi9876" uid="1256497" lat="36.7631880" lon="-4.6968719"/>
 <node id="2546279021" visible="true" version="1" changeset="19064827" timestamp="2013-11-23T00:05:59Z" user="andi9876" uid="1256497" lat="36.7587132" lon="-4.6955602"/>
 <node id="2546279025" visible="true" version="2" changeset="48154000" timestamp="2017-04-26T08:15:48Z" user="andi9876" uid="1256497" lat="36.7633440" lon="-4.6970052"/>
 <node id="2546279031" visible="true" version="2" changeset="147148330" timestamp="2024-02-06T19:22:44Z" user="alan_gr" uid="5307206" lat="36.7635934" lon="-4.6970151"/>
 <node id="2546279035" visible="true" version="1" changeset="19064827" timestamp="2013-11-23T00:05:59Z" user="andi9876" uid="1256497" lat="36.7589133" lon="-4.6956368"/>
 <node id="2546279038" visible="true" version="1" changeset="19064827" timestamp="2013-11-23T00:05:59Z" user="andi9876" uid="1256497" lat="36.7569717" lon="-4.6954225"/>
 <node id="2546279041" visible="true" version="1" changeset="19064827" timestamp="2013-11-23T00:05:59Z" user="andi9876" uid="1256497" lat="36.7592318" lon="-4.6950647"/>
 <node id="2546279046" visible="true" version="1" changeset="19064827" timestamp="2013-11-23T00:05:59Z" user="andi9876" uid="1256497" lat="36.7573423" lon="-4.6954433"/>
 <node id="2546279047" visible="true" version="2" changeset="147148330" timestamp="2024-02-06T19:22:44Z" user="alan_gr" uid="5307206" lat="36.7636526" lon="-4.6969880"/>
 <node id="2546279048" visible="true" version="1" changeset="19064827" timestamp="2013-11-23T00:05:59Z" user="andi9876" uid="1256497" lat="36.7569128" lon="-4.6963783"/>
 <node id="2546279049" visible="true" version="1" changeset="19064827" timestamp="2013-11-23T00:05:59Z" user="andi9876" uid="1256497" lat="36.7571844" lon="-4.6970702"/>
 <node id="2546279050" visible="true" version="1" changeset="19064827" timestamp="2013-11-23T00:05:59Z" user="andi9876" uid="1256497" lat="36.7570181" lon="-4.6965197"/>
 <node id="2546279061" visible="true" version="1" changeset="19064827" timestamp="2013-11-23T00:06:00Z" user="andi9876" uid="1256497" lat="36.7570907" lon="-4.6971190"/>
 <node id="2546279062" visible="true" version="1" changeset="19064827" timestamp="2013-11-23T00:06:00Z" user="andi9876" uid="1256497" lat="36.7571178" lon="-4.6953702"/>
 <node id="2620897873" visible="true" version="3" changeset="56624761" timestamp="2018-02-23T23:52:26Z" user="alan_gr" uid="5307206" lat="36.7670529" lon="-4.7090282"/>
 <node id="2620897874" visible="true" version="2" changeset="56624761" timestamp="2018-02-23T23:52:26Z" user="alan_gr" uid="5307206" lat="36.7670805" lon="-4.7083070"/>
 <node id="2620897875" visible="true" version="1" changeset="19969569" timestamp="2014-01-13T11:07:20Z" user="Leonardo Velasco" uid="241061" lat="36.7670298" lon="-4.7078463"/>
 <node id="2620897876" visible="true" version="2" changeset="56938478" timestamp="2018-03-06T15:07:27Z" user="alan_gr" uid="5307206" lat="36.7670316" lon="-4.7075915"/>
 <node id="2620912938" visible="true" version="1" changeset="19969818" timestamp="2014-01-13T11:22:09Z" user="Leonardo Velasco" uid="241061" lat="36.7627245" lon="-4.7045471"/>
 <node id="2620913603" visible="true" version="1" changeset="19969852" timestamp="2014-01-13T11:24:05Z" user="Leonardo Velasco" uid="241061" lat="36.7607205" lon="-4.7071746"/>
 <node id="2620914963" visible="true" version="1" changeset="19969903" timestamp="2014-01-13T11:27:28Z" user="Leonardo Velasco" uid="241061" lat="36.7641976" lon="-4.7118850"/>
 <node id="2620914964" visible="true" version="1" changeset="19969903" timestamp="2014-01-13T11:27:28Z" user="Leonardo Velasco" uid="241061" lat="36.7641646" lon="-4.7117452"/>
 <node id="2620914965" visible="true" version="1" changeset="19969903" timestamp="2014-01-13T11:27:29Z" user="Leonardo Velasco" uid="241061" lat="36.7639790" lon="-4.7118136"/>
 <node id="2620914966" visible="true" version="1" changeset="19969903" timestamp="2014-01-13T11:27:29Z" user="Leonardo Velasco" uid="241061" lat="36.7640120" lon="-4.7119534"/>
 <node id="2620914967" visible="true" version="5" changeset="138942555" timestamp="2023-07-24T14:16:11Z" user="Robot8A" uid="393359" lat="36.7639771" lon="-4.7105300"/>
 <node id="2620914968" visible="true" version="4" changeset="138942555" timestamp="2023-07-24T14:16:11Z" user="Robot8A" uid="393359" lat="36.7640411" lon="-4.7102833"/>
 <node id="2620914969" visible="true" version="4" changeset="138942555" timestamp="2023-07-24T14:16:11Z" user="Robot8A" uid="393359" lat="36.7640728" lon="-4.7102738"/>
 <node id="2620914971" visible="true" version="4" changeset="138942555" timestamp="2023-07-24T14:16:11Z" user="Robot8A" uid="393359" lat="36.7642202" lon="-4.7104290"/>
 <node id="2620914973" visible="true" version="4" changeset="138942555" timestamp="2023-07-24T14:16:11Z" user="Robot8A" uid="393359" lat="36.7640598" lon="-4.7106004"/>
 <node id="2620914975" visible="true" version="1" changeset="19969903" timestamp="2014-01-13T11:27:29Z" user="Leonardo Velasco" uid="241061" lat="36.7637685" lon="-4.7116334"/>
 <node id="2620914977" visible="true" version="1" changeset="19969903" timestamp="2014-01-13T11:27:29Z" user="Leonardo Velasco" uid="241061" lat="36.7634781" lon="-4.7117409"/>
 <node id="2620914979" visible="true" version="1" changeset="19969903" timestamp="2014-01-13T11:27:29Z" user="Leonardo Velasco" uid="241061" lat="36.7632962" lon="-4.7109912"/>
 <node id="2620915463" visible="true" version="2" changeset="138942555" timestamp="2023-07-24T14:16:11Z" user="Robot8A" uid="393359" lat="36.7640612" lon="-4.7116844"/>
 <node id="2620915465" visible="true" version="2" changeset="138942555" timestamp="2023-07-24T14:16:11Z" user="Robot8A" uid="393359" lat="36.7648926" lon="-4.7112970"/>
 <node id="2620915467" visible="true" version="1" changeset="19969916" timestamp="2014-01-13T11:28:03Z" user="Leonardo Velasco" uid="241061" lat="36.7653501" lon="-4.7113069"/>
 <node id="2620918082" visible="true" version="1" changeset="19969934" timestamp="2014-01-13T11:29:17Z" user="Leonardo Velasco" uid="241061" lat="36.7707050" lon="-4.7089826"/>
 <node id="2620918083" visible="true" version="1" changeset="19969934" timestamp="2014-01-13T11:29:17Z" user="Leonardo Velasco" uid="241061" lat="36.7701077" lon="-4.7084677"/>
 <node id="2620918084" visible="true" version="1" changeset="19969934" timestamp="2014-01-13T11:29:17Z" user="Leonardo Velasco" uid="241061" lat="36.7696608" lon="-4.7082692"/>
 <node id="2620918085" visible="true" version="1" changeset="19969934" timestamp="2014-01-13T11:29:17Z" user="Leonardo Velasco" uid="241061" lat="36.7692654" lon="-4.7084247"/>
 <node id="2620918086" visible="true" version="1" changeset="19969934" timestamp="2014-01-13T11:29:17Z" user="Leonardo Velasco" uid="241061" lat="36.7692568" lon="-4.7088807"/>
 <node id="2620918087" visible="true" version="1" changeset="19969934" timestamp="2014-01-13T11:29:17Z" user="Leonardo Velasco" uid="241061" lat="36.7693256" lon="-4.7095244"/>
 <node id="2620918088" visible="true" version="1" changeset="19969934" timestamp="2014-01-13T11:29:17Z" user="Leonardo Velasco" uid="241061" lat="36.7704643" lon="-4.7086125"/>
 <node id="2620919939" visible="true" version="2" changeset="67097291" timestamp="2019-02-11T11:37:32Z" user="km2bp" uid="3610826" lat="36.7676121" lon="-4.7090564"/>
 <node id="2620919940" visible="true" version="2" changeset="182778259" timestamp="2026-05-17T11:05:33Z" user="km2bp" uid="3610826" lat="36.7672825" lon="-4.7089388"/>
 <node id="2620919941" visible="true" version="2" changeset="182778259" timestamp="2026-05-17T11:05:33Z" user="km2bp" uid="3610826" lat="36.7672899" lon="-4.7085653"/>
 <node id="2620919942" visible="true" version="2" changeset="182778259" timestamp="2026-05-17T11:05:33Z" user="km2bp" uid="3610826" lat="36.7671690" lon="-4.7085616"/>
 <node id="2620919943" visible="true" version="2" changeset="182778259" timestamp="2026-05-17T11:05:33Z" user="km2bp" uid="3610826" lat="36.7670969" lon="-4.7089331"/>
 <node id="2620919983" visible="true" version="3" changeset="150387509" timestamp="2024-04-23T10:26:12Z" user="kapazao_import" uid="8770019" lat="36.7674261" lon="-4.7074041">
  <tag k="addr:city" v="Pizarra"/>
  <tag k="addr:housenumber" v="7"/>
  <tag k="addr:postcode" v="29560"/>
  <tag k="addr:street" v="Plaza del Ayuntamiento"/>
  <tag k="amenity" v="pharmacy"/>
  <tag k="healthcare" v="pharmacy"/>
  <tag k="name" v="Farmacia de La Plaza"/>
 </node>
 <node id="2620920983" visible="true" version="1" changeset="19970020" timestamp="2014-01-13T11:34:18Z" user="Leonardo Velasco" uid="241061" lat="36.7654577" lon="-4.7090385"/>
 <node id="2620920984" visible="true" version="1" changeset="19970020" timestamp="2014-01-13T11:34:18Z" user="Leonardo Velasco" uid="241061" lat="36.7654765" lon="-4.7088285"/>
 <node id="2620920985" visible="true" version="1" changeset="19970020" timestamp="2014-01-13T11:34:18Z" user="Leonardo Velasco" uid="241061" lat="36.7654551" lon="-4.7086527"/>
 <node id="2620920986" visible="true" version="1" changeset="19970020" timestamp="2014-01-13T11:34:18Z" user="Leonardo Velasco" uid="241061" lat="36.7652615" lon="-4.7086258"/>
 <node id="2620920987" visible="true" version="2" changeset="67097291" timestamp="2019-02-11T11:37:32Z" user="km2bp" uid="3610826" lat="36.7652034" lon="-4.7088869"/>
 <node id="2620920988" visible="true" version="1" changeset="19970020" timestamp="2014-01-13T11:34:18Z" user="Leonardo Velasco" uid="241061" lat="36.7653182" lon="-4.7089212"/>
 <node id="2620920989" visible="true" version="1" changeset="19970020" timestamp="2014-01-13T11:34:18Z" user="Leonardo Velasco" uid="241061" lat="36.7653096" lon="-4.7090179"/>
 <node id="2620920990" visible="true" version="1" changeset="19970020" timestamp="2014-01-13T11:34:18Z" user="Leonardo Velasco" uid="241061" lat="36.7654409" lon="-4.7088122"/>
 <node id="2620920991" visible="true" version="1" changeset="19970020" timestamp="2014-01-13T11:34:18Z" user="Leonardo Velasco" uid="241061" lat="36.7652361" lon="-4.7089098"/>
 <node id="2620921026" visible="true" version="1" changeset="19970031" timestamp="2014-01-13T11:35:06Z" user="Leonardo Velasco" uid="241061" lat="36.7656598" lon="-4.7093492"/>
 <node id="2620921027" visible="true" version="2" changeset="67097291" timestamp="2019-02-11T11:37:32Z" user="km2bp" uid="3610826" lat="36.7657562" lon="-4.7085164"/>
 <node id="2620921028" visible="true" version="1" changeset="19970031" timestamp="2014-01-13T11:35:06Z" user="Leonardo Velasco" uid="241061" lat="36.7653493" lon="-4.7085250"/>
 <node id="2620921029" visible="true" version="1" changeset="19970031" timestamp="2014-01-13T11:35:06Z" user="Leonardo Velasco" uid="241061" lat="36.7652726" lon="-4.7084970"/>
 <node id="2620921030" visible="true" version="2" changeset="67097291" timestamp="2019-02-11T11:37:32Z" user="km2bp" uid="3610826" lat="36.7651575" lon="-4.7092692"/>
 <node id="2620921416" visible="true" version="2" changeset="133359869" timestamp="2023-03-06T11:49:54Z" user="Tecnico_ext" uid="18182274" lat="36.7658376" lon="-4.7076561">
  <tag k="addr:city" v="Pizarra"/>
  <tag k="addr:housenumber" v="2"/>
  <tag k="addr:postcode" v="29560"/>
  <tag k="addr:street" v="Calle Lealtad"/>
  <tag k="amenity" v="pharmacy"/>
  <tag k="healthcare" v="pharmacy"/>
  <tag k="name" v="Farmacia Mª Angeles Bailén"/>
 </node>
 <node id="2620921926" visible="true" version="3" changeset="83440795" timestamp="2020-04-12T22:45:31Z" user="yopaseopor" uid="500572" lat="36.7671244" lon="-4.7072431">
  <tag k="amenity" v="bank"/>
  <tag k="atm" v="yes"/>
  <tag k="atm:network" v="Servired"/>
  <tag k="atm:operator" v="Cajamar"/>
  <tag k="brand" v="Cajamar"/>
  <tag k="brand:wikidata" v="Q8254971"/>
  <tag k="brand:wikipedia" v="es:Cajamar"/>
  <tag k="name" v="Cajamar"/>
 </node>
 <node id="2620923754" visible="true" version="2" changeset="67101075" timestamp="2019-02-11T13:51:17Z" user="km2bp" uid="3610826" lat="36.7674318" lon="-4.7075505"/>
 <node id="2620923756" visible="true" version="1" changeset="19970124" timestamp="2014-01-13T11:39:48Z" user="Leonardo Velasco" uid="241061" lat="36.7673227" lon="-4.7075886"/>
 <node id="2620923758" visible="true" version="2" changeset="56938478" timestamp="2018-03-06T15:07:27Z" user="alan_gr" uid="5307206" lat="36.7670922" lon="-4.7073697"/>
 <node id="2620923761" visible="true" version="1" changeset="19970124" timestamp="2014-01-13T11:39:48Z" user="Leonardo Velasco" uid="241061" lat="36.7672062" lon="-4.7073759"/>
 <node id="2620924641" visible="true" version="3" changeset="19970248" timestamp="2014-01-13T11:46:39Z" user="Leonardo Velasco" uid="241061" lat="36.7645517" lon="-4.7088828">
  <tag k="addr:city" v="Pizarra"/>
  <tag k="addr:housenumber" v="8"/>
  <tag k="addr:postcode" v="29560"/>
  <tag k="addr:street" v="Calle Estación"/>
  <tag k="amenity" v="post_office"/>
 </node>
 <node id="2620929817" visible="true" version="1" changeset="19970287" timestamp="2014-01-13T11:49:35Z" user="Leonardo Velasco" uid="241061" lat="36.7707118" lon="-4.7085181">
  <tag k="addr:city" v="Pizarra"/>
  <tag k="addr:housenumber" v="94"/>
  <tag k="addr:street" v="Avenida de la Fuensanta"/>
  <tag k="amenity" v="pharmacy"/>
 </node>
 <node id="2621993093" visible="true" version="1" changeset="19987130" timestamp="2014-01-14T09:44:21Z" user="Leonardo Velasco" uid="241061" lat="36.7653841" lon="-4.7081741"/>
 <node id="2621993097" visible="true" version="2" changeset="19987162" timestamp="2014-01-14T09:46:49Z" user="Leonardo Velasco" uid="241061" lat="36.7654541" lon="-4.7078559"/>
 <node id="2621993100" visible="true" version="1" changeset="19987130" timestamp="2014-01-14T09:44:21Z" user="Leonardo Velasco" uid="241061" lat="36.7649119" lon="-4.7075927"/>
 <node id="2621993103" visible="true" version="1" changeset="19987130" timestamp="2014-01-14T09:44:21Z" user="Leonardo Velasco" uid="241061" lat="36.7647148" lon="-4.7081822"/>
 <node id="2621993106" visible="true" version="1" changeset="19987130" timestamp="2014-01-14T09:44:21Z" user="Leonardo Velasco" uid="241061" lat="36.7650044" lon="-4.7082756"/>
 <node id="2621993108" visible="true" version="1" changeset="19987130" timestamp="2014-01-14T09:44:21Z" user="Leonardo Velasco" uid="241061" lat="36.7650735" lon="-4.7080352"/>
 <node id="2621993111" visible="true" version="1" changeset="19987130" timestamp="2014-01-14T09:44:21Z" user="Leonardo Velasco" uid="241061" lat="36.7650183" lon="-4.7083358"/>
 <node id="2621993114" visible="true" version="1" changeset="19987130" timestamp="2014-01-14T09:44:21Z" user="Leonardo Velasco" uid="241061" lat="36.7650870" lon="-4.7080722"/>
 <node id="2621995309" visible="true" version="1" changeset="19987162" timestamp="2014-01-14T09:46:49Z" user="Leonardo Velasco" uid="241061" lat="36.7654064" lon="-4.7080083"/>
 <node id="2621995310" visible="true" version="1" changeset="19987162" timestamp="2014-01-14T09:46:49Z" user="Leonardo Velasco" uid="241061" lat="36.7650180" lon="-4.7076436"/>
 <node id="2621995311" visible="true" version="1" changeset="19987162" timestamp="2014-01-14T09:46:49Z" user="Leonardo Velasco" uid="241061" lat="36.7649704" lon="-4.7077960"/>
 <node id="2621995312" visible="true" version="1" changeset="19987162" timestamp="2014-01-14T09:46:49Z" user="Leonardo Velasco" uid="241061" lat="36.7649538" lon="-4.7082525"/>
 <node id="2621995313" visible="true" version="1" changeset="19987162" timestamp="2014-01-14T09:46:49Z" user="Leonardo Velasco" uid="241061" lat="36.7649784" lon="-4.7080892"/>
 <node id="2621995314" visible="true" version="1" changeset="19987162" timestamp="2014-01-14T09:46:49Z" user="Leonardo Velasco" uid="241061" lat="36.7649402" lon="-4.7080738"/>
 <node id="2621995315" visible="true" version="1" changeset="19987162" timestamp="2014-01-14T09:46:49Z" user="Leonardo Velasco" uid="241061" lat="36.7649427" lon="-4.7080537"/>
 <node id="2621995316" visible="true" version="1" changeset="19987162" timestamp="2014-01-14T09:46:49Z" user="Leonardo Velasco" uid="241061" lat="36.7647681" lon="-4.7080227"/>
 <node id="2621995317" visible="true" version="1" changeset="19987162" timestamp="2014-01-14T09:46:49Z" user="Leonardo Velasco" uid="241061" lat="36.7649139" lon="-4.7078631"/>
 <node id="2621995318" visible="true" version="1" changeset="19987162" timestamp="2014-01-14T09:46:49Z" user="Leonardo Velasco" uid="241061" lat="36.7648364" lon="-4.7078254"/>
 <node id="2621995319" visible="true" version="1" changeset="19987162" timestamp="2014-01-14T09:46:49Z" user="Leonardo Velasco" uid="241061" lat="36.7649065" lon="-4.7076012"/>
 <node id="2621995320" visible="true" version="1" changeset="19987162" timestamp="2014-01-14T09:46:49Z" user="Leonardo Velasco" uid="241061" lat="36.7649840" lon="-4.7076390"/>
 <node id="2621996578" visible="true" version="1" changeset="19987219" timestamp="2014-01-14T09:49:55Z" user="Leonardo Velasco" uid="241061" lat="36.7652610" lon="-4.7084031"/>
 <node id="2621996970" visible="true" version="2" changeset="67097291" timestamp="2019-02-11T11:37:32Z" user="km2bp" uid="3610826" lat="36.7652221" lon="-4.7098272"/>
 <node id="2621998457" visible="true" version="1" changeset="19987280" timestamp="2014-01-14T09:53:37Z" user="Leonardo Velasco" uid="241061" lat="36.7710089" lon="-4.7074107"/>
 <node id="2621998458" visible="true" version="1" changeset="19987280" timestamp="2014-01-14T09:53:37Z" user="Leonardo Velasco" uid="241061" lat="36.7704307" lon="-4.7070221"/>
 <node id="2621998459" visible="true" version="2" changeset="19987318" timestamp="2014-01-14T09:56:08Z" user="Leonardo Velasco" uid="241061" lat="36.7706897" lon="-4.7070207"/>
 <node id="2621998460" visible="true" version="1" changeset="19987280" timestamp="2014-01-14T09:53:37Z" user="Leonardo Velasco" uid="241061" lat="36.7713266" lon="-4.7069906"/>
 <node id="2621998461" visible="true" version="1" changeset="19987280" timestamp="2014-01-14T09:53:37Z" user="Leonardo Velasco" uid="241061" lat="36.7710392" lon="-4.7067936"/>
 <node id="2621998462" visible="true" version="2" changeset="19987300" timestamp="2014-01-14T09:54:52Z" user="Leonardo Velasco" uid="241061" lat="36.7702879" lon="-4.7076081"/>
 <node id="2621999710" visible="true" version="1" changeset="19987300" timestamp="2014-01-14T09:54:52Z" user="Leonardo Velasco" uid="241061" lat="36.7702536" lon="-4.7077448"/>
 <node id="2622001592" visible="true" version="1" changeset="19987333" timestamp="2014-01-14T09:57:39Z" user="Leonardo Velasco" uid="241061" lat="36.7699399" lon="-4.7056769"/>
 <node id="2622001593" visible="true" version="1" changeset="19987333" timestamp="2014-01-14T09:57:39Z" user="Leonardo Velasco" uid="241061" lat="36.7696133" lon="-4.7055106"/>
 <node id="2622001594" visible="true" version="1" changeset="19987333" timestamp="2014-01-14T09:57:39Z" user="Leonardo Velasco" uid="241061" lat="36.7694678" lon="-4.7053849"/>
 <node id="2678692716" visible="true" version="1" changeset="20636481" timestamp="2014-02-18T13:26:05Z" user="Leonardo Velasco" uid="241061" lat="36.7671446" lon="-4.7054365"/>
 <node id="2678692717" visible="true" version="1" changeset="20636481" timestamp="2014-02-18T13:26:05Z" user="Leonardo Velasco" uid="241061" lat="36.7671370" lon="-4.7052997"/>
 <node id="2678694221" visible="true" version="1" changeset="20636528" timestamp="2014-02-18T13:28:38Z" user="Leonardo Velasco" uid="241061" lat="36.7684516" lon="-4.7065396"/>
 <node id="2678694222" visible="true" version="2" changeset="163342782" timestamp="2025-03-07T20:30:41Z" user="Peri3" uid="14595185" lat="36.7683961" lon="-4.7064164"/>
 <node id="2678694223" visible="true" version="3" changeset="20636569" timestamp="2014-02-18T13:30:59Z" user="Leonardo Velasco" uid="241061" lat="36.7681599" lon="-4.7063200"/>
 <node id="2678694224" visible="true" version="1" changeset="20636528" timestamp="2014-02-18T13:28:38Z" user="Leonardo Velasco" uid="241061" lat="36.7677824" lon="-4.7062205"/>
 <node id="2678694225" visible="true" version="3" changeset="137988030" timestamp="2023-07-01T11:07:03Z" user="kapazao_import" uid="8770019" lat="36.7678778" lon="-4.7064001">
  <tag k="addr:city" v="Pizarra"/>
  <tag k="addr:housenumber" v="9"/>
  <tag k="addr:postcode" v="29560"/>
  <tag k="addr:street" v="Calle López de Uralde"/>
  <tag k="amenity" v="doctors"/>
  <tag k="healthcare" v="doctor"/>
  <tag k="phone" v="+34951 50 46 16"/>
 </node>
 <node id="2678695476" visible="true" version="1" changeset="20636567" timestamp="2014-02-18T13:30:51Z" user="Leonardo Velasco" uid="241061" lat="36.7676380" lon="-4.7071163"/>
 <node id="2728484709" visible="true" version="3" changeset="182778259" timestamp="2026-05-17T11:05:33Z" user="km2bp" uid="3610826" lat="36.7706424" lon="-4.7099156"/>
 <node id="2728484710" visible="true" version="1" changeset="21207586" timestamp="2014-03-20T10:34:33Z" user="cdavila" uid="26599" lat="36.7706793" lon="-4.7097656">
  <tag k="highway" v="crossing"/>
 </node>
 <node id="2728484711" visible="true" version="1" changeset="21207586" timestamp="2014-03-20T10:34:33Z" user="cdavila" uid="26599" lat="36.7707095" lon="-4.7090301"/>
 <node id="2728484712" visible="true" version="2" changeset="144875325" timestamp="2023-12-07T17:53:31Z" user="andi9876" uid="1256497" lat="36.7715064" lon="-4.7125245"/>
 <node id="2728484713" visible="true" version="1" changeset="21207586" timestamp="2014-03-20T10:34:33Z" user="cdavila" uid="26599" lat="36.7715926" lon="-4.7108391"/>
 <node id="2728484714" visible="true" version="2" changeset="144875325" timestamp="2023-12-07T17:53:31Z" user="andi9876" uid="1256497" lat="36.7723216" lon="-4.7130096"/>
 <node id="2815328178" visible="true" version="1" changeset="21927779" timestamp="2014-04-25T10:30:01Z" user="luschi" uid="1714220" lat="36.7526666" lon="-4.7114188"/>
 <node id="2815328184" visible="true" version="1" changeset="21927779" timestamp="2014-04-25T10:30:01Z" user="luschi" uid="1714220" lat="36.7528413" lon="-4.7132208"/>
 <node id="2815347983" visible="true" version="2" changeset="88350180" timestamp="2020-07-22T12:46:36Z" user="Sammyhawkrad" uid="6406545" lat="36.7294753" lon="-4.6971429"/>
 <node id="2880085212" visible="true" version="3" changeset="147148330" timestamp="2024-02-06T19:22:44Z" user="alan_gr" uid="5307206" lat="36.7649107" lon="-4.7060157">
  <tag k="highway" v="trailhead"/>
 </node>
 <node id="2880085213" visible="true" version="1" changeset="22545316" timestamp="2014-05-25T15:38:24Z" user="nestorlora_old" uid="2091962" lat="36.7649504" lon="-4.7058104"/>
 <node id="2880085214" visible="true" version="2" changeset="147148330" timestamp="2024-02-06T19:22:44Z" user="alan_gr" uid="5307206" lat="36.7649247" lon="-4.7055431"/>
 <node id="2880085215" visible="true" version="2" changeset="147148330" timestamp="2024-02-06T19:22:44Z" user="alan_gr" uid="5307206" lat="36.7648898" lon="-4.7053837"/>
 <node id="2880085216" visible="true" version="2" changeset="147148330" timestamp="2024-02-06T19:22:44Z" user="alan_gr" uid="5307206" lat="36.7648821" lon="-4.7051788"/>
 <node id="2880085217" visible="true" version="2" changeset="147148330" timestamp="2024-02-06T19:22:44Z" user="alan_gr" uid="5307206" lat="36.7649077" lon="-4.7045955"/>
 <node id="2880085218" visible="true" version="2" changeset="147148330" timestamp="2024-02-06T19:22:44Z" user="alan_gr" uid="5307206" lat="36.7649222" lon="-4.7044924"/>
 <node id="2880085220" visible="true" version="2" changeset="147148330" timestamp="2024-02-06T19:22:44Z" user="alan_gr" uid="5307206" lat="36.7649042" lon="-4.7043943"/>
 <node id="2880085221" visible="true" version="2" changeset="147148330" timestamp="2024-02-06T19:22:44Z" user="alan_gr" uid="5307206" lat="36.7649111" lon="-4.7043149"/>
 <node id="2880085222" visible="true" version="1" changeset="22545316" timestamp="2014-05-25T15:38:24Z" user="nestorlora_old" uid="2091962" lat="36.7648936" lon="-4.7042461"/>
 <node id="2880085223" visible="true" version="1" changeset="22545316" timestamp="2014-05-25T15:38:24Z" user="nestorlora_old" uid="2091962" lat="36.7648936" lon="-4.7041399"/>
 <node id="2880085224" visible="true" version="1" changeset="22545316" timestamp="2014-05-25T15:38:24Z" user="nestorlora_old" uid="2091962" lat="36.7648936" lon="-4.7040125"/>
 <node id="2880085225" visible="true" version="1" changeset="22545316" timestamp="2014-05-25T15:38:24Z" user="nestorlora_old" uid="2091962" lat="36.7648029" lon="-4.7038214"/>
 <node id="2880085226" visible="true" version="1" changeset="22545316" timestamp="2014-05-25T15:38:24Z" user="nestorlora_old" uid="2091962" lat="36.7648086" lon="-4.7037294"/>
 <node id="2880085227" visible="true" version="1" changeset="22545316" timestamp="2014-05-25T15:38:25Z" user="nestorlora_old" uid="2091962" lat="36.7648369" lon="-4.7035737"/>
 <node id="2880085228" visible="true" version="2" changeset="147148330" timestamp="2024-02-06T19:22:44Z" user="alan_gr" uid="5307206" lat="36.7648047" lon="-4.7034179"/>
 <node id="2880085229" visible="true" version="2" changeset="147148330" timestamp="2024-02-06T19:22:44Z" user="alan_gr" uid="5307206" lat="36.7647783" lon="-4.7032727"/>
 <node id="2880085230" visible="true" version="2" changeset="147148330" timestamp="2024-02-06T19:22:44Z" user="alan_gr" uid="5307206" lat="36.7648014" lon="-4.7031997"/>
 <node id="2880085231" visible="true" version="2" changeset="147148330" timestamp="2024-02-06T19:22:44Z" user="alan_gr" uid="5307206" lat="36.7648141" lon="-4.7029681"/>
 <node id="2880085232" visible="true" version="1" changeset="22545316" timestamp="2014-05-25T15:38:25Z" user="nestorlora_old" uid="2091962" lat="36.7649107" lon="-4.7029649"/>
 <node id="2880085233" visible="true" version="1" changeset="22545316" timestamp="2014-05-25T15:38:25Z" user="nestorlora_old" uid="2091962" lat="36.7649617" lon="-4.7028587"/>
 <node id="2880085234" visible="true" version="1" changeset="22545316" timestamp="2014-05-25T15:38:25Z" user="nestorlora_old" uid="2091962" lat="36.7649928" lon="-4.7027566"/>
 <node id="2978294871" visible="true" version="2" changeset="27452061" timestamp="2014-12-14T08:13:28Z" user="mdk" uid="178186" lat="36.7526343" lon="-4.7122403"/>
 <node id="3692243182" visible="true" version="3" changeset="163752304" timestamp="2025-03-17T22:15:59Z" user="kapazao" uid="7543375" lat="36.7711482" lon="-4.7089759"/>
 <node id="3692243183" visible="true" version="2" changeset="163752304" timestamp="2025-03-17T22:15:59Z" user="kapazao" uid="7543375" lat="36.7713501" lon="-4.7092378"/>
 <node id="3692243185" visible="true" version="2" changeset="163752304" timestamp="2025-03-17T22:15:59Z" user="kapazao" uid="7543375" lat="36.7714174" lon="-4.7091955"/>
 <node id="3692243186" visible="true" version="1" changeset="33277871" timestamp="2015-08-11T20:46:16Z" user="DannyAiquipa" uid="2226712" lat="36.7716684" lon="-4.7092880"/>
 <node id="3692243187" visible="true" version="1" changeset="33277871" timestamp="2015-08-11T20:46:16Z" user="DannyAiquipa" uid="2226712" lat="36.7718217" lon="-4.7093885"/>
 <node id="3692243188" visible="true" version="1" changeset="33277871" timestamp="2015-08-11T20:46:16Z" user="DannyAiquipa" uid="2226712" lat="36.7719115" lon="-4.7094972"/>
 <node id="3692243189" visible="true" version="1" changeset="33277871" timestamp="2015-08-11T20:46:16Z" user="DannyAiquipa" uid="2226712" lat="36.7720018" lon="-4.7097720"/>
 <node id="3692243190" visible="true" version="1" changeset="33277871" timestamp="2015-08-11T20:46:16Z" user="DannyAiquipa" uid="2226712" lat="36.7720998" lon="-4.7099982"/>
 <node id="3692243191" visible="true" version="1" changeset="33277871" timestamp="2015-08-11T20:46:16Z" user="DannyAiquipa" uid="2226712" lat="36.7722586" lon="-4.7102320"/>
 <node id="3692243192" visible="true" version="1" changeset="33277871" timestamp="2015-08-11T20:46:16Z" user="DannyAiquipa" uid="2226712" lat="36.7723846" lon="-4.7103742"/>
 <node id="3692243193" visible="true" version="1" changeset="33277871" timestamp="2015-08-11T20:46:16Z" user="DannyAiquipa" uid="2226712" lat="36.7724886" lon="-4.7103927"/>
 <node id="3692243194" visible="true" version="1" changeset="33277871" timestamp="2015-08-11T20:46:16Z" user="DannyAiquipa" uid="2226712" lat="36.7725603" lon="-4.7103783"/>
 <node id="3692243195" visible="true" version="1" changeset="33277871" timestamp="2015-08-11T20:46:16Z" user="DannyAiquipa" uid="2226712" lat="36.7726441" lon="-4.7103236"/>
 <node id="3692243196" visible="true" version="1" changeset="33277871" timestamp="2015-08-11T20:46:16Z" user="DannyAiquipa" uid="2226712" lat="36.7728253" lon="-4.7099401"/>
 <node id="3692243197" visible="true" version="1" changeset="33277871" timestamp="2015-08-11T20:46:16Z" user="DannyAiquipa" uid="2226712" lat="36.7728686" lon="-4.7097768"/>
 <node id="3692243198" visible="true" version="1" changeset="33277871" timestamp="2015-08-11T20:46:16Z" user="DannyAiquipa" uid="2226712" lat="36.7728965" lon="-4.7094753"/>
 <node id="3692243199" visible="true" version="1" changeset="33277871" timestamp="2015-08-11T20:46:16Z" user="DannyAiquipa" uid="2226712" lat="36.7729250" lon="-4.7092142"/>
 <node id="3692243200" visible="true" version="1" changeset="33277871" timestamp="2015-08-11T20:46:16Z" user="DannyAiquipa" uid="2226712" lat="36.7729759" lon="-4.7090734"/>
 <node id="3692243201" visible="true" version="1" changeset="33277871" timestamp="2015-08-11T20:46:16Z" user="DannyAiquipa" uid="2226712" lat="36.7730345" lon="-4.7089545"/>
 <node id="3692243203" visible="true" version="1" changeset="33277871" timestamp="2015-08-11T20:46:16Z" user="DannyAiquipa" uid="2226712" lat="36.7732097" lon="-4.7088854"/>
 <node id="3692243204" visible="true" version="1" changeset="33277871" timestamp="2015-08-11T20:46:16Z" user="DannyAiquipa" uid="2226712" lat="36.7732661" lon="-4.7089018"/>
 <node id="3692243205" visible="true" version="1" changeset="33277871" timestamp="2015-08-11T20:46:16Z" user="DannyAiquipa" uid="2226712" lat="36.7733165" lon="-4.7089326"/>
 <node id="3692243206" visible="true" version="1" changeset="33277871" timestamp="2015-08-11T20:46:16Z" user="DannyAiquipa" uid="2226712" lat="36.7734643" lon="-4.7091383"/>
 <node id="3692243207" visible="true" version="1" changeset="33277871" timestamp="2015-08-11T20:46:16Z" user="DannyAiquipa" uid="2226712" lat="36.7735913" lon="-4.7093038"/>
 <node id="3692243208" visible="true" version="1" changeset="33277871" timestamp="2015-08-11T20:46:16Z" user="DannyAiquipa" uid="2226712" lat="36.7736811" lon="-4.7093625"/>
 <node id="3692243209" visible="true" version="1" changeset="33277871" timestamp="2015-08-11T20:46:16Z" user="DannyAiquipa" uid="2226712" lat="36.7737348" lon="-4.7093830"/>
 <node id="3692243210" visible="true" version="1" changeset="33277871" timestamp="2015-08-11T20:46:16Z" user="DannyAiquipa" uid="2226712" lat="36.7738237" lon="-4.7093869"/>
 <node id="3692243211" visible="true" version="1" changeset="33277871" timestamp="2015-08-11T20:46:16Z" user="DannyAiquipa" uid="2226712" lat="36.7738987" lon="-4.7093452"/>
 <node id="3692243212" visible="true" version="1" changeset="33277871" timestamp="2015-08-11T20:46:16Z" user="DannyAiquipa" uid="2226712" lat="36.7742300" lon="-4.7090028"/>
 <node id="3692243213" visible="true" version="1" changeset="33277871" timestamp="2015-08-11T20:46:16Z" user="DannyAiquipa" uid="2226712" lat="36.7744632" lon="-4.7087765"/>
 <node id="3692243214" visible="true" version="1" changeset="33277871" timestamp="2015-08-11T20:46:16Z" user="DannyAiquipa" uid="2226712" lat="36.7746313" lon="-4.7085448"/>
 <node id="3692243215" visible="true" version="1" changeset="33277871" timestamp="2015-08-11T20:46:16Z" user="DannyAiquipa" uid="2226712" lat="36.7747419" lon="-4.7084853"/>
 <node id="3692243216" visible="true" version="1" changeset="33277871" timestamp="2015-08-11T20:46:16Z" user="DannyAiquipa" uid="2226712" lat="36.7748651" lon="-4.7084771"/>
 <node id="3692243217" visible="true" version="1" changeset="33277871" timestamp="2015-08-11T20:46:16Z" user="DannyAiquipa" uid="2226712" lat="36.7750337" lon="-4.7084853"/>
 <node id="3692243218" visible="true" version="1" changeset="33277871" timestamp="2015-08-11T20:46:16Z" user="DannyAiquipa" uid="2226712" lat="36.7751142" lon="-4.7084628"/>
 <node id="3692243219" visible="true" version="1" changeset="33277871" timestamp="2015-08-11T20:46:16Z" user="DannyAiquipa" uid="2226712" lat="36.7752774" lon="-4.7083842"/>
 <node id="3692243220" visible="true" version="1" changeset="33277871" timestamp="2015-08-11T20:46:16Z" user="DannyAiquipa" uid="2226712" lat="36.7753414" lon="-4.7083869"/>
 <node id="3692243221" visible="true" version="1" changeset="33277871" timestamp="2015-08-11T20:46:16Z" user="DannyAiquipa" uid="2226712" lat="36.7754137" lon="-4.7084129"/>
 <node id="3692243222" visible="true" version="1" changeset="33277871" timestamp="2015-08-11T20:46:16Z" user="DannyAiquipa" uid="2226712" lat="36.7754887" lon="-4.7085017"/>
 <node id="3692243223" visible="true" version="1" changeset="33277871" timestamp="2015-08-11T20:46:16Z" user="DannyAiquipa" uid="2226712" lat="36.7756376" lon="-4.7087868"/>
 <node id="3692243224" visible="true" version="1" changeset="33277871" timestamp="2015-08-11T20:46:16Z" user="DannyAiquipa" uid="2226712" lat="36.7757148" lon="-4.7090383"/>
 <node id="3692244325" visible="true" version="1" changeset="33277871" timestamp="2015-08-11T20:46:16Z" user="DannyAiquipa" uid="2226712" lat="36.7757920" lon="-4.7092379"/>
 <node id="3692244326" visible="true" version="1" changeset="33277871" timestamp="2015-08-11T20:46:16Z" user="DannyAiquipa" uid="2226712" lat="36.7758638" lon="-4.7093015"/>
 <node id="3692244327" visible="true" version="1" changeset="33277871" timestamp="2015-08-11T20:46:16Z" user="DannyAiquipa" uid="2226712" lat="36.7759163" lon="-4.7093193"/>
 <node id="3692244328" visible="true" version="1" changeset="33277871" timestamp="2015-08-11T20:46:16Z" user="DannyAiquipa" uid="2226712" lat="36.7759733" lon="-4.7093213"/>
 <node id="3692244329" visible="true" version="1" changeset="33277871" timestamp="2015-08-11T20:46:16Z" user="DannyAiquipa" uid="2226712" lat="36.7760499" lon="-4.7092947"/>
 <node id="3692244330" visible="true" version="1" changeset="33277871" timestamp="2015-08-11T20:46:16Z" user="DannyAiquipa" uid="2226712" lat="36.7761578" lon="-4.7091730"/>
 <node id="3692244331" visible="true" version="1" changeset="33277871" timestamp="2015-08-11T20:46:16Z" user="DannyAiquipa" uid="2226712" lat="36.7763330" lon="-4.7090124"/>
 <node id="3692244332" visible="true" version="1" changeset="33277871" timestamp="2015-08-11T20:46:16Z" user="DannyAiquipa" uid="2226712" lat="36.7764009" lon="-4.7089754"/>
 <node id="3692244333" visible="true" version="1" changeset="33277871" timestamp="2015-08-11T20:46:16Z" user="DannyAiquipa" uid="2226712" lat="36.7764983" lon="-4.7089461"/>
 <node id="3692244334" visible="true" version="1" changeset="33277871" timestamp="2015-08-11T20:46:16Z" user="DannyAiquipa" uid="2226712" lat="36.7765432" lon="-4.7089474"/>
 <node id="3692244335" visible="true" version="1" changeset="33277871" timestamp="2015-08-11T20:46:16Z" user="DannyAiquipa" uid="2226712" lat="36.7765996" lon="-4.7090035"/>
 <node id="3692244336" visible="true" version="1" changeset="33277871" timestamp="2015-08-11T20:46:17Z" user="DannyAiquipa" uid="2226712" lat="36.7766204" lon="-4.7090506"/>
 <node id="3692244337" visible="true" version="1" changeset="33277871" timestamp="2015-08-11T20:46:17Z" user="DannyAiquipa" uid="2226712" lat="36.7766286" lon="-4.7091621"/>
 <node id="3692244338" visible="true" version="1" changeset="33277871" timestamp="2015-08-11T20:46:17Z" user="DannyAiquipa" uid="2226712" lat="36.7766319" lon="-4.7094033"/>
 <node id="3692244339" visible="true" version="1" changeset="33277871" timestamp="2015-08-11T20:46:17Z" user="DannyAiquipa" uid="2226712" lat="36.7766670" lon="-4.7095442"/>
 <node id="3692244340" visible="true" version="1" changeset="33277871" timestamp="2015-08-11T20:46:17Z" user="DannyAiquipa" uid="2226712" lat="36.7767298" lon="-4.7097083"/>
 <node id="3692244341" visible="true" version="1" changeset="33277871" timestamp="2015-08-11T20:46:17Z" user="DannyAiquipa" uid="2226712" lat="36.7768599" lon="-4.7098630"/>
 <node id="3692244342" visible="true" version="1" changeset="33277871" timestamp="2015-08-11T20:46:17Z" user="DannyAiquipa" uid="2226712" lat="36.7769993" lon="-4.7099490"/>
 <node id="3692244343" visible="true" version="1" changeset="33277871" timestamp="2015-08-11T20:46:17Z" user="DannyAiquipa" uid="2226712" lat="36.7773167" lon="-4.7100573"/>
 <node id="3692244344" visible="true" version="2" changeset="113283820" timestamp="2021-11-02T13:09:49Z" user="alan_gr" uid="5307206" lat="36.7775313" lon="-4.7101813"/>
 <node id="3692244345" visible="true" version="2" changeset="113283820" timestamp="2021-11-02T13:09:49Z" user="alan_gr" uid="5307206" lat="36.7775819" lon="-4.7102407"/>
 <node id="3692244346" visible="true" version="2" changeset="113283820" timestamp="2021-11-02T13:09:49Z" user="alan_gr" uid="5307206" lat="36.7777058" lon="-4.7103692"/>
 <node id="3692244347" visible="true" version="2" changeset="113283820" timestamp="2021-11-02T13:09:49Z" user="alan_gr" uid="5307206" lat="36.7779195" lon="-4.7107356"/>
 <node id="3692244348" visible="true" version="2" changeset="113283820" timestamp="2021-11-02T13:09:49Z" user="alan_gr" uid="5307206" lat="36.7781781" lon="-4.7112248"/>
 <node id="3692244349" visible="true" version="2" changeset="113283820" timestamp="2021-11-02T13:09:49Z" user="alan_gr" uid="5307206" lat="36.7782687" lon="-4.7113369"/>
 <node id="3692244350" visible="true" version="2" changeset="113283820" timestamp="2021-11-02T13:09:49Z" user="alan_gr" uid="5307206" lat="36.7783531" lon="-4.7113997"/>
 <node id="3692244351" visible="true" version="2" changeset="113283820" timestamp="2021-11-02T13:09:49Z" user="alan_gr" uid="5307206" lat="36.7785691" lon="-4.7113997"/>
 <node id="3692244352" visible="true" version="2" changeset="113283820" timestamp="2021-11-02T13:09:49Z" user="alan_gr" uid="5307206" lat="36.7788757" lon="-4.7113939"/>
 <node id="3692244353" visible="true" version="2" changeset="113283820" timestamp="2021-11-02T13:09:49Z" user="alan_gr" uid="5307206" lat="36.7791444" lon="-4.7114094"/>
 <node id="3692244354" visible="true" version="2" changeset="113283820" timestamp="2021-11-02T13:09:49Z" user="alan_gr" uid="5307206" lat="36.7796415" lon="-4.7114916"/>
 <node id="3692244355" visible="true" version="2" changeset="113283820" timestamp="2021-11-02T13:09:49Z" user="alan_gr" uid="5307206" lat="36.7800070" lon="-4.7115273"/>
 <node id="4072091436" visible="true" version="4" changeset="39007264" timestamp="2016-04-30T21:44:56Z" user="teasu" uid="2040341" lat="36.7526785" lon="-4.7127433">
  <tag k="ford" v="yes"/>
 </node>
 <node id="4156433935" visible="true" version="1" changeset="38989957" timestamp="2016-04-29T21:44:01Z" user="teasu" uid="2040341" lat="36.7405856" lon="-4.7039440">
  <tag k="ford" v="yes"/>
 </node>
 <node id="4156433993" visible="true" version="1" changeset="38989957" timestamp="2016-04-29T21:44:02Z" user="teasu" uid="2040341" lat="36.7466728" lon="-4.7049150"/>
 <node id="4156433998" visible="true" version="1" changeset="38989957" timestamp="2016-04-29T21:44:02Z" user="teasu" uid="2040341" lat="36.7473870" lon="-4.7047235"/>
 <node id="4156434037" visible="true" version="1" changeset="38989957" timestamp="2016-04-29T21:44:03Z" user="teasu" uid="2040341" lat="36.7490799" lon="-4.7036803"/>
 <node id="4156434062" visible="true" version="1" changeset="38989957" timestamp="2016-04-29T21:44:03Z" user="teasu" uid="2040341" lat="36.7494238" lon="-4.7033106"/>
 <node id="4156434066" visible="true" version="1" changeset="38989957" timestamp="2016-04-29T21:44:03Z" user="teasu" uid="2040341" lat="36.7494650" lon="-4.7031496">
  <tag k="ford" v="yes"/>
 </node>
 <node id="4156434068" visible="true" version="1" changeset="38989957" timestamp="2016-04-29T21:44:03Z" user="teasu" uid="2040341" lat="36.7495032" lon="-4.7030003"/>
 <node id="4158346742" visible="true" version="1" changeset="39007190" timestamp="2016-04-30T21:39:00Z" user="teasu" uid="2040341" lat="36.7306797" lon="-4.7002418"/>
 <node id="4158346744" visible="true" version="1" changeset="39007190" timestamp="2016-04-30T21:39:00Z" user="teasu" uid="2040341" lat="36.7308478" lon="-4.7004022">
  <tag k="ford" v="yes"/>
 </node>
 <node id="4192715696" visible="true" version="2" changeset="44164933" timestamp="2016-12-04T19:35:16Z" user="Parie" uid="246941" lat="36.7621439" lon="-4.7196239"/>
 <node id="4202494388" visible="true" version="1" changeset="39513525" timestamp="2016-05-23T16:46:19Z" user="dpawlyk" uid="1719931" lat="36.8180521" lon="-4.7023658"/>
 <node id="4202516090" visible="true" version="1" changeset="39513525" timestamp="2016-05-23T16:46:20Z" user="dpawlyk" uid="1719931" lat="36.8186131" lon="-4.7009493"/>
 <node id="4210031644" visible="true" version="1" changeset="39593614" timestamp="2016-05-27T01:19:13Z" user="dpawlyk" uid="1719931" lat="36.8083819" lon="-4.6990202"/>
 <node id="4210031646" visible="true" version="1" changeset="39593614" timestamp="2016-05-27T01:19:13Z" user="dpawlyk" uid="1719931" lat="36.8086241" lon="-4.6994807"/>
 <node id="4210031660" visible="true" version="1" changeset="39593614" timestamp="2016-05-27T01:19:13Z" user="dpawlyk" uid="1719931" lat="36.8217160" lon="-4.6916876"/>
 <node id="4210031661" visible="true" version="1" changeset="39593614" timestamp="2016-05-27T01:19:13Z" user="dpawlyk" uid="1719931" lat="36.8185565" lon="-4.6997495"/>
 <node id="4210031664" visible="true" version="2" changeset="44164933" timestamp="2016-12-04T19:35:16Z" user="Parie" uid="246941" lat="36.8044405" lon="-4.7052518"/>
 <node id="4210031665" visible="true" version="2" changeset="44164933" timestamp="2016-12-04T19:35:16Z" user="Parie" uid="246941" lat="36.8043945" lon="-4.7026699"/>
 <node id="4210031667" visible="true" version="1" changeset="39593614" timestamp="2016-05-27T01:19:14Z" user="dpawlyk" uid="1719931" lat="36.8137740" lon="-4.7041062"/>
 <node id="4210031671" visible="true" version="1" changeset="39593614" timestamp="2016-05-27T01:19:14Z" user="dpawlyk" uid="1719931" lat="36.8069302" lon="-4.6986197"/>
 <node id="4210031676" visible="true" version="1" changeset="39593614" timestamp="2016-05-27T01:19:14Z" user="dpawlyk" uid="1719931" lat="36.8027396" lon="-4.7098359"/>
 <node id="4210031678" visible="true" version="1" changeset="39593614" timestamp="2016-05-27T01:19:14Z" user="dpawlyk" uid="1719931" lat="36.8063727" lon="-4.6988743"/>
 <node id="4210031679" visible="true" version="1" changeset="39593614" timestamp="2016-05-27T01:19:14Z" user="dpawlyk" uid="1719931" lat="36.8043962" lon="-4.7057989"/>
 <node id="4210031680" visible="true" version="1" changeset="39593614" timestamp="2016-05-27T01:19:14Z" user="dpawlyk" uid="1719931" lat="36.8049402" lon="-4.7013476"/>
 <node id="4210031682" visible="true" version="1" changeset="39593614" timestamp="2016-05-27T01:19:14Z" user="dpawlyk" uid="1719931" lat="36.8232624" lon="-4.6918528"/>
 <node id="4210031683" visible="true" version="1" changeset="39593614" timestamp="2016-05-27T01:19:14Z" user="dpawlyk" uid="1719931" lat="36.8180909" lon="-4.6975753"/>
 <node id="4210031687" visible="true" version="1" changeset="39593614" timestamp="2016-05-27T01:19:14Z" user="dpawlyk" uid="1719931" lat="36.8016032" lon="-4.7112578"/>
 <node id="4210040891" visible="true" version="1" changeset="39593614" timestamp="2016-05-27T01:19:14Z" user="dpawlyk" uid="1719931" lat="36.8189588" lon="-4.6938004"/>
 <node id="4210040896" visible="true" version="1" changeset="39593614" timestamp="2016-05-27T01:19:14Z" user="dpawlyk" uid="1719931" lat="36.7955414" lon="-4.7090240"/>
 <node id="4210040899" visible="true" version="1" changeset="39593614" timestamp="2016-05-27T01:19:14Z" user="dpawlyk" uid="1719931" lat="36.8087500" lon="-4.7018725"/>
 <node id="4210040901" visible="true" version="1" changeset="39593614" timestamp="2016-05-27T01:19:14Z" user="dpawlyk" uid="1719931" lat="36.8097348" lon="-4.7035585"/>
 <node id="4210040902" visible="true" version="2" changeset="44164933" timestamp="2016-12-04T19:35:16Z" user="Parie" uid="246941" lat="36.7920307" lon="-4.7116333"/>
 <node id="4210040904" visible="true" version="1" changeset="39593614" timestamp="2016-05-27T01:19:14Z" user="dpawlyk" uid="1719931" lat="36.8184547" lon="-4.6990433"/>
 <node id="4210040905" visible="true" version="1" changeset="39593614" timestamp="2016-05-27T01:19:14Z" user="dpawlyk" uid="1719931" lat="36.8175664" lon="-4.6963721"/>
 <node id="4210040906" visible="true" version="1" changeset="39593614" timestamp="2016-05-27T01:19:14Z" user="dpawlyk" uid="1719931" lat="36.8196326" lon="-4.6933817"/>
 <node id="4210040907" visible="true" version="1" changeset="39593614" timestamp="2016-05-27T01:19:14Z" user="dpawlyk" uid="1719931" lat="36.8177916" lon="-4.7024942"/>
 <node id="4210055497" visible="true" version="1" changeset="39593614" timestamp="2016-05-27T01:25:25Z" user="dpawlyk" uid="1719931" lat="36.8113393" lon="-4.7043457"/>
 <node id="4258060721" visible="true" version="1" changeset="40195700" timestamp="2016-06-22T04:55:41Z" user="Lübeck" uid="55462" lat="36.7528439" lon="-4.7036046"/>
 <node id="4258060725" visible="true" version="1" changeset="40195700" timestamp="2016-06-22T04:55:41Z" user="Lübeck" uid="55462" lat="36.7530876" lon="-4.7103372"/>
 <node id="4258060728" visible="true" version="1" changeset="40195700" timestamp="2016-06-22T04:55:41Z" user="Lübeck" uid="55462" lat="36.7534749" lon="-4.7102251"/>
 <node id="4258060736" visible="true" version="1" changeset="40195700" timestamp="2016-06-22T04:55:42Z" user="Lübeck" uid="55462" lat="36.7538263" lon="-4.7087461"/>
 <node id="4258060808" visible="true" version="1" changeset="40195700" timestamp="2016-06-22T04:55:43Z" user="Lübeck" uid="55462" lat="36.7614377" lon="-4.7187428">
  <tag k="ford" v="yes"/>
 </node>
 <node id="4258060814" visible="true" version="1" changeset="40195700" timestamp="2016-06-22T04:55:43Z" user="Lübeck" uid="55462" lat="36.7616543" lon="-4.7190032"/>
 <node id="4258354890" visible="true" version="1" changeset="40200909" timestamp="2016-06-22T09:59:51Z" user="Lübeck" uid="55462" lat="36.7796364" lon="-4.7211827"/>
 <node id="4346081026" visible="true" version="1" changeset="41391211" timestamp="2016-08-11T15:18:32Z" user="rene78" uid="257555" lat="36.7612330" lon="-4.7013960"/>
 <node id="4346081027" visible="true" version="1" changeset="41391211" timestamp="2016-08-11T15:18:32Z" user="rene78" uid="257555" lat="36.7607870" lon="-4.7013650"/>
 <node id="4346081028" visible="true" version="1" changeset="41391211" timestamp="2016-08-11T15:18:32Z" user="rene78" uid="257555" lat="36.7598720" lon="-4.6997360"/>
 <node id="4346081029" visible="true" version="1" changeset="41391211" timestamp="2016-08-11T15:18:32Z" user="rene78" uid="257555" lat="36.7598150" lon="-4.6995730"/>
 <node id="4346081030" visible="true" version="1" changeset="41391211" timestamp="2016-08-11T15:18:32Z" user="rene78" uid="257555" lat="36.7597600" lon="-4.6994590"/>
 <node id="4346081031" visible="true" version="1" changeset="41391211" timestamp="2016-08-11T15:18:32Z" user="rene78" uid="257555" lat="36.7596280" lon="-4.6993670"/>
 <node id="4346081032" visible="true" version="1" changeset="41391211" timestamp="2016-08-11T15:18:32Z" user="rene78" uid="257555" lat="36.7586270" lon="-4.6996230"/>
 <node id="4346081033" visible="true" version="1" changeset="41391211" timestamp="2016-08-11T15:18:32Z" user="rene78" uid="257555" lat="36.7583600" lon="-4.6994980"/>
 <node id="4346081034" visible="true" version="1" changeset="41391211" timestamp="2016-08-11T15:18:32Z" user="rene78" uid="257555" lat="36.7569020" lon="-4.6974880"/>
 <node id="4346081035" visible="true" version="1" changeset="41391211" timestamp="2016-08-11T15:18:32Z" user="rene78" uid="257555" lat="36.7564940" lon="-4.6970110"/>
 <node id="4346081036" visible="true" version="1" changeset="41391211" timestamp="2016-08-11T15:18:32Z" user="rene78" uid="257555" lat="36.7565030" lon="-4.6969120"/>
 <node id="4346085575" visible="true" version="1" changeset="41391326" timestamp="2016-08-11T15:24:41Z" user="rene78" uid="257555" lat="36.7645829" lon="-4.7000500"/>
 <node id="4346085576" visible="true" version="1" changeset="41391326" timestamp="2016-08-11T15:24:41Z" user="rene78" uid="257555" lat="36.7645546" lon="-4.6996890"/>
 <node id="4346085577" visible="true" version="1" changeset="41391326" timestamp="2016-08-11T15:24:41Z" user="rene78" uid="257555" lat="36.7647474" lon="-4.6999367"/>
 <node id="4346085578" visible="true" version="1" changeset="41391326" timestamp="2016-08-11T15:24:41Z" user="rene78" uid="257555" lat="36.7649061" lon="-4.7005950"/>
 <node id="4346085579" visible="true" version="1" changeset="41391326" timestamp="2016-08-11T15:24:41Z" user="rene78" uid="257555" lat="36.7645829" lon="-4.7007295"/>
 <node id="4346085580" visible="true" version="1" changeset="41391326" timestamp="2016-08-11T15:24:41Z" user="rene78" uid="257555" lat="36.7644015" lon="-4.7006021"/>
 <node id="4346085581" visible="true" version="1" changeset="41391326" timestamp="2016-08-11T15:24:41Z" user="rene78" uid="257555" lat="36.7642314" lon="-4.7007508"/>
 <node id="4346085582" visible="true" version="2" changeset="163342782" timestamp="2025-03-07T20:30:41Z" user="Peri3" uid="14595185" lat="36.7641228" lon="-4.7015143"/>
 <node id="4346085585" visible="true" version="1" changeset="41391326" timestamp="2016-08-11T15:24:41Z" user="rene78" uid="257555" lat="36.7642970" lon="-4.7012750"/>
 <node id="4346086089" visible="true" version="1" changeset="41391326" timestamp="2016-08-11T15:24:41Z" user="rene78" uid="257555" lat="36.7655944" lon="-4.7009575"/>
 <node id="4346086090" visible="true" version="1" changeset="41391326" timestamp="2016-08-11T15:24:41Z" user="rene78" uid="257555" lat="36.7651660" lon="-4.7023469"/>
 <node id="4346086091" visible="true" version="1" changeset="41391326" timestamp="2016-08-11T15:24:42Z" user="rene78" uid="257555" lat="36.7659984" lon="-4.7004719"/>
 <node id="4346086092" visible="true" version="1" changeset="41391326" timestamp="2016-08-11T15:24:42Z" user="rene78" uid="257555" lat="36.7661518" lon="-4.7004485"/>
 <node id="4346086093" visible="true" version="1" changeset="41391326" timestamp="2016-08-11T15:24:42Z" user="rene78" uid="257555" lat="36.7659909" lon="-4.7007614"/>
 <node id="4346086094" visible="true" version="1" changeset="41391326" timestamp="2016-08-11T15:24:42Z" user="rene78" uid="257555" lat="36.7660582" lon="-4.7007334"/>
 <node id="4346086095" visible="true" version="1" changeset="41391326" timestamp="2016-08-11T15:24:42Z" user="rene78" uid="257555" lat="36.7661630" lon="-4.7007521"/>
 <node id="4346086096" visible="true" version="1" changeset="41391326" timestamp="2016-08-11T15:24:42Z" user="rene78" uid="257555" lat="36.7661705" lon="-4.7008968"/>
 <node id="4346086097" visible="true" version="1" changeset="41391326" timestamp="2016-08-11T15:24:42Z" user="rene78" uid="257555" lat="36.7661144" lon="-4.7009902"/>
 <node id="4346086098" visible="true" version="1" changeset="41391326" timestamp="2016-08-11T15:24:42Z" user="rene78" uid="257555" lat="36.7657739" lon="-4.7010556"/>
 <node id="4346086099" visible="true" version="1" changeset="41391326" timestamp="2016-08-11T15:24:42Z" user="rene78" uid="257555" lat="36.7656991" lon="-4.7009762"/>
 <node id="4346086100" visible="true" version="1" changeset="41391326" timestamp="2016-08-11T15:24:42Z" user="rene78" uid="257555" lat="36.7721950" lon="-4.6915970"/>
 <node id="4346086101" visible="true" version="1" changeset="41391326" timestamp="2016-08-11T15:24:42Z" user="rene78" uid="257555" lat="36.7721530" lon="-4.6915240"/>
 <node id="4346086102" visible="true" version="1" changeset="41391326" timestamp="2016-08-11T15:24:42Z" user="rene78" uid="257555" lat="36.7722130" lon="-4.6916780"/>
 <node id="4346086103" visible="true" version="1" changeset="41391326" timestamp="2016-08-11T15:24:42Z" user="rene78" uid="257555" lat="36.7722040" lon="-4.6917530"/>
 <node id="4346086104" visible="true" version="1" changeset="41391326" timestamp="2016-08-11T15:24:42Z" user="rene78" uid="257555" lat="36.7720920" lon="-4.6919690"/>
 <node id="4346086105" visible="true" version="1" changeset="41391326" timestamp="2016-08-11T15:24:42Z" user="rene78" uid="257555" lat="36.7717720" lon="-4.6922410"/>
 <node id="4375900969" visible="true" version="1" changeset="41808554" timestamp="2016-08-30T18:13:04Z" user="dpawlyk" uid="1719931" lat="36.7715982" lon="-4.7091007"/>
 <node id="4375900970" visible="true" version="1" changeset="41808554" timestamp="2016-08-30T18:13:04Z" user="dpawlyk" uid="1719931" lat="36.7711455" lon="-4.7088233"/>
 <node id="4375900971" visible="true" version="1" changeset="41808554" timestamp="2016-08-30T18:13:04Z" user="dpawlyk" uid="1719931" lat="36.7712458" lon="-4.7085482"/>
 <node id="4375900972" visible="true" version="1" changeset="41808554" timestamp="2016-08-30T18:13:04Z" user="dpawlyk" uid="1719931" lat="36.7716774" lon="-4.7088221"/>
 <node id="4375900973" visible="true" version="2" changeset="187625936" timestamp="2026-08-18T08:28:36Z" user="MaskaevaMBx" uid="23544099" lat="36.7718400" lon="-4.7089011"/>
 <node id="4375900974" visible="true" version="2" changeset="163752304" timestamp="2025-03-17T22:15:59Z" user="kapazao" uid="7543375" lat="36.7715560" lon="-4.7092280"/>
 <node id="4375900975" visible="true" version="1" changeset="41808554" timestamp="2016-08-30T18:13:04Z" user="dpawlyk" uid="1719931" lat="36.7717636" lon="-4.7091624"/>
 <node id="4375925674" visible="true" version="1" changeset="41808554" timestamp="2016-08-30T18:11:06Z" user="dpawlyk" uid="1719931" lat="36.7721737" lon="-4.7097474"/>
 <node id="4375925675" visible="true" version="1" changeset="41808554" timestamp="2016-08-30T18:11:06Z" user="dpawlyk" uid="1719931" lat="36.7720319" lon="-4.7081971"/>
 <node id="4375925676" visible="true" version="1" changeset="41808554" timestamp="2016-08-30T18:11:06Z" user="dpawlyk" uid="1719931" lat="36.7719353" lon="-4.7081515"/>
 <node id="4375925677" visible="true" version="1" changeset="41808554" timestamp="2016-08-30T18:11:06Z" user="dpawlyk" uid="1719931" lat="36.7718601" lon="-4.7080845"/>
 <node id="4375925678" visible="true" version="1" changeset="41808554" timestamp="2016-08-30T18:11:06Z" user="dpawlyk" uid="1719931" lat="36.7718063" lon="-4.7079906"/>
 <node id="4375925679" visible="true" version="1" changeset="41808554" timestamp="2016-08-30T18:11:06Z" user="dpawlyk" uid="1719931" lat="36.7717655" lon="-4.7078377"/>
 <node id="4375925680" visible="true" version="1" changeset="41808554" timestamp="2016-08-30T18:11:06Z" user="dpawlyk" uid="1719931" lat="36.7717634" lon="-4.7077009"/>
 <node id="4375925681" visible="true" version="1" changeset="41808554" timestamp="2016-08-30T18:11:06Z" user="dpawlyk" uid="1719931" lat="36.7718042" lon="-4.7075668"/>
 <node id="4375925682" visible="true" version="1" changeset="41808554" timestamp="2016-08-30T18:11:06Z" user="dpawlyk" uid="1719931" lat="36.7718579" lon="-4.7073468"/>
 <node id="4375925683" visible="true" version="1" changeset="41808554" timestamp="2016-08-30T18:11:06Z" user="dpawlyk" uid="1719931" lat="36.7718536" lon="-4.7072020"/>
 <node id="4375925684" visible="true" version="1" changeset="41808554" timestamp="2016-08-30T18:11:06Z" user="dpawlyk" uid="1719931" lat="36.7718493" lon="-4.7074488"/>
 <node id="4375925685" visible="true" version="1" changeset="41808554" timestamp="2016-08-30T18:11:06Z" user="dpawlyk" uid="1719931" lat="36.7718128" lon="-4.7070867"/>
 <node id="4375925686" visible="true" version="1" changeset="41808554" timestamp="2016-08-30T18:11:06Z" user="dpawlyk" uid="1719931" lat="36.7722361" lon="-4.7093075"/>
 <node id="4375925687" visible="true" version="1" changeset="41808554" timestamp="2016-08-30T18:11:06Z" user="dpawlyk" uid="1719931" lat="36.7716753" lon="-4.7069177"/>
 <node id="4375925688" visible="true" version="1" changeset="41808554" timestamp="2016-08-30T18:11:06Z" user="dpawlyk" uid="1719931" lat="36.7721716" lon="-4.7096053"/>
 <node id="4375925989" visible="true" version="1" changeset="41808554" timestamp="2016-08-30T18:11:06Z" user="dpawlyk" uid="1719931" lat="36.7723048" lon="-4.7091895"/>
 <node id="4375925990" visible="true" version="1" changeset="41808554" timestamp="2016-08-30T18:11:06Z" user="dpawlyk" uid="1719931" lat="36.7717569" lon="-4.7069901"/>
 <node id="4375925991" visible="true" version="1" changeset="41808554" timestamp="2016-08-30T18:11:06Z" user="dpawlyk" uid="1719931" lat="36.7714862" lon="-4.7067594"/>
 <node id="4375925992" visible="true" version="1" changeset="41808554" timestamp="2016-08-30T18:11:06Z" user="dpawlyk" uid="1719931" lat="36.7723714" lon="-4.7090179"/>
 <node id="4375925993" visible="true" version="1" changeset="41808554" timestamp="2016-08-30T18:11:06Z" user="dpawlyk" uid="1719931" lat="36.7724015" lon="-4.7088730"/>
 <node id="4375925994" visible="true" version="1" changeset="41808554" timestamp="2016-08-30T18:11:06Z" user="dpawlyk" uid="1719931" lat="36.7721888" lon="-4.7094604"/>
 <node id="4375925995" visible="true" version="1" changeset="41808554" timestamp="2016-08-30T18:11:06Z" user="dpawlyk" uid="1719931" lat="36.7712241" lon="-4.7065288"/>
 <node id="4375925996" visible="true" version="1" changeset="41808554" timestamp="2016-08-30T18:11:06Z" user="dpawlyk" uid="1719931" lat="36.7724101" lon="-4.7087201"/>
 <node id="4375925997" visible="true" version="1" changeset="41808554" timestamp="2016-08-30T18:11:06Z" user="dpawlyk" uid="1719931" lat="36.7723993" lon="-4.7085994"/>
 <node id="4375925998" visible="true" version="1" changeset="41808554" timestamp="2016-08-30T18:11:06Z" user="dpawlyk" uid="1719931" lat="36.7711081" lon="-4.7064456"/>
 <node id="4375925999" visible="true" version="1" changeset="41808554" timestamp="2016-08-30T18:11:06Z" user="dpawlyk" uid="1719931" lat="36.7723521" lon="-4.7084921"/>
 <node id="4375926000" visible="true" version="1" changeset="41808554" timestamp="2016-08-30T18:11:06Z" user="dpawlyk" uid="1719931" lat="36.7710071" lon="-4.7063839"/>
 <node id="4375926001" visible="true" version="1" changeset="41808554" timestamp="2016-08-30T18:11:06Z" user="dpawlyk" uid="1719931" lat="36.7723113" lon="-4.7083983"/>
 <node id="4375926002" visible="true" version="2" changeset="159581504" timestamp="2024-11-25T16:41:27Z" user="alan_gr" uid="5307206" lat="36.7725261" lon="-4.7105605"/>
 <node id="4375926004" visible="true" version="1" changeset="41808554" timestamp="2016-08-30T18:11:06Z" user="dpawlyk" uid="1719931" lat="36.7722382" lon="-4.7083124"/>
 <node id="4375926005" visible="true" version="2" changeset="159581504" timestamp="2024-11-25T16:41:27Z" user="alan_gr" uid="5307206" lat="36.7721410" lon="-4.7100565"/>
 <node id="4375926006" visible="true" version="1" changeset="41808554" timestamp="2016-08-30T18:11:06Z" user="dpawlyk" uid="1719931" lat="36.7721737" lon="-4.7082561"/>
 <node id="4375926007" visible="true" version="1" changeset="41808554" timestamp="2016-08-30T18:11:06Z" user="dpawlyk" uid="1719931" lat="36.7721802" lon="-4.7098654"/>
 <node id="4375926008" visible="true" version="1" changeset="41808554" timestamp="2016-08-30T18:11:06Z" user="dpawlyk" uid="1719931" lat="36.7721093" lon="-4.7082212"/>
 <node id="4375928243" visible="true" version="1" changeset="41808554" timestamp="2016-08-30T18:15:14Z" user="dpawlyk" uid="1719931" lat="36.7717269" lon="-4.7147587"/>
 <node id="4375928613" visible="true" version="1" changeset="41808554" timestamp="2016-08-30T18:15:03Z" user="dpawlyk" uid="1719931" lat="36.7719328" lon="-4.7141603"/>
 <node id="4375928614" visible="true" version="1" changeset="41808554" timestamp="2016-08-30T18:15:03Z" user="dpawlyk" uid="1719931" lat="36.7723048" lon="-4.7134971"/>
 <node id="4375928615" visible="true" version="1" changeset="41808554" timestamp="2016-08-30T18:15:03Z" user="dpawlyk" uid="1719931" lat="36.7716151" lon="-4.7139558"/>
 <node id="4375928616" visible="true" version="1" changeset="41808554" timestamp="2016-08-30T18:15:03Z" user="dpawlyk" uid="1719931" lat="36.7716194" lon="-4.7138485"/>
 <node id="4375928617" visible="true" version="1" changeset="41808554" timestamp="2016-08-30T18:15:03Z" user="dpawlyk" uid="1719931" lat="36.7716452" lon="-4.7137010"/>
 <node id="4375928618" visible="true" version="1" changeset="41808554" timestamp="2016-08-30T18:15:03Z" user="dpawlyk" uid="1719931" lat="36.7718407" lon="-4.7134060"/>
 <node id="4375928619" visible="true" version="1" changeset="41808554" timestamp="2016-08-30T18:15:03Z" user="dpawlyk" uid="1719931" lat="36.7717054" lon="-4.7135964"/>
 <node id="4375928620" visible="true" version="1" changeset="41808554" timestamp="2016-08-30T18:15:03Z" user="dpawlyk" uid="1719931" lat="36.7723780" lon="-4.7135311"/>
 <node id="4375928621" visible="true" version="1" changeset="41808554" timestamp="2016-08-30T18:15:03Z" user="dpawlyk" uid="1719931" lat="36.7717806" lon="-4.7134569"/>
 <node id="4375928622" visible="true" version="1" changeset="41808554" timestamp="2016-08-30T18:15:03Z" user="dpawlyk" uid="1719931" lat="36.7716104" lon="-4.7140424"/>
 <node id="4375929487" visible="true" version="1" changeset="41808554" timestamp="2016-08-30T18:15:55Z" user="dpawlyk" uid="1719931" lat="36.7695605" lon="-4.7121355"/>
 <node id="4375933057" visible="true" version="1" changeset="41808554" timestamp="2016-08-30T18:20:48Z" user="dpawlyk" uid="1719931" lat="36.7665788" lon="-4.7108257"/>
 <node id="4375933058" visible="true" version="2" changeset="138942555" timestamp="2023-07-24T14:16:11Z" user="Robot8A" uid="393359" lat="36.7638692" lon="-4.7107149"/>
 <node id="4375933059" visible="true" version="1" changeset="41808554" timestamp="2016-08-30T18:20:48Z" user="dpawlyk" uid="1719931" lat="36.7659407" lon="-4.7107398"/>
 <node id="4375933060" visible="true" version="2" changeset="138942555" timestamp="2023-07-24T14:16:11Z" user="Robot8A" uid="393359" lat="36.7638377" lon="-4.7106652"/>
 <node id="4375933061" visible="true" version="1" changeset="41808554" timestamp="2016-08-30T18:20:48Z" user="dpawlyk" uid="1719931" lat="36.7649609" lon="-4.7106030"/>
 <node id="4375933062" visible="true" version="1" changeset="41808554" timestamp="2016-08-30T18:20:48Z" user="dpawlyk" uid="1719931" lat="36.7647224" lon="-4.7106057"/>
 <node id="4375933063" visible="true" version="2" changeset="138942555" timestamp="2023-07-24T14:16:11Z" user="Robot8A" uid="393359" lat="36.7638093" lon="-4.7106468"/>
 <node id="4375933064" visible="true" version="2" changeset="138942555" timestamp="2023-07-24T14:16:11Z" user="Robot8A" uid="393359" lat="36.7645122" lon="-4.7105950"/>
 <node id="4375933065" visible="true" version="2" changeset="138942555" timestamp="2023-07-24T14:16:11Z" user="Robot8A" uid="393359" lat="36.7643276" lon="-4.7105938"/>
 <node id="4375933066" visible="true" version="1" changeset="41808554" timestamp="2016-08-30T18:20:48Z" user="dpawlyk" uid="1719931" lat="36.7637533" lon="-4.7106245"/>
 <node id="4375933067" visible="true" version="2" changeset="138942555" timestamp="2023-07-24T14:16:11Z" user="Robot8A" uid="393359" lat="36.7637147" lon="-4.7106158"/>
 <node id="4375933070" visible="true" version="1" changeset="41808554" timestamp="2016-08-30T18:20:48Z" user="dpawlyk" uid="1719931" lat="36.7666649" lon="-4.7108304"/>
 <node id="4379627628" visible="true" version="1" changeset="41854934" timestamp="2016-09-01T18:55:40Z" user="dpawlyk" uid="1719931" lat="36.7247667" lon="-4.6882110"/>
 <node id="4379627680" visible="true" version="2" changeset="44164933" timestamp="2016-12-04T19:35:16Z" user="Parie" uid="246941" lat="36.7649985" lon="-4.7220781"/>
 <node id="4488027399" visible="true" version="1" changeset="43479469" timestamp="2016-11-08T06:02:14Z" user="andi9876" uid="1256497" lat="36.8157683" lon="-4.7032705"/>
 <node id="4538374919" visible="true" version="1" changeset="44164933" timestamp="2016-12-04T19:35:08Z" user="Parie" uid="246941" lat="36.7277658" lon="-4.6512365"/>
 <node id="4538374929" visible="true" version="1" changeset="44164933" timestamp="2016-12-04T19:35:08Z" user="Parie" uid="246941" lat="36.7311972" lon="-4.6594078"/>
 <node id="4538374930" visible="true" version="1" changeset="44164933" timestamp="2016-12-04T19:35:08Z" user="Parie" uid="246941" lat="36.7303824" lon="-4.6682162"/>
 <node id="4538374931" visible="true" version="1" changeset="44164933" timestamp="2016-12-04T19:35:08Z" user="Parie" uid="246941" lat="36.7312165" lon="-4.6707375"/>
 <node id="4538374932" visible="true" version="1" changeset="44164933" timestamp="2016-12-04T19:35:08Z" user="Parie" uid="246941" lat="36.7309155" lon="-4.6718640"/>
 <node id="4538374933" visible="true" version="1" changeset="44164933" timestamp="2016-12-04T19:35:08Z" user="Parie" uid="246941" lat="36.7281983" lon="-4.6775503"/>
 <node id="4538374934" visible="true" version="1" changeset="44164933" timestamp="2016-12-04T19:35:08Z" user="Parie" uid="246941" lat="36.7253004" lon="-4.6801681"/>
 <node id="4538374935" visible="true" version="1" changeset="44164933" timestamp="2016-12-04T19:35:08Z" user="Parie" uid="246941" lat="36.7239331" lon="-4.6830649"/>
 <node id="4538374936" visible="true" version="1" changeset="44164933" timestamp="2016-12-04T19:35:08Z" user="Parie" uid="246941" lat="36.7238385" lon="-4.6861334"/>
 <node id="4538374949" visible="true" version="1" changeset="44164933" timestamp="2016-12-04T19:35:08Z" user="Parie" uid="246941" lat="36.7331340" lon="-4.7039593"/>
 <node id="4538374950" visible="true" version="1" changeset="44164933" timestamp="2016-12-04T19:35:08Z" user="Parie" uid="246941" lat="36.7346387" lon="-4.7040130"/>
 <node id="4538374951" visible="true" version="1" changeset="44164933" timestamp="2016-12-04T19:35:08Z" user="Parie" uid="246941" lat="36.7352320" lon="-4.7036267"/>
 <node id="4538374952" visible="true" version="1" changeset="44164933" timestamp="2016-12-04T19:35:08Z" user="Parie" uid="246941" lat="36.7383659" lon="-4.7012610"/>
 <node id="4538374953" visible="true" version="1" changeset="44164933" timestamp="2016-12-04T19:35:08Z" user="Parie" uid="246941" lat="36.7395137" lon="-4.7017385"/>
 <node id="4538374954" visible="true" version="1" changeset="44164933" timestamp="2016-12-04T19:35:08Z" user="Parie" uid="246941" lat="36.7514765" lon="-4.7023232"/>
 <node id="4538374955" visible="true" version="1" changeset="44164933" timestamp="2016-12-04T19:35:08Z" user="Parie" uid="246941" lat="36.7590624" lon="-4.7139371"/>
 <node id="4538374956" visible="true" version="1" changeset="44164933" timestamp="2016-12-04T19:35:08Z" user="Parie" uid="246941" lat="36.7594793" lon="-4.7152031"/>
 <node id="4538374957" visible="true" version="1" changeset="44164933" timestamp="2016-12-04T19:35:08Z" user="Parie" uid="246941" lat="36.7602486" lon="-4.7172202"/>
 <node id="4538374958" visible="true" version="1" changeset="44164933" timestamp="2016-12-04T19:35:08Z" user="Parie" uid="246941" lat="36.7608245" lon="-4.7180677"/>
 <node id="4538374960" visible="true" version="1" changeset="44164933" timestamp="2016-12-04T19:35:08Z" user="Parie" uid="246941" lat="36.7641121" lon="-4.7221823"/>
 <node id="4538374961" visible="true" version="1" changeset="44164933" timestamp="2016-12-04T19:35:08Z" user="Parie" uid="246941" lat="36.7655861" lon="-4.7215224"/>
 <node id="4538374962" visible="true" version="1" changeset="44164933" timestamp="2016-12-04T19:35:08Z" user="Parie" uid="246941" lat="36.7695149" lon="-4.7184089"/>
 <node id="4538374963" visible="true" version="1" changeset="44164933" timestamp="2016-12-04T19:35:08Z" user="Parie" uid="246941" lat="36.7703786" lon="-4.7178430"/>
 <node id="4538374964" visible="true" version="1" changeset="44164933" timestamp="2016-12-04T19:35:08Z" user="Parie" uid="246941" lat="36.7733651" lon="-4.7152761"/>
 <node id="4538374965" visible="true" version="1" changeset="44164933" timestamp="2016-12-04T19:35:08Z" user="Parie" uid="246941" lat="36.7731825" lon="-4.7137231"/>
 <node id="4538374966" visible="true" version="1" changeset="44164933" timestamp="2016-12-04T19:35:08Z" user="Parie" uid="246941" lat="36.7733522" lon="-4.7132430"/>
 <node id="4538374967" visible="true" version="1" changeset="44164933" timestamp="2016-12-04T19:35:08Z" user="Parie" uid="246941" lat="36.7736186" lon="-4.7126743"/>
 <node id="4538374968" visible="true" version="1" changeset="44164933" timestamp="2016-12-04T19:35:08Z" user="Parie" uid="246941" lat="36.7738163" lon="-4.7115156"/>
 <node id="4538374969" visible="true" version="1" changeset="44164933" timestamp="2016-12-04T19:35:08Z" user="Parie" uid="246941" lat="36.7740784" lon="-4.7109470"/>
 <node id="4538374970" visible="true" version="1" changeset="44164933" timestamp="2016-12-04T19:35:08Z" user="Parie" uid="246941" lat="36.7747379" lon="-4.7105929"/>
 <node id="4538374971" visible="true" version="1" changeset="44164933" timestamp="2016-12-04T19:35:08Z" user="Parie" uid="246941" lat="36.7752128" lon="-4.7106117"/>
 <node id="4538374972" visible="true" version="1" changeset="44164933" timestamp="2016-12-04T19:35:08Z" user="Parie" uid="246941" lat="36.7761441" lon="-4.7104347"/>
 <node id="4538374973" visible="true" version="1" changeset="44164933" timestamp="2016-12-04T19:35:08Z" user="Parie" uid="246941" lat="36.7765652" lon="-4.7106010"/>
 <node id="4538374974" visible="true" version="1" changeset="44164933" timestamp="2016-12-04T19:35:08Z" user="Parie" uid="246941" lat="36.7773515" lon="-4.7115237"/>
 <node id="4538374975" visible="true" version="1" changeset="44164933" timestamp="2016-12-04T19:35:08Z" user="Parie" uid="246941" lat="36.7763632" lon="-4.7145224"/>
 <node id="4538374976" visible="true" version="1" changeset="44164933" timestamp="2016-12-04T19:35:08Z" user="Parie" uid="246941" lat="36.7757960" lon="-4.7152198"/>
 <node id="4538374977" visible="true" version="1" changeset="44164933" timestamp="2016-12-04T19:35:08Z" user="Parie" uid="246941" lat="36.7766962" lon="-4.7182614"/>
 <node id="4538374978" visible="true" version="1" changeset="44164933" timestamp="2016-12-04T19:35:08Z" user="Parie" uid="246941" lat="36.7784536" lon="-4.7204501"/>
 <node id="4538374979" visible="true" version="1" changeset="44164933" timestamp="2016-12-04T19:35:08Z" user="Parie" uid="246941" lat="36.7810229" lon="-4.7202945"/>
 <node id="4538374980" visible="true" version="1" changeset="44164933" timestamp="2016-12-04T19:35:08Z" user="Parie" uid="246941" lat="36.7815321" lon="-4.7198492"/>
 <node id="4538374981" visible="true" version="1" changeset="44164933" timestamp="2016-12-04T19:35:08Z" user="Parie" uid="246941" lat="36.7821357" lon="-4.7149542"/>
 <node id="4538374982" visible="true" version="1" changeset="44164933" timestamp="2016-12-04T19:35:08Z" user="Parie" uid="246941" lat="36.7828618" lon="-4.7136560"/>
 <node id="4538374983" visible="true" version="1" changeset="44164933" timestamp="2016-12-04T19:35:08Z" user="Parie" uid="246941" lat="36.7832872" lon="-4.7133395"/>
 <node id="4538374984" visible="true" version="1" changeset="44164933" timestamp="2016-12-04T19:35:08Z" user="Parie" uid="246941" lat="36.7846212" lon="-4.7131169"/>
 <node id="4538374985" visible="true" version="1" changeset="44164933" timestamp="2016-12-04T19:35:09Z" user="Parie" uid="246941" lat="36.7870443" lon="-4.7147611"/>
 <node id="4538374986" visible="true" version="1" changeset="44164933" timestamp="2016-12-04T19:35:09Z" user="Parie" uid="246941" lat="36.7880539" lon="-4.7151339"/>
 <node id="4538374987" visible="true" version="1" changeset="44164933" timestamp="2016-12-04T19:35:09Z" user="Parie" uid="246941" lat="36.7891880" lon="-4.7143990"/>
 <node id="4538374988" visible="true" version="1" changeset="44164933" timestamp="2016-12-04T19:35:09Z" user="Parie" uid="246941" lat="36.7917678" lon="-4.7127441"/>
 <node id="4538375089" visible="true" version="1" changeset="44164933" timestamp="2016-12-04T19:35:09Z" user="Parie" uid="246941" lat="36.7923430" lon="-4.7108587"/>
 <node id="4538375090" visible="true" version="1" changeset="44164933" timestamp="2016-12-04T19:35:09Z" user="Parie" uid="246941" lat="36.8042890" lon="-4.7046413"/>
 <node id="4538375091" visible="true" version="1" changeset="44164933" timestamp="2016-12-04T19:35:09Z" user="Parie" uid="246941" lat="36.8170438" lon="-4.7025599"/>
 <node id="4538375093" visible="true" version="1" changeset="44164933" timestamp="2016-12-04T19:35:09Z" user="Parie" uid="246941" lat="36.8201923" lon="-4.6926902"/>
 <node id="4538375094" visible="true" version="1" changeset="44164933" timestamp="2016-12-04T19:35:09Z" user="Parie" uid="246941" lat="36.8274408" lon="-4.6964185"/>
 <node id="4539665076" visible="true" version="1" changeset="44182976" timestamp="2016-12-05T13:10:17Z" user="Parie" uid="246941" lat="36.7300156" lon="-4.6732601"/>
 <node id="4539676287" visible="true" version="1" changeset="44183155" timestamp="2016-12-05T13:16:19Z" user="Parie" uid="246941" lat="36.7295060" lon="-4.6758796"/>
 <node id="4539676288" visible="true" version="1" changeset="44183155" timestamp="2016-12-05T13:16:19Z" user="Parie" uid="246941" lat="36.7296425" lon="-4.6754049"/>
 <node id="4539676289" visible="true" version="1" changeset="44183155" timestamp="2016-12-05T13:16:19Z" user="Parie" uid="246941" lat="36.7294920" lon="-4.6744339"/>
 <node id="4539676292" visible="true" version="3" changeset="54943667" timestamp="2017-12-27T00:39:51Z" user="Mateusz Konieczny" uid="1722488" lat="36.7296568" lon="-4.6746898">
  <tag k="ford" v="yes"/>
  <tag k="seasonal" v="wet_season"/>
 </node>
 <node id="4539696122" visible="true" version="2" changeset="92640614" timestamp="2020-10-17T19:57:38Z" user="Begavil84" uid="1725439" lat="36.7616809" lon="-4.7115009"/>
 <node id="4539723243" visible="true" version="1" changeset="44184115" timestamp="2016-12-05T13:56:18Z" user="Parie" uid="246941" lat="36.7634347" lon="-4.7147910"/>
 <node id="4539723244" visible="true" version="1" changeset="44184115" timestamp="2016-12-05T13:56:18Z" user="Parie" uid="246941" lat="36.7622400" lon="-4.7141526"/>
 <node id="4539723245" visible="true" version="1" changeset="44184115" timestamp="2016-12-05T13:56:18Z" user="Parie" uid="246941" lat="36.7637183" lon="-4.7136054"/>
 <node id="4539723246" visible="true" version="1" changeset="44184115" timestamp="2016-12-05T13:56:18Z" user="Parie" uid="246941" lat="36.7647110" lon="-4.7127579"/>
 <node id="4539723247" visible="true" version="2" changeset="118836764" timestamp="2022-03-23T20:05:50Z" user="bkr" uid="40560" lat="36.7645162" lon="-4.7122984"/>
 <node id="4815068896" visible="true" version="2" changeset="92640614" timestamp="2020-10-17T19:57:38Z" user="Begavil84" uid="1725439" lat="36.7587413" lon="-4.7080581"/>
 <node id="4815068897" visible="true" version="1" changeset="48114802" timestamp="2017-04-25T08:14:23Z" user="Samuel_MTB" uid="5728880" lat="36.7583061" lon="-4.7054181"/>
 <node id="4817471551" visible="true" version="1" changeset="48152022" timestamp="2017-04-26T06:56:38Z" user="Samuel_MTB" uid="5728880" lat="36.7597137" lon="-4.7099234"/>
 <node id="5238737509" visible="true" version="1" changeset="53936692" timestamp="2017-11-20T01:29:14Z" user="andi9876" uid="1256497" lat="36.7677451" lon="-4.7088625"/>
 <node id="5238737510" visible="true" version="1" changeset="53936692" timestamp="2017-11-20T01:29:14Z" user="andi9876" uid="1256497" lat="36.7678361" lon="-4.7092702"/>
 <node id="5238746924" visible="true" version="2" changeset="138942555" timestamp="2023-07-24T14:16:11Z" user="Robot8A" uid="393359" lat="36.7641054" lon="-4.7102742"/>
 <node id="5419159953" visible="true" version="2" changeset="147148330" timestamp="2024-02-06T19:22:44Z" user="alan_gr" uid="5307206" lat="36.7638120" lon="-4.6968893"/>
 <node id="5419159954" visible="true" version="1" changeset="56452342" timestamp="2018-02-18T00:01:24Z" user="alan_gr" uid="5307206" lat="36.7704819" lon="-4.7055151">
  <tag k="description" v="SL-A 213"/>
  <tag k="hiking" v="yes"/>
  <tag k="information" v="guidepost"/>
  <tag k="tourism" v="information"/>
 </node>
 <node id="5419159968" visible="true" version="1" changeset="56452342" timestamp="2018-02-18T00:01:24Z" user="alan_gr" uid="5307206" lat="36.7704125" lon="-4.6960981">
  <tag k="description" v="SL-A 213"/>
  <tag k="hiking" v="yes"/>
  <tag k="information" v="guidepost"/>
  <tag k="tourism" v="information"/>
 </node>
 <node id="5419159969" visible="true" version="1" changeset="56452342" timestamp="2018-02-18T00:01:24Z" user="alan_gr" uid="5307206" lat="36.7703793" lon="-4.6954834"/>
 <node id="5419159970" visible="true" version="1" changeset="56452342" timestamp="2018-02-18T00:01:24Z" user="alan_gr" uid="5307206" lat="36.7702851" lon="-4.6930397"/>
 <node id="5419159971" visible="true" version="1" changeset="56452342" timestamp="2018-02-18T00:01:24Z" user="alan_gr" uid="5307206" lat="36.7659319" lon="-4.6957094"/>
 <node id="5419159972" visible="true" version="2" changeset="147148330" timestamp="2024-02-06T19:22:44Z" user="alan_gr" uid="5307206" lat="36.7639556" lon="-4.6973898">
  <tag k="description" v="GR 340 SL-A 213 itinerario alternativo"/>
  <tag k="direction_northeast" v="SL-A 213 El Santo 2.3 km, Ermita 4.3 km"/>
  <tag k="direction_south" v="GR 340 Álora 14.2 km; SL-A 213 Itinerario Alternativo El Santo 2.3 km"/>
  <tag k="direction_southwest" v="GR 340 SL-A 213 Pizarra 1.5 km"/>
  <tag k="hiking" v="yes"/>
  <tag k="information" v="guidepost"/>
  <tag k="tourism" v="information"/>
 </node>
 <node id="5419159973" visible="true" version="1" changeset="56452342" timestamp="2018-02-18T00:01:24Z" user="alan_gr" uid="5307206" lat="36.7632951" lon="-4.6977054">
  <tag k="amenity" v="bench"/>
  <tag k="material" v="stone"/>
 </node>
 <node id="5419159974" visible="true" version="2" changeset="147148330" timestamp="2024-02-06T19:22:44Z" user="alan_gr" uid="5307206" lat="36.7659311" lon="-4.7003754">
  <tag k="description" v="GR 340; SL-A 213"/>
  <tag k="direction_northeast" v="GR 340 Álora 14.6 km; SL-A 213 El Santo 3.3 km, Ermita 5.3 km"/>
  <tag k="direction_southwest" v="SL-A 213 Pizarra 0.5 km"/>
  <tag k="hiking" v="yes"/>
  <tag k="information" v="guidepost"/>
  <tag k="tourism" v="information"/>
 </node>
 <node id="5419159975" visible="true" version="3" changeset="147148330" timestamp="2024-02-06T19:22:44Z" user="alan_gr" uid="5307206" lat="36.7649097" lon="-4.7058694">
  <tag k="check_date" v="2022-03-23"/>
  <tag k="description" v="Mapa y descripción de la ruta SL-A 213 Sendero El Santo"/>
  <tag k="hiking" v="yes"/>
  <tag k="information" v="map"/>
  <tag k="name" v="Sendero El Santo"/>
  <tag k="tourism" v="information"/>
 </node>
 <node id="5419159976" visible="true" version="2" changeset="147148330" timestamp="2024-02-06T19:22:44Z" user="alan_gr" uid="5307206" lat="36.7648902" lon="-4.7060506">
  <tag k="description" v="GR 340; SL-A 213"/>
  <tag k="direction_east" v="GR 340 Álora 15.3 km; SL-A 213 El Santo 2.8 km, Ermita 5.8 km, Fin de Sendero 6.6 km"/>
  <tag k="hiking" v="yes"/>
  <tag k="information" v="guidepost"/>
  <tag k="tourism" v="information"/>
 </node>
 <node id="5432358133" visible="true" version="1" changeset="56624761" timestamp="2018-02-23T23:52:25Z" user="alan_gr" uid="5307206" lat="36.7614869" lon="-4.7048880"/>
 <node id="5432358134" visible="true" version="2" changeset="92640614" timestamp="2020-10-17T19:57:38Z" user="Begavil84" uid="1725439" lat="36.7590010" lon="-4.7082934"/>
 <node id="5457431804" visible="true" version="3" changeset="173662332" timestamp="2025-10-23T08:50:37Z" user="kapazao_import" uid="8770019" lat="36.7646640" lon="-4.7105129">
  <tag k="bench" v="yes"/>
  <tag k="bus" v="yes"/>
  <tag k="highway" v="bus_stop"/>
  <tag k="name" v="Gasolinera"/>
  <tag k="operator" v="Consorcio de Transporte Metropolitano del Área de Málaga"/>
  <tag k="operator:type" v="consortium"/>
  <tag k="public_transport" v="platform"/>
  <tag k="route_ref" v="M-137;M-231;M-234"/>
  <tag k="shelter" v="yes"/>
 </node>
 <node id="5457431805" visible="true" version="3" changeset="173662332" timestamp="2025-10-23T08:50:37Z" user="kapazao_import" uid="8770019" lat="36.7645445" lon="-4.7103033">
  <tag k="bench" v="yes"/>
  <tag k="bus" v="yes"/>
  <tag k="highway" v="bus_stop"/>
  <tag k="name" v="Gasolinera"/>
  <tag k="operator" v="Consorcio de Transporte Metropolitano del Área de Málaga"/>
  <tag k="operator:type" v="consortium"/>
  <tag k="public_transport" v="platform"/>
  <tag k="route_ref" v="M-137;M-231;M-234"/>
  <tag k="shelter" v="yes"/>
 </node>
 <node id="5457431806" visible="true" version="4" changeset="173662332" timestamp="2025-10-23T08:50:37Z" user="kapazao_import" uid="8770019" lat="36.7678052" lon="-4.7088948">
  <tag k="bench" v="yes"/>
  <tag k="bus" v="yes"/>
  <tag k="highway" v="bus_stop"/>
  <tag k="name" v="Casa del Conde"/>
  <tag k="operator" v="Consorcio de Transporte Metropolitano del Área de Málaga"/>
  <tag k="operator:type" v="consortium"/>
  <tag k="public_transport" v="platform"/>
  <tag k="route_ref" v="M-104"/>
  <tag k="shelter" v="yes"/>
 </node>
 <node id="5457431807" visible="true" version="4" changeset="173662332" timestamp="2025-10-23T08:50:37Z" user="kapazao_import" uid="8770019" lat="36.7639685" lon="-4.7116268">
  <tag k="bus" v="yes"/>
  <tag k="highway" v="bus_stop"/>
  <tag k="name" v="Apeadero de Ferrocarril"/>
  <tag k="operator" v="Consorcio de Transporte Metropolitano del Área de Málaga"/>
  <tag k="operator:type" v="consortium"/>
  <tag k="public_transport" v="platform"/>
  <tag k="route_ref" v="M-137"/>
  <tag k="shelter" v="no"/>
 </node>
 <node id="5459518498" visible="true" version="1" changeset="56938478" timestamp="2018-03-06T15:07:25Z" user="alan_gr" uid="5307206" lat="36.7639747" lon="-4.7117214"/>
 <node id="5459518500" visible="true" version="1" changeset="56938478" timestamp="2018-03-06T15:07:25Z" user="alan_gr" uid="5307206" lat="36.7639803" lon="-4.7117470"/>
 <node id="5459518501" visible="true" version="1" changeset="56938478" timestamp="2018-03-06T15:07:25Z" user="alan_gr" uid="5307206" lat="36.7639931" lon="-4.7118732"/>
 <node id="5459518502" visible="true" version="1" changeset="56938478" timestamp="2018-03-06T15:07:25Z" user="alan_gr" uid="5307206" lat="36.7639728" lon="-4.7118798"/>
 <node id="5459518503" visible="true" version="1" changeset="56938478" timestamp="2018-03-06T15:07:25Z" user="alan_gr" uid="5307206" lat="36.7639711" lon="-4.7119031"/>
 <node id="5459518504" visible="true" version="1" changeset="56938478" timestamp="2018-03-06T15:07:25Z" user="alan_gr" uid="5307206" lat="36.7638837" lon="-4.7119169"/>
 <node id="5459518505" visible="true" version="1" changeset="56938478" timestamp="2018-03-06T15:07:25Z" user="alan_gr" uid="5307206" lat="36.7638998" lon="-4.7120153"/>
 <node id="5459518506" visible="true" version="1" changeset="56938478" timestamp="2018-03-06T15:07:25Z" user="alan_gr" uid="5307206" lat="36.7636615" lon="-4.7120990"/>
 <node id="5459518507" visible="true" version="1" changeset="56938478" timestamp="2018-03-06T15:07:25Z" user="alan_gr" uid="5307206" lat="36.7635987" lon="-4.7117559"/>
 <node id="5459518508" visible="true" version="1" changeset="56938478" timestamp="2018-03-06T15:07:25Z" user="alan_gr" uid="5307206" lat="36.7639516" lon="-4.7116151"/>
 <node id="5459518509" visible="true" version="1" changeset="56938478" timestamp="2018-03-06T15:07:25Z" user="alan_gr" uid="5307206" lat="36.7639936" lon="-4.7118082"/>
 <node id="5459518510" visible="true" version="2" changeset="76521003" timestamp="2019-11-02T07:15:45Z" user="andi9876" uid="1256497" lat="36.7642969" lon="-4.7102053">
  <tag k="description" v="Grand Senda del Guadalhorce Gr 248. Mapa y descripción de las etapas 2 y 3."/>
  <tag k="hiking" v="yes"/>
  <tag k="information" v="map"/>
  <tag k="tourism" v="information"/>
 </node>
 <node id="5459518511" visible="true" version="1" changeset="56938478" timestamp="2018-03-06T15:07:25Z" user="alan_gr" uid="5307206" lat="36.7673336" lon="-4.7089802"/>
 <node id="5459518512" visible="true" version="1" changeset="56938478" timestamp="2018-03-06T15:07:25Z" user="alan_gr" uid="5307206" lat="36.7673180" lon="-4.7088771"/>
 <node id="5459518513" visible="true" version="1" changeset="56938478" timestamp="2018-03-06T15:07:25Z" user="alan_gr" uid="5307206" lat="36.7674408" lon="-4.7088343"/>
 <node id="5459518514" visible="true" version="1" changeset="56938478" timestamp="2018-03-06T15:07:26Z" user="alan_gr" uid="5307206" lat="36.7677510" lon="-4.7087214"/>
 <node id="5459518515" visible="true" version="1" changeset="56938478" timestamp="2018-03-06T15:07:26Z" user="alan_gr" uid="5307206" lat="36.7675893" lon="-4.7087795"/>
 <node id="5459518516" visible="true" version="1" changeset="56938478" timestamp="2018-03-06T15:07:26Z" user="alan_gr" uid="5307206" lat="36.7674579" lon="-4.7089117"/>
 <node id="5459518517" visible="true" version="1" changeset="56938478" timestamp="2018-03-06T15:07:26Z" user="alan_gr" uid="5307206" lat="36.7674200" lon="-4.7087407"/>
 <node id="5459518518" visible="true" version="1" changeset="56938478" timestamp="2018-03-06T15:07:26Z" user="alan_gr" uid="5307206" lat="36.7675687" lon="-4.7086891"/>
 <node id="5459518519" visible="true" version="1" changeset="56938478" timestamp="2018-03-06T15:07:26Z" user="alan_gr" uid="5307206" lat="36.7676077" lon="-4.7088608"/>
 <node id="5459518520" visible="true" version="1" changeset="56938478" timestamp="2018-03-06T15:07:26Z" user="alan_gr" uid="5307206" lat="36.7677080" lon="-4.7087360"/>
 <node id="5459520321" visible="true" version="5" changeset="182778259" timestamp="2026-05-17T11:05:33Z" user="km2bp" uid="3610826" lat="36.7675162" lon="-4.7088087">
  <tag k="amenity" v="fountain"/>
  <tag k="image" v="https://photos.app.goo.gl/kbQTXm6EZtQT2FFM7"/>
  <tag k="mapillary" v="838734623419520"/>
 </node>
 <node id="5459520322" visible="true" version="2" changeset="182778259" timestamp="2026-05-17T11:05:33Z" user="km2bp" uid="3610826" lat="36.7672855" lon="-4.7087883"/>
 <node id="5459520323" visible="true" version="1" changeset="56938478" timestamp="2018-03-06T15:07:26Z" user="alan_gr" uid="5307206" lat="36.7672917" lon="-4.7089681"/>
 <node id="5459520324" visible="true" version="1" changeset="56938478" timestamp="2018-03-06T15:07:26Z" user="alan_gr" uid="5307206" lat="36.7676471" lon="-4.7088474"/>
 <node id="5459520325" visible="true" version="1" changeset="56938478" timestamp="2018-03-06T15:07:26Z" user="alan_gr" uid="5307206" lat="36.7676692" lon="-4.7088347"/>
 <node id="5459520326" visible="true" version="1" changeset="56938478" timestamp="2018-03-06T15:07:26Z" user="alan_gr" uid="5307206" lat="36.7676980" lon="-4.7087892"/>
 <node id="5459520327" visible="true" version="1" changeset="56938478" timestamp="2018-03-06T15:07:26Z" user="alan_gr" uid="5307206" lat="36.7677124" lon="-4.7087511"/>
 <node id="5459520328" visible="true" version="1" changeset="56938478" timestamp="2018-03-06T15:07:26Z" user="alan_gr" uid="5307206" lat="36.7676827" lon="-4.7086494"/>
 <node id="5459520329" visible="true" version="1" changeset="56938478" timestamp="2018-03-06T15:07:26Z" user="alan_gr" uid="5307206" lat="36.7677934" lon="-4.7086709">
  <tag k="board_type" v="history"/>
  <tag k="information" v="board"/>
  <tag k="name" v="Palacio de los Conde de Puerto Hermoso"/>
  <tag k="tourism" v="information"/>
 </node>
 <node id="5459520330" visible="true" version="1" changeset="56938478" timestamp="2018-03-06T15:07:26Z" user="alan_gr" uid="5307206" lat="36.7655161" lon="-4.7084975">
  <tag k="amenity" v="recycling"/>
  <tag k="recycling:cans" v="yes"/>
  <tag k="recycling:cardboard" v="yes"/>
  <tag k="recycling:clothes" v="yes"/>
  <tag k="recycling:glass" v="yes"/>
  <tag k="recycling:glass_bottles" v="yes"/>
  <tag k="recycling:paper" v="yes"/>
  <tag k="recycling:plastic" v="yes"/>
  <tag k="recycling:plastic_bottles" v="yes"/>
  <tag k="recycling:plastic_packaging" v="yes"/>
  <tag k="recycling_type" v="container"/>
 </node>
 <node id="5459520331" visible="true" version="1" changeset="56938478" timestamp="2018-03-06T15:07:26Z" user="alan_gr" uid="5307206" lat="36.7652502" lon="-4.7090994">
  <tag k="artwork_type" v="sculpture"/>
  <tag k="tourism" v="artwork"/>
 </node>
 <node id="5459520332" visible="true" version="2" changeset="67097291" timestamp="2019-02-11T11:37:32Z" user="km2bp" uid="3610826" lat="36.7657260" lon="-4.7087056"/>
 <node id="5459520333" visible="true" version="1" changeset="56938478" timestamp="2018-03-06T15:07:26Z" user="alan_gr" uid="5307206" lat="36.7659991" lon="-4.7086145"/>
 <node id="5459520334" visible="true" version="1" changeset="56938478" timestamp="2018-03-06T15:07:26Z" user="alan_gr" uid="5307206" lat="36.7659957" lon="-4.7086336"/>
 <node id="5459520335" visible="true" version="1" changeset="56938478" timestamp="2018-03-06T15:07:26Z" user="alan_gr" uid="5307206" lat="36.7659847" lon="-4.7086293"/>
 <node id="5459520336" visible="true" version="1" changeset="56938478" timestamp="2018-03-06T15:07:26Z" user="alan_gr" uid="5307206" lat="36.7659770" lon="-4.7087098"/>
 <node id="5459520337" visible="true" version="1" changeset="56938478" timestamp="2018-03-06T15:07:27Z" user="alan_gr" uid="5307206" lat="36.7659864" lon="-4.7087119"/>
 <node id="5459520338" visible="true" version="1" changeset="56938478" timestamp="2018-03-06T15:07:27Z" user="alan_gr" uid="5307206" lat="36.7659754" lon="-4.7087966"/>
 <node id="5459520339" visible="true" version="1" changeset="56938478" timestamp="2018-03-06T15:07:27Z" user="alan_gr" uid="5307206" lat="36.7659618" lon="-4.7087934"/>
 <node id="5459520340" visible="true" version="2" changeset="67097291" timestamp="2019-02-11T11:37:32Z" user="km2bp" uid="3610826" lat="36.7659282" lon="-4.7091214"/>
 <node id="5459520341" visible="true" version="2" changeset="67097291" timestamp="2019-02-11T11:37:32Z" user="km2bp" uid="3610826" lat="36.7665476" lon="-4.7092156"/>
 <node id="5459520342" visible="true" version="1" changeset="56938478" timestamp="2018-03-06T15:07:27Z" user="alan_gr" uid="5307206" lat="36.7660856" lon="-4.7088061">
  <tag k="leisure" v="playground"/>
 </node>
 <node id="5459520343" visible="true" version="5" changeset="182778259" timestamp="2026-05-17T11:05:33Z" user="km2bp" uid="3610826" lat="36.7672801" lon="-4.7089524">
  <tag k="board_type" v="history"/>
  <tag k="description" v="Ruta Mariana del Valle del Guadalhorce - Iglesia Parroquial de San Pedro Apóstol"/>
  <tag k="image" v="https://photos.app.goo.gl/DNEfGC4d5UKgKAbU7"/>
  <tag k="information" v="board"/>
  <tag k="mapillary" v="589817122345469"/>
  <tag k="name" v="Iglesia Parroquial de San Pedro Apóstol"/>
  <tag k="tourism" v="information"/>
 </node>
 <node id="6271370456" visible="true" version="1" changeset="67097291" timestamp="2019-02-11T11:37:19Z" user="km2bp" uid="3610826" lat="36.7656829" lon="-4.7090598"/>
 <node id="6271370457" visible="true" version="1" changeset="67097291" timestamp="2019-02-11T11:37:19Z" user="km2bp" uid="3610826" lat="36.7655004" lon="-4.7090252"/>
 <node id="6271370458" visible="true" version="1" changeset="67097291" timestamp="2019-02-11T11:37:19Z" user="km2bp" uid="3610826" lat="36.7655436" lon="-4.7086710"/>
 <node id="6271370459" visible="true" version="4" changeset="182778259" timestamp="2026-05-17T11:05:33Z" user="km2bp" uid="3610826" lat="36.7650996" lon="-4.7092443">
  <tag k="image" v="https://photos.app.goo.gl/fsmXU9fEUU9jmD1m6"/>
  <tag k="leaf_cycle" v="evergreen"/>
  <tag k="leaf_type" v="broadleaved"/>
  <tag k="mapillary" v="482119152992649"/>
  <tag k="natural" v="tree"/>
  <tag k="species" v="Citrus × aurantium"/>
 </node>
 <node id="6271370460" visible="true" version="1" changeset="67097291" timestamp="2019-02-11T11:37:19Z" user="km2bp" uid="3610826" lat="36.7650282" lon="-4.7092316">
  <tag k="leaf_cycle" v="evergreen"/>
  <tag k="leaf_type" v="broadleaved"/>
  <tag k="natural" v="tree"/>
  <tag k="species" v="Citrus × aurantium"/>
 </node>
 <node id="6271370461" visible="true" version="1" changeset="67097291" timestamp="2019-02-11T11:37:19Z" user="km2bp" uid="3610826" lat="36.7649873" lon="-4.7092302">
  <tag k="leaf_cycle" v="evergreen"/>
  <tag k="leaf_type" v="broadleaved"/>
  <tag k="natural" v="tree"/>
  <tag k="species" v="Citrus × aurantium"/>
 </node>
 <node id="6271370462" visible="true" version="1" changeset="67097291" timestamp="2019-02-11T11:37:19Z" user="km2bp" uid="3610826" lat="36.7649492" lon="-4.7092276">
  <tag k="leaf_cycle" v="evergreen"/>
  <tag k="leaf_type" v="broadleaved"/>
  <tag k="natural" v="tree"/>
  <tag k="species" v="Citrus × aurantium"/>
 </node>
 <node id="6271370463" visible="true" version="1" changeset="67097291" timestamp="2019-02-11T11:37:19Z" user="km2bp" uid="3610826" lat="36.7648971" lon="-4.7092276">
  <tag k="leaf_cycle" v="evergreen"/>
  <tag k="leaf_type" v="broadleaved"/>
  <tag k="natural" v="tree"/>
  <tag k="species" v="Citrus × aurantium"/>
 </node>
 <node id="6271370464" visible="true" version="1" changeset="67097291" timestamp="2019-02-11T11:37:19Z" user="km2bp" uid="3610826" lat="36.7648123" lon="-4.7092247">
  <tag k="leaf_cycle" v="evergreen"/>
  <tag k="leaf_type" v="broadleaved"/>
  <tag k="natural" v="tree"/>
  <tag k="species" v="Citrus × aurantium"/>
 </node>
 <node id="6271370465" visible="true" version="1" changeset="67097291" timestamp="2019-02-11T11:37:19Z" user="km2bp" uid="3610826" lat="36.7647252" lon="-4.7092155">
  <tag k="leaf_cycle" v="evergreen"/>
  <tag k="leaf_type" v="broadleaved"/>
  <tag k="natural" v="tree"/>
  <tag k="species" v="Citrus × aurantium"/>
 </node>
 <node id="6271370466" visible="true" version="1" changeset="67097291" timestamp="2019-02-11T11:37:19Z" user="km2bp" uid="3610826" lat="36.7646658" lon="-4.7092176">
  <tag k="leaf_cycle" v="evergreen"/>
  <tag k="leaf_type" v="broadleaved"/>
  <tag k="natural" v="tree"/>
  <tag k="species" v="Citrus × aurantium"/>
 </node>
 <node id="6271370467" visible="true" version="1" changeset="67097291" timestamp="2019-02-11T11:37:19Z" user="km2bp" uid="3610826" lat="36.7646307" lon="-4.7092155">
  <tag k="leaf_cycle" v="evergreen"/>
  <tag k="leaf_type" v="broadleaved"/>
  <tag k="natural" v="tree"/>
  <tag k="species" v="Citrus × aurantium"/>
 </node>
 <node id="6271370468" visible="true" version="1" changeset="67097291" timestamp="2019-02-11T11:37:19Z" user="km2bp" uid="3610826" lat="36.7645803" lon="-4.7092094">
  <tag k="leaf_cycle" v="evergreen"/>
  <tag k="leaf_type" v="broadleaved"/>
  <tag k="natural" v="tree"/>
  <tag k="species" v="Citrus × aurantium"/>
 </node>
 <node id="6271370469" visible="true" version="1" changeset="67097291" timestamp="2019-02-11T11:37:19Z" user="km2bp" uid="3610826" lat="36.7645330" lon="-4.7092074">
  <tag k="leaf_cycle" v="evergreen"/>
  <tag k="leaf_type" v="broadleaved"/>
  <tag k="natural" v="tree"/>
  <tag k="species" v="Citrus × aurantium"/>
 </node>
 <node id="6271370470" visible="true" version="1" changeset="67097291" timestamp="2019-02-11T11:37:20Z" user="km2bp" uid="3610826" lat="36.7644695" lon="-4.7093365">
  <tag k="leaf_cycle" v="evergreen"/>
  <tag k="leaf_type" v="broadleaved"/>
  <tag k="natural" v="tree"/>
  <tag k="species" v="Citrus × aurantium"/>
 </node>
 <node id="6271370471" visible="true" version="1" changeset="67097291" timestamp="2019-02-11T11:37:20Z" user="km2bp" uid="3610826" lat="36.7645037" lon="-4.7093400">
  <tag k="leaf_cycle" v="evergreen"/>
  <tag k="leaf_type" v="broadleaved"/>
  <tag k="natural" v="tree"/>
  <tag k="species" v="Citrus × aurantium"/>
 </node>
 <node id="6271370472" visible="true" version="1" changeset="67097291" timestamp="2019-02-11T11:37:20Z" user="km2bp" uid="3610826" lat="36.7645453" lon="-4.7093451">
  <tag k="leaf_cycle" v="evergreen"/>
  <tag k="leaf_type" v="broadleaved"/>
  <tag k="natural" v="tree"/>
  <tag k="species" v="Citrus × aurantium"/>
 </node>
 <node id="6271370473" visible="true" version="1" changeset="67097291" timestamp="2019-02-11T11:37:20Z" user="km2bp" uid="3610826" lat="36.7645831" lon="-4.7093456">
  <tag k="leaf_cycle" v="evergreen"/>
  <tag k="leaf_type" v="broadleaved"/>
  <tag k="natural" v="tree"/>
  <tag k="species" v="Citrus × aurantium"/>
 </node>
 <node id="6271370474" visible="true" version="1" changeset="67097291" timestamp="2019-02-11T11:37:20Z" user="km2bp" uid="3610826" lat="36.7646356" lon="-4.7093502">
  <tag k="leaf_cycle" v="evergreen"/>
  <tag k="leaf_type" v="broadleaved"/>
  <tag k="natural" v="tree"/>
  <tag k="species" v="Citrus × aurantium"/>
 </node>
 <node id="6271370475" visible="true" version="1" changeset="67097291" timestamp="2019-02-11T11:37:20Z" user="km2bp" uid="3610826" lat="36.7646780" lon="-4.7093482">
  <tag k="leaf_cycle" v="evergreen"/>
  <tag k="leaf_type" v="broadleaved"/>
  <tag k="natural" v="tree"/>
  <tag k="species" v="Citrus × aurantium"/>
 </node>
 <node id="6271370476" visible="true" version="1" changeset="67097291" timestamp="2019-02-11T11:37:20Z" user="km2bp" uid="3610826" lat="36.7647944" lon="-4.7093543">
  <tag k="leaf_cycle" v="evergreen"/>
  <tag k="leaf_type" v="broadleaved"/>
  <tag k="natural" v="tree"/>
  <tag k="species" v="Citrus × aurantium"/>
 </node>
 <node id="6271370477" visible="true" version="1" changeset="67097291" timestamp="2019-02-11T11:37:20Z" user="km2bp" uid="3610826" lat="36.7647081" lon="-4.7093538">
  <tag k="leaf_cycle" v="evergreen"/>
  <tag k="leaf_type" v="broadleaved"/>
  <tag k="natural" v="tree"/>
  <tag k="species" v="Citrus × aurantium"/>
 </node>
 <node id="6271370478" visible="true" version="1" changeset="67097291" timestamp="2019-02-11T11:37:20Z" user="km2bp" uid="3610826" lat="36.7648302" lon="-4.7093553">
  <tag k="leaf_cycle" v="evergreen"/>
  <tag k="leaf_type" v="broadleaved"/>
  <tag k="natural" v="tree"/>
  <tag k="species" v="Citrus × aurantium"/>
 </node>
 <node id="6271370479" visible="true" version="1" changeset="67097291" timestamp="2019-02-11T11:37:20Z" user="km2bp" uid="3610826" lat="36.7648628" lon="-4.7093588">
  <tag k="leaf_cycle" v="evergreen"/>
  <tag k="leaf_type" v="broadleaved"/>
  <tag k="natural" v="tree"/>
  <tag k="species" v="Citrus × aurantium"/>
 </node>
 <node id="6271370480" visible="true" version="1" changeset="67097291" timestamp="2019-02-11T11:37:20Z" user="km2bp" uid="3610826" lat="36.7649055" lon="-4.7093644">
  <tag k="leaf_cycle" v="evergreen"/>
  <tag k="leaf_type" v="broadleaved"/>
  <tag k="natural" v="tree"/>
  <tag k="species" v="Citrus × aurantium"/>
 </node>
 <node id="6271370481" visible="true" version="1" changeset="67097291" timestamp="2019-02-11T11:37:20Z" user="km2bp" uid="3610826" lat="36.7649589" lon="-4.7093649">
  <tag k="leaf_cycle" v="evergreen"/>
  <tag k="leaf_type" v="broadleaved"/>
  <tag k="natural" v="tree"/>
  <tag k="species" v="Citrus × aurantium"/>
 </node>
 <node id="6271370482" visible="true" version="1" changeset="67097291" timestamp="2019-02-11T11:37:20Z" user="km2bp" uid="3610826" lat="36.7649935" lon="-4.7093680">
  <tag k="leaf_cycle" v="evergreen"/>
  <tag k="leaf_type" v="broadleaved"/>
  <tag k="natural" v="tree"/>
  <tag k="species" v="Citrus × aurantium"/>
 </node>
 <node id="6271370483" visible="true" version="1" changeset="67097291" timestamp="2019-02-11T11:37:20Z" user="km2bp" uid="3610826" lat="36.7650248" lon="-4.7093726">
  <tag k="leaf_cycle" v="evergreen"/>
  <tag k="leaf_type" v="broadleaved"/>
  <tag k="natural" v="tree"/>
  <tag k="species" v="Citrus × aurantium"/>
 </node>
 <node id="6271370484" visible="true" version="1" changeset="67097291" timestamp="2019-02-11T11:37:20Z" user="km2bp" uid="3610826" lat="36.7650619" lon="-4.7093736">
  <tag k="leaf_cycle" v="evergreen"/>
  <tag k="leaf_type" v="broadleaved"/>
  <tag k="natural" v="tree"/>
  <tag k="species" v="Citrus × aurantium"/>
 </node>
 <node id="6271382285" visible="true" version="1" changeset="67097291" timestamp="2019-02-11T11:37:20Z" user="km2bp" uid="3610826" lat="36.7651132" lon="-4.7093776">
  <tag k="leaf_cycle" v="evergreen"/>
  <tag k="leaf_type" v="broadleaved"/>
  <tag k="natural" v="tree"/>
  <tag k="species" v="Citrus × aurantium"/>
 </node>
 <node id="6271382286" visible="true" version="1" changeset="67097291" timestamp="2019-02-11T11:37:21Z" user="km2bp" uid="3610826" lat="36.7652649" lon="-4.7103860">
  <tag k="leaf_cycle" v="evergreen"/>
  <tag k="leaf_type" v="broadleaved"/>
  <tag k="natural" v="tree"/>
  <tag k="species" v="Citrus × aurantium"/>
 </node>
 <node id="6271382287" visible="true" version="1" changeset="67097291" timestamp="2019-02-11T11:37:21Z" user="km2bp" uid="3610826" lat="36.7652784" lon="-4.7103205">
  <tag k="leaf_cycle" v="evergreen"/>
  <tag k="leaf_type" v="broadleaved"/>
  <tag k="natural" v="tree"/>
  <tag k="species" v="Citrus × aurantium"/>
 </node>
 <node id="6271382288" visible="true" version="1" changeset="67097291" timestamp="2019-02-11T11:37:21Z" user="km2bp" uid="3610826" lat="36.7653136" lon="-4.7103914">
  <tag k="leaf_cycle" v="evergreen"/>
  <tag k="leaf_type" v="broadleaved"/>
  <tag k="natural" v="tree"/>
  <tag k="species" v="Citrus × aurantium"/>
 </node>
 <node id="6271382289" visible="true" version="1" changeset="67097291" timestamp="2019-02-11T11:37:21Z" user="km2bp" uid="3610826" lat="36.7653173" lon="-4.7103259">
  <tag k="leaf_cycle" v="evergreen"/>
  <tag k="leaf_type" v="broadleaved"/>
  <tag k="natural" v="tree"/>
  <tag k="species" v="Citrus × aurantium"/>
 </node>
 <node id="6271382290" visible="true" version="1" changeset="67097291" timestamp="2019-02-11T11:37:21Z" user="km2bp" uid="3610826" lat="36.7653636" lon="-4.7103274">
  <tag k="leaf_cycle" v="evergreen"/>
  <tag k="leaf_type" v="broadleaved"/>
  <tag k="natural" v="tree"/>
  <tag k="species" v="Citrus × aurantium"/>
 </node>
 <node id="6271382291" visible="true" version="1" changeset="67097291" timestamp="2019-02-11T11:37:21Z" user="km2bp" uid="3610826" lat="36.7653605" lon="-4.7103906">
  <tag k="leaf_cycle" v="evergreen"/>
  <tag k="leaf_type" v="broadleaved"/>
  <tag k="natural" v="tree"/>
  <tag k="species" v="Citrus × aurantium"/>
 </node>
 <node id="6271382292" visible="true" version="1" changeset="67097291" timestamp="2019-02-11T11:37:21Z" user="km2bp" uid="3610826" lat="36.7654117" lon="-4.7103359">
  <tag k="leaf_cycle" v="evergreen"/>
  <tag k="leaf_type" v="broadleaved"/>
  <tag k="natural" v="tree"/>
  <tag k="species" v="Citrus × aurantium"/>
 </node>
 <node id="6271382293" visible="true" version="1" changeset="67097291" timestamp="2019-02-11T11:37:21Z" user="km2bp" uid="3610826" lat="36.7654111" lon="-4.7103952">
  <tag k="leaf_cycle" v="evergreen"/>
  <tag k="leaf_type" v="broadleaved"/>
  <tag k="natural" v="tree"/>
  <tag k="species" v="Citrus × aurantium"/>
 </node>
 <node id="6271382294" visible="true" version="1" changeset="67097291" timestamp="2019-02-11T11:37:21Z" user="km2bp" uid="3610826" lat="36.7654555" lon="-4.7104037">
  <tag k="leaf_cycle" v="evergreen"/>
  <tag k="leaf_type" v="broadleaved"/>
  <tag k="natural" v="tree"/>
  <tag k="species" v="Citrus × aurantium"/>
 </node>
 <node id="6271382295" visible="true" version="1" changeset="67097291" timestamp="2019-02-11T11:37:21Z" user="km2bp" uid="3610826" lat="36.7654599" lon="-4.7103382">
  <tag k="leaf_cycle" v="evergreen"/>
  <tag k="leaf_type" v="broadleaved"/>
  <tag k="natural" v="tree"/>
  <tag k="species" v="Citrus × aurantium"/>
 </node>
 <node id="6271382296" visible="true" version="1" changeset="67097291" timestamp="2019-02-11T11:37:21Z" user="km2bp" uid="3610826" lat="36.7655018" lon="-4.7103413">
  <tag k="leaf_cycle" v="evergreen"/>
  <tag k="leaf_type" v="broadleaved"/>
  <tag k="natural" v="tree"/>
  <tag k="species" v="Citrus × aurantium"/>
 </node>
 <node id="6271382297" visible="true" version="1" changeset="67097291" timestamp="2019-02-11T11:37:21Z" user="km2bp" uid="3610826" lat="36.7655043" lon="-4.7104068">
  <tag k="leaf_cycle" v="evergreen"/>
  <tag k="leaf_type" v="broadleaved"/>
  <tag k="natural" v="tree"/>
  <tag k="species" v="Citrus × aurantium"/>
 </node>
 <node id="6271382298" visible="true" version="1" changeset="67097291" timestamp="2019-02-11T11:37:21Z" user="km2bp" uid="3610826" lat="36.7655444" lon="-4.7103474">
  <tag k="leaf_cycle" v="evergreen"/>
  <tag k="leaf_type" v="broadleaved"/>
  <tag k="natural" v="tree"/>
  <tag k="species" v="Citrus × aurantium"/>
 </node>
 <node id="6271382299" visible="true" version="1" changeset="67097291" timestamp="2019-02-11T11:37:21Z" user="km2bp" uid="3610826" lat="36.7655432" lon="-4.7104122">
  <tag k="leaf_cycle" v="evergreen"/>
  <tag k="leaf_type" v="broadleaved"/>
  <tag k="natural" v="tree"/>
  <tag k="species" v="Citrus × aurantium"/>
 </node>
 <node id="6271382300" visible="true" version="1" changeset="67097291" timestamp="2019-02-11T11:37:21Z" user="km2bp" uid="3610826" lat="36.7655944" lon="-4.7103598">
  <tag k="leaf_cycle" v="evergreen"/>
  <tag k="leaf_type" v="broadleaved"/>
  <tag k="natural" v="tree"/>
  <tag k="species" v="Citrus × aurantium"/>
 </node>
 <node id="6271382301" visible="true" version="1" changeset="67097291" timestamp="2019-02-11T11:37:22Z" user="km2bp" uid="3610826" lat="36.7655938" lon="-4.7104160">
  <tag k="leaf_cycle" v="evergreen"/>
  <tag k="leaf_type" v="broadleaved"/>
  <tag k="natural" v="tree"/>
  <tag k="species" v="Citrus × aurantium"/>
 </node>
 <node id="6271382302" visible="true" version="1" changeset="67097291" timestamp="2019-02-11T11:37:22Z" user="km2bp" uid="3610826" lat="36.7656437" lon="-4.7103659">
  <tag k="leaf_cycle" v="evergreen"/>
  <tag k="leaf_type" v="broadleaved"/>
  <tag k="natural" v="tree"/>
  <tag k="species" v="Citrus × aurantium"/>
 </node>
 <node id="6271382303" visible="true" version="1" changeset="67097291" timestamp="2019-02-11T11:37:22Z" user="km2bp" uid="3610826" lat="36.7656382" lon="-4.7104206">
  <tag k="leaf_cycle" v="evergreen"/>
  <tag k="leaf_type" v="broadleaved"/>
  <tag k="natural" v="tree"/>
  <tag k="species" v="Citrus × aurantium"/>
 </node>
 <node id="6271382304" visible="true" version="1" changeset="67097291" timestamp="2019-02-11T11:37:22Z" user="km2bp" uid="3610826" lat="36.7656925" lon="-4.7103675">
  <tag k="leaf_cycle" v="evergreen"/>
  <tag k="leaf_type" v="broadleaved"/>
  <tag k="natural" v="tree"/>
  <tag k="species" v="Citrus × aurantium"/>
 </node>
 <node id="6271382305" visible="true" version="1" changeset="67097291" timestamp="2019-02-11T11:37:22Z" user="km2bp" uid="3610826" lat="36.7656875" lon="-4.7104306">
  <tag k="leaf_cycle" v="evergreen"/>
  <tag k="leaf_type" v="broadleaved"/>
  <tag k="natural" v="tree"/>
  <tag k="species" v="Citrus × aurantium"/>
 </node>
 <node id="6271382306" visible="true" version="1" changeset="67097291" timestamp="2019-02-11T11:37:22Z" user="km2bp" uid="3610826" lat="36.7657351" lon="-4.7103759">
  <tag k="leaf_cycle" v="evergreen"/>
  <tag k="leaf_type" v="broadleaved"/>
  <tag k="natural" v="tree"/>
  <tag k="species" v="Citrus × aurantium"/>
 </node>
 <node id="6271382307" visible="true" version="1" changeset="67097291" timestamp="2019-02-11T11:37:22Z" user="km2bp" uid="3610826" lat="36.7657332" lon="-4.7104391">
  <tag k="leaf_cycle" v="evergreen"/>
  <tag k="leaf_type" v="broadleaved"/>
  <tag k="natural" v="tree"/>
  <tag k="species" v="Citrus × aurantium"/>
 </node>
 <node id="6271382308" visible="true" version="1" changeset="67097291" timestamp="2019-02-11T11:37:22Z" user="km2bp" uid="3610826" lat="36.7657937" lon="-4.7103852">
  <tag k="leaf_cycle" v="evergreen"/>
  <tag k="leaf_type" v="broadleaved"/>
  <tag k="natural" v="tree"/>
  <tag k="species" v="Citrus × aurantium"/>
 </node>
 <node id="6271382309" visible="true" version="1" changeset="67097291" timestamp="2019-02-11T11:37:22Z" user="km2bp" uid="3610826" lat="36.7657820" lon="-4.7104453">
  <tag k="leaf_cycle" v="evergreen"/>
  <tag k="leaf_type" v="broadleaved"/>
  <tag k="natural" v="tree"/>
  <tag k="species" v="Citrus × aurantium"/>
 </node>
 <node id="6271382310" visible="true" version="4" changeset="182778259" timestamp="2026-05-17T11:05:33Z" user="km2bp" uid="3610826" lat="36.7658288" lon="-4.7103914">
  <tag k="image" v="https://photos.app.goo.gl/eUMDniw97vgTBwBUA"/>
  <tag k="leaf_cycle" v="evergreen"/>
  <tag k="leaf_type" v="broadleaved"/>
  <tag k="mapillary" v="1189599731476183"/>
  <tag k="natural" v="tree"/>
  <tag k="species" v="Citrus × aurantium"/>
 </node>
 <node id="6271382311" visible="true" version="1" changeset="67097291" timestamp="2019-02-11T11:37:22Z" user="km2bp" uid="3610826" lat="36.7658239" lon="-4.7104553">
  <tag k="leaf_cycle" v="evergreen"/>
  <tag k="leaf_type" v="broadleaved"/>
  <tag k="natural" v="tree"/>
  <tag k="species" v="Citrus × aurantium"/>
 </node>
 <node id="6271382312" visible="true" version="1" changeset="67097291" timestamp="2019-02-11T11:37:22Z" user="km2bp" uid="3610826" lat="36.7658831" lon="-4.7103952">
  <tag k="leaf_cycle" v="evergreen"/>
  <tag k="leaf_type" v="broadleaved"/>
  <tag k="natural" v="tree"/>
  <tag k="species" v="Citrus × aurantium"/>
 </node>
 <node id="6271382313" visible="true" version="1" changeset="67097291" timestamp="2019-02-11T11:37:22Z" user="km2bp" uid="3610826" lat="36.7658727" lon="-4.7104561">
  <tag k="leaf_cycle" v="evergreen"/>
  <tag k="leaf_type" v="broadleaved"/>
  <tag k="natural" v="tree"/>
  <tag k="species" v="Citrus × aurantium"/>
 </node>
 <node id="6271382314" visible="true" version="1" changeset="67097291" timestamp="2019-02-11T11:37:22Z" user="km2bp" uid="3610826" lat="36.7659307" lon="-4.7103998">
  <tag k="leaf_cycle" v="evergreen"/>
  <tag k="leaf_type" v="broadleaved"/>
  <tag k="natural" v="tree"/>
  <tag k="species" v="Citrus × aurantium"/>
 </node>
 <node id="6271382315" visible="true" version="1" changeset="67097291" timestamp="2019-02-11T11:37:23Z" user="km2bp" uid="3610826" lat="36.7659307" lon="-4.7104661">
  <tag k="leaf_cycle" v="evergreen"/>
  <tag k="leaf_type" v="broadleaved"/>
  <tag k="natural" v="tree"/>
  <tag k="species" v="Citrus × aurantium"/>
 </node>
 <node id="6271382316" visible="true" version="1" changeset="67097291" timestamp="2019-02-11T11:37:23Z" user="km2bp" uid="3610826" lat="36.7659745" lon="-4.7104676">
  <tag k="leaf_cycle" v="evergreen"/>
  <tag k="leaf_type" v="broadleaved"/>
  <tag k="natural" v="tree"/>
  <tag k="species" v="Citrus × aurantium"/>
 </node>
 <node id="6271382317" visible="true" version="1" changeset="67097291" timestamp="2019-02-11T11:37:23Z" user="km2bp" uid="3610826" lat="36.7659843" lon="-4.7104098">
  <tag k="leaf_cycle" v="evergreen"/>
  <tag k="leaf_type" v="broadleaved"/>
  <tag k="natural" v="tree"/>
  <tag k="species" v="Citrus × aurantium"/>
 </node>
 <node id="6271382318" visible="true" version="1" changeset="67097291" timestamp="2019-02-11T11:37:23Z" user="km2bp" uid="3610826" lat="36.7660306" lon="-4.7104152">
  <tag k="leaf_cycle" v="evergreen"/>
  <tag k="leaf_type" v="broadleaved"/>
  <tag k="natural" v="tree"/>
  <tag k="species" v="Citrus × aurantium"/>
 </node>
 <node id="6271382319" visible="true" version="1" changeset="67097291" timestamp="2019-02-11T11:37:23Z" user="km2bp" uid="3610826" lat="36.7660251" lon="-4.7104715">
  <tag k="leaf_cycle" v="evergreen"/>
  <tag k="leaf_type" v="broadleaved"/>
  <tag k="natural" v="tree"/>
  <tag k="species" v="Citrus × aurantium"/>
 </node>
 <node id="6271382320" visible="true" version="1" changeset="67097291" timestamp="2019-02-11T11:37:23Z" user="km2bp" uid="3610826" lat="36.7660775" lon="-4.7104222">
  <tag k="leaf_cycle" v="evergreen"/>
  <tag k="leaf_type" v="broadleaved"/>
  <tag k="natural" v="tree"/>
  <tag k="species" v="Citrus × aurantium"/>
 </node>
 <node id="6271382321" visible="true" version="1" changeset="67097291" timestamp="2019-02-11T11:37:23Z" user="km2bp" uid="3610826" lat="36.7660720" lon="-4.7104830">
  <tag k="leaf_cycle" v="evergreen"/>
  <tag k="leaf_type" v="broadleaved"/>
  <tag k="natural" v="tree"/>
  <tag k="species" v="Citrus × aurantium"/>
 </node>
 <node id="6271382322" visible="true" version="1" changeset="67097291" timestamp="2019-02-11T11:37:23Z" user="km2bp" uid="3610826" lat="36.7661269" lon="-4.7104345">
  <tag k="leaf_cycle" v="evergreen"/>
  <tag k="leaf_type" v="broadleaved"/>
  <tag k="natural" v="tree"/>
  <tag k="species" v="Citrus × aurantium"/>
 </node>
 <node id="6271382323" visible="true" version="1" changeset="67097291" timestamp="2019-02-11T11:37:23Z" user="km2bp" uid="3610826" lat="36.7661170" lon="-4.7104923">
  <tag k="leaf_cycle" v="evergreen"/>
  <tag k="leaf_type" v="broadleaved"/>
  <tag k="natural" v="tree"/>
  <tag k="species" v="Citrus × aurantium"/>
 </node>
 <node id="6271382324" visible="true" version="1" changeset="67097291" timestamp="2019-02-11T11:37:23Z" user="km2bp" uid="3610826" lat="36.7661639" lon="-4.7104915">
  <tag k="leaf_cycle" v="evergreen"/>
  <tag k="leaf_type" v="broadleaved"/>
  <tag k="natural" v="tree"/>
  <tag k="species" v="Citrus × aurantium"/>
 </node>
 <node id="6271382325" visible="true" version="1" changeset="67097291" timestamp="2019-02-11T11:37:23Z" user="km2bp" uid="3610826" lat="36.7661701" lon="-4.7104391">
  <tag k="leaf_cycle" v="evergreen"/>
  <tag k="leaf_type" v="broadleaved"/>
  <tag k="natural" v="tree"/>
  <tag k="species" v="Citrus × aurantium"/>
 </node>
 <node id="6271382326" visible="true" version="1" changeset="67097291" timestamp="2019-02-11T11:37:23Z" user="km2bp" uid="3610826" lat="36.7662188" lon="-4.7104399">
  <tag k="leaf_cycle" v="evergreen"/>
  <tag k="leaf_type" v="broadleaved"/>
  <tag k="natural" v="tree"/>
  <tag k="species" v="Citrus × aurantium"/>
 </node>
 <node id="6271382327" visible="true" version="1" changeset="67097291" timestamp="2019-02-11T11:37:23Z" user="km2bp" uid="3610826" lat="36.7662157" lon="-4.7105023">
  <tag k="leaf_cycle" v="evergreen"/>
  <tag k="leaf_type" v="broadleaved"/>
  <tag k="natural" v="tree"/>
  <tag k="species" v="Citrus × aurantium"/>
 </node>
 <node id="6271382328" visible="true" version="1" changeset="67097291" timestamp="2019-02-11T11:37:23Z" user="km2bp" uid="3610826" lat="36.7662676" lon="-4.7105092">
  <tag k="leaf_cycle" v="evergreen"/>
  <tag k="leaf_type" v="broadleaved"/>
  <tag k="natural" v="tree"/>
  <tag k="species" v="Citrus × aurantium"/>
 </node>
 <node id="6271382329" visible="true" version="1" changeset="67097291" timestamp="2019-02-11T11:37:23Z" user="km2bp" uid="3610826" lat="36.7662700" lon="-4.7104522">
  <tag k="leaf_cycle" v="evergreen"/>
  <tag k="leaf_type" v="broadleaved"/>
  <tag k="natural" v="tree"/>
  <tag k="species" v="Citrus × aurantium"/>
 </node>
 <node id="6271382330" visible="true" version="1" changeset="67097291" timestamp="2019-02-11T11:37:24Z" user="km2bp" uid="3610826" lat="36.7663077" lon="-4.7104530">
  <tag k="leaf_cycle" v="evergreen"/>
  <tag k="leaf_type" v="broadleaved"/>
  <tag k="natural" v="tree"/>
  <tag k="species" v="Citrus × aurantium"/>
 </node>
 <node id="6271382331" visible="true" version="1" changeset="67097291" timestamp="2019-02-11T11:37:24Z" user="km2bp" uid="3610826" lat="36.7663077" lon="-4.7105131">
  <tag k="leaf_cycle" v="evergreen"/>
  <tag k="leaf_type" v="broadleaved"/>
  <tag k="natural" v="tree"/>
  <tag k="species" v="Citrus × aurantium"/>
 </node>
 <node id="6271382332" visible="true" version="1" changeset="67097291" timestamp="2019-02-11T11:37:24Z" user="km2bp" uid="3610826" lat="36.7663564" lon="-4.7105215">
  <tag k="leaf_cycle" v="evergreen"/>
  <tag k="leaf_type" v="broadleaved"/>
  <tag k="natural" v="tree"/>
  <tag k="species" v="Citrus × aurantium"/>
 </node>
 <node id="6271382333" visible="true" version="1" changeset="67097291" timestamp="2019-02-11T11:37:24Z" user="km2bp" uid="3610826" lat="36.7663620" lon="-4.7104661">
  <tag k="leaf_cycle" v="evergreen"/>
  <tag k="leaf_type" v="broadleaved"/>
  <tag k="natural" v="tree"/>
  <tag k="species" v="Citrus × aurantium"/>
 </node>
 <node id="6271382334" visible="true" version="1" changeset="67097291" timestamp="2019-02-11T11:37:24Z" user="km2bp" uid="3610826" lat="36.7664052" lon="-4.7104707">
  <tag k="leaf_cycle" v="evergreen"/>
  <tag k="leaf_type" v="broadleaved"/>
  <tag k="natural" v="tree"/>
  <tag k="species" v="Citrus × aurantium"/>
 </node>
 <node id="6271382335" visible="true" version="1" changeset="67097291" timestamp="2019-02-11T11:37:24Z" user="km2bp" uid="3610826" lat="36.7664681" lon="-4.7104769">
  <tag k="leaf_cycle" v="evergreen"/>
  <tag k="leaf_type" v="broadleaved"/>
  <tag k="natural" v="tree"/>
  <tag k="species" v="Citrus × aurantium"/>
 </node>
 <node id="6271382336" visible="true" version="1" changeset="67097291" timestamp="2019-02-11T11:37:24Z" user="km2bp" uid="3610826" lat="36.7665156" lon="-4.7107611">
  <tag k="leaf_cycle" v="evergreen"/>
  <tag k="leaf_type" v="broadleaved"/>
  <tag k="natural" v="tree"/>
  <tag k="species" v="Citrus × aurantium"/>
 </node>
 <node id="6271382337" visible="true" version="1" changeset="67097291" timestamp="2019-02-11T11:37:24Z" user="km2bp" uid="3610826" lat="36.7664755" lon="-4.7107172">
  <tag k="leaf_cycle" v="evergreen"/>
  <tag k="leaf_type" v="broadleaved"/>
  <tag k="natural" v="tree"/>
  <tag k="species" v="Citrus × aurantium"/>
 </node>
 <node id="6271382338" visible="true" version="1" changeset="67097291" timestamp="2019-02-11T11:37:24Z" user="km2bp" uid="3610826" lat="36.7663947" lon="-4.7107018">
  <tag k="leaf_cycle" v="evergreen"/>
  <tag k="leaf_type" v="broadleaved"/>
  <tag k="natural" v="tree"/>
  <tag k="species" v="Citrus × aurantium"/>
 </node>
 <node id="6271382339" visible="true" version="1" changeset="67097291" timestamp="2019-02-11T11:37:24Z" user="km2bp" uid="3610826" lat="36.7663225" lon="-4.7107010">
  <tag k="leaf_cycle" v="evergreen"/>
  <tag k="leaf_type" v="broadleaved"/>
  <tag k="natural" v="tree"/>
  <tag k="species" v="Citrus × aurantium"/>
 </node>
 <node id="6271382340" visible="true" version="1" changeset="67097291" timestamp="2019-02-11T11:37:24Z" user="km2bp" uid="3610826" lat="36.7662540" lon="-4.7106902">
  <tag k="leaf_cycle" v="evergreen"/>
  <tag k="leaf_type" v="broadleaved"/>
  <tag k="natural" v="tree"/>
  <tag k="species" v="Citrus × aurantium"/>
 </node>
 <node id="6271382341" visible="true" version="1" changeset="67097291" timestamp="2019-02-11T11:37:24Z" user="km2bp" uid="3610826" lat="36.7661509" lon="-4.7106787">
  <tag k="leaf_cycle" v="evergreen"/>
  <tag k="leaf_type" v="broadleaved"/>
  <tag k="natural" v="tree"/>
  <tag k="species" v="Citrus × aurantium"/>
 </node>
 <node id="6271382342" visible="true" version="1" changeset="67097291" timestamp="2019-02-11T11:37:24Z" user="km2bp" uid="3610826" lat="36.7660368" lon="-4.7106717">
  <tag k="leaf_cycle" v="evergreen"/>
  <tag k="leaf_type" v="broadleaved"/>
  <tag k="natural" v="tree"/>
  <tag k="species" v="Citrus × aurantium"/>
 </node>
 <node id="6271382343" visible="true" version="1" changeset="67097291" timestamp="2019-02-11T11:37:24Z" user="km2bp" uid="3610826" lat="36.7659245" lon="-4.7106540">
  <tag k="leaf_cycle" v="evergreen"/>
  <tag k="leaf_type" v="broadleaved"/>
  <tag k="natural" v="tree"/>
  <tag k="species" v="Citrus × aurantium"/>
 </node>
 <node id="6271382344" visible="true" version="1" changeset="67097291" timestamp="2019-02-11T11:37:24Z" user="km2bp" uid="3610826" lat="36.7658227" lon="-4.7106378">
  <tag k="leaf_cycle" v="evergreen"/>
  <tag k="leaf_type" v="broadleaved"/>
  <tag k="natural" v="tree"/>
  <tag k="species" v="Citrus × aurantium"/>
 </node>
 <node id="6271382345" visible="true" version="1" changeset="67097291" timestamp="2019-02-11T11:37:24Z" user="km2bp" uid="3610826" lat="36.7657752" lon="-4.7106324">
  <tag k="leaf_cycle" v="evergreen"/>
  <tag k="leaf_type" v="broadleaved"/>
  <tag k="natural" v="tree"/>
  <tag k="species" v="Citrus × aurantium"/>
 </node>
 <node id="6271382346" visible="true" version="1" changeset="67097291" timestamp="2019-02-11T11:37:25Z" user="km2bp" uid="3610826" lat="36.7657073" lon="-4.7106209">
  <tag k="leaf_cycle" v="evergreen"/>
  <tag k="leaf_type" v="broadleaved"/>
  <tag k="natural" v="tree"/>
  <tag k="species" v="Citrus × aurantium"/>
 </node>
 <node id="6271382347" visible="true" version="1" changeset="67097291" timestamp="2019-02-11T11:37:25Z" user="km2bp" uid="3610826" lat="36.7656012" lon="-4.7106093">
  <tag k="leaf_cycle" v="evergreen"/>
  <tag k="leaf_type" v="broadleaved"/>
  <tag k="natural" v="tree"/>
  <tag k="species" v="Citrus × aurantium"/>
 </node>
 <node id="6271382348" visible="true" version="1" changeset="67097291" timestamp="2019-02-11T11:37:25Z" user="km2bp" uid="3610826" lat="36.7654901" lon="-4.7105901">
  <tag k="leaf_cycle" v="evergreen"/>
  <tag k="leaf_type" v="broadleaved"/>
  <tag k="natural" v="tree"/>
  <tag k="species" v="Citrus × aurantium"/>
 </node>
 <node id="6271382349" visible="true" version="1" changeset="67097291" timestamp="2019-02-11T11:37:25Z" user="km2bp" uid="3610826" lat="36.7653877" lon="-4.7105778">
  <tag k="leaf_cycle" v="evergreen"/>
  <tag k="leaf_type" v="broadleaved"/>
  <tag k="natural" v="tree"/>
  <tag k="species" v="Citrus × aurantium"/>
 </node>
 <node id="6271382350" visible="true" version="1" changeset="67097291" timestamp="2019-02-11T11:37:25Z" user="km2bp" uid="3610826" lat="36.7652747" lon="-4.7105647">
  <tag k="leaf_cycle" v="evergreen"/>
  <tag k="leaf_type" v="broadleaved"/>
  <tag k="natural" v="tree"/>
  <tag k="species" v="Citrus × aurantium"/>
 </node>
 <node id="6271382351" visible="true" version="1" changeset="67097291" timestamp="2019-02-11T11:37:25Z" user="km2bp" uid="3610826" lat="36.7651692" lon="-4.7101395">
  <tag k="leaf_cycle" v="evergreen"/>
  <tag k="leaf_type" v="broadleaved"/>
  <tag k="natural" v="tree"/>
  <tag k="species" v="Citrus × aurantium"/>
 </node>
 <node id="6271382352" visible="true" version="1" changeset="67097291" timestamp="2019-02-11T11:37:25Z" user="km2bp" uid="3610826" lat="36.7662308" lon="-4.7100695"/>
 <node id="6271382353" visible="true" version="1" changeset="67097291" timestamp="2019-02-11T11:37:25Z" user="km2bp" uid="3610826" lat="36.7662134" lon="-4.7102778"/>
 <node id="6271382354" visible="true" version="1" changeset="67097291" timestamp="2019-02-11T11:37:25Z" user="km2bp" uid="3610826" lat="36.7658069" lon="-4.7102248"/>
 <node id="6271382355" visible="true" version="1" changeset="67097291" timestamp="2019-02-11T11:37:25Z" user="km2bp" uid="3610826" lat="36.7658243" lon="-4.7100165"/>
 <node id="6271382356" visible="true" version="1" changeset="67097291" timestamp="2019-02-11T11:37:25Z" user="km2bp" uid="3610826" lat="36.7657583" lon="-4.7100095"/>
 <node id="6271382357" visible="true" version="1" changeset="67097291" timestamp="2019-02-11T11:37:25Z" user="km2bp" uid="3610826" lat="36.7657423" lon="-4.7102201"/>
 <node id="6271382358" visible="true" version="1" changeset="67097291" timestamp="2019-02-11T11:37:25Z" user="km2bp" uid="3610826" lat="36.7656745" lon="-4.7102121"/>
 <node id="6271382359" visible="true" version="1" changeset="67097291" timestamp="2019-02-11T11:37:25Z" user="km2bp" uid="3610826" lat="36.7656905" lon="-4.7100015"/>
 <node id="6271382360" visible="true" version="1" changeset="67097291" timestamp="2019-02-11T11:37:25Z" user="km2bp" uid="3610826" lat="36.7653674" lon="-4.7101704"/>
 <node id="6271382361" visible="true" version="1" changeset="67097291" timestamp="2019-02-11T11:37:25Z" user="km2bp" uid="3610826" lat="36.7653771" lon="-4.7100620"/>
 <node id="6271382362" visible="true" version="1" changeset="67097291" timestamp="2019-02-11T11:37:25Z" user="km2bp" uid="3610826" lat="36.7652790" lon="-4.7100483"/>
 <node id="6271382363" visible="true" version="1" changeset="67097291" timestamp="2019-02-11T11:37:25Z" user="km2bp" uid="3610826" lat="36.7652731" lon="-4.7101150"/>
 <node id="6271382364" visible="true" version="1" changeset="67097291" timestamp="2019-02-11T11:37:25Z" user="km2bp" uid="3610826" lat="36.7653199" lon="-4.7101215"/>
 <node id="6271382365" visible="true" version="1" changeset="67097291" timestamp="2019-02-11T11:37:25Z" user="km2bp" uid="3610826" lat="36.7653161" lon="-4.7101633"/>
 <node id="6271382366" visible="true" version="1" changeset="67097291" timestamp="2019-02-11T11:37:25Z" user="km2bp" uid="3610826" lat="36.7653496" lon="-4.7098878"/>
 <node id="6271382367" visible="true" version="1" changeset="67097291" timestamp="2019-02-11T11:37:25Z" user="km2bp" uid="3610826" lat="36.7653613" lon="-4.7096814"/>
 <node id="6271382368" visible="true" version="1" changeset="67097291" timestamp="2019-02-11T11:37:25Z" user="km2bp" uid="3610826" lat="36.7653089" lon="-4.7096768"/>
 <node id="6271382369" visible="true" version="1" changeset="67097291" timestamp="2019-02-11T11:37:25Z" user="km2bp" uid="3610826" lat="36.7653074" lon="-4.7097021"/>
 <node id="6271382370" visible="true" version="1" changeset="67097291" timestamp="2019-02-11T11:37:25Z" user="km2bp" uid="3610826" lat="36.7652572" lon="-4.7096976"/>
 <node id="6271382371" visible="true" version="1" changeset="67097291" timestamp="2019-02-11T11:37:25Z" user="km2bp" uid="3610826" lat="36.7652469" lon="-4.7098787"/>
 <node id="6271382372" visible="true" version="1" changeset="67097291" timestamp="2019-02-11T11:37:25Z" user="km2bp" uid="3610826" lat="36.7653662" lon="-4.7095933"/>
 <node id="6271382373" visible="true" version="1" changeset="67097291" timestamp="2019-02-11T11:37:25Z" user="km2bp" uid="3610826" lat="36.7654337" lon="-4.7096007"/>
 <node id="6271382374" visible="true" version="1" changeset="67097291" timestamp="2019-02-11T11:37:25Z" user="km2bp" uid="3610826" lat="36.7654441" lon="-4.7094536"/>
 <node id="6271382375" visible="true" version="1" changeset="67097291" timestamp="2019-02-11T11:37:25Z" user="km2bp" uid="3610826" lat="36.7652382" lon="-4.7094309"/>
 <node id="6271382376" visible="true" version="1" changeset="67097291" timestamp="2019-02-11T11:37:25Z" user="km2bp" uid="3610826" lat="36.7652284" lon="-4.7095687"/>
 <node id="6271382377" visible="true" version="1" changeset="67097291" timestamp="2019-02-11T11:37:25Z" user="km2bp" uid="3610826" lat="36.7653240" lon="-4.7095792"/>
 <node id="6271382378" visible="true" version="1" changeset="67097291" timestamp="2019-02-11T11:37:25Z" user="km2bp" uid="3610826" lat="36.7653268" lon="-4.7095389"/>
 <node id="6271382379" visible="true" version="1" changeset="67097291" timestamp="2019-02-11T11:37:25Z" user="km2bp" uid="3610826" lat="36.7653697" lon="-4.7095436"/>
 <node id="6271382380" visible="true" version="1" changeset="67097291" timestamp="2019-02-11T11:37:25Z" user="km2bp" uid="3610826" lat="36.7653526" lon="-4.7095931"/>
 <node id="6271382381" visible="true" version="1" changeset="67097291" timestamp="2019-02-11T11:37:25Z" user="km2bp" uid="3610826" lat="36.7653489" lon="-4.7096349"/>
 <node id="6271382382" visible="true" version="1" changeset="67097291" timestamp="2019-02-11T11:37:25Z" user="km2bp" uid="3610826" lat="36.7652886" lon="-4.7096266"/>
 <node id="6271382383" visible="true" version="1" changeset="67097291" timestamp="2019-02-11T11:37:25Z" user="km2bp" uid="3610826" lat="36.7652728" lon="-4.7095995"/>
 <node id="6271382384" visible="true" version="1" changeset="67097291" timestamp="2019-02-11T11:37:25Z" user="km2bp" uid="3610826" lat="36.7652894" lon="-4.7095844"/>
 <node id="6271382985" visible="true" version="1" changeset="67097291" timestamp="2019-02-11T11:37:25Z" user="km2bp" uid="3610826" lat="36.7651547" lon="-4.7100666"/>
 <node id="6271382986" visible="true" version="1" changeset="67097291" timestamp="2019-02-11T11:37:25Z" user="km2bp" uid="3610826" lat="36.7652029" lon="-4.7100639"/>
 <node id="6271382987" visible="true" version="1" changeset="67097291" timestamp="2019-02-11T11:37:25Z" user="km2bp" uid="3610826" lat="36.7651979" lon="-4.7099940"/>
 <node id="6271382988" visible="true" version="1" changeset="67097291" timestamp="2019-02-11T11:37:25Z" user="km2bp" uid="3610826" lat="36.7651618" lon="-4.7099976"/>
 <node id="6271382989" visible="true" version="1" changeset="67097291" timestamp="2019-02-11T11:37:25Z" user="km2bp" uid="3610826" lat="36.7651618" lon="-4.7099480"/>
 <node id="6271382990" visible="true" version="1" changeset="67097291" timestamp="2019-02-11T11:37:25Z" user="km2bp" uid="3610826" lat="36.7651164" lon="-4.7099454"/>
 <node id="6271382991" visible="true" version="1" changeset="67097291" timestamp="2019-02-11T11:37:25Z" user="km2bp" uid="3610826" lat="36.7651214" lon="-4.7098498"/>
 <node id="6271382992" visible="true" version="1" changeset="67097291" timestamp="2019-02-11T11:37:25Z" user="km2bp" uid="3610826" lat="36.7650434" lon="-4.7098418"/>
 <node id="6271382993" visible="true" version="1" changeset="67097291" timestamp="2019-02-11T11:37:25Z" user="km2bp" uid="3610826" lat="36.7650399" lon="-4.7099365"/>
 <node id="6271382994" visible="true" version="1" changeset="67097291" timestamp="2019-02-11T11:37:26Z" user="km2bp" uid="3610826" lat="36.7649491" lon="-4.7099294"/>
 <node id="6271382995" visible="true" version="1" changeset="67097291" timestamp="2019-02-11T11:37:26Z" user="km2bp" uid="3610826" lat="36.7649520" lon="-4.7098321"/>
 <node id="6271382996" visible="true" version="1" changeset="67097291" timestamp="2019-02-11T11:37:26Z" user="km2bp" uid="3610826" lat="36.7648704" lon="-4.7098286"/>
 <node id="6271382997" visible="true" version="1" changeset="67097291" timestamp="2019-02-11T11:37:26Z" user="km2bp" uid="3610826" lat="36.7648662" lon="-4.7099206"/>
 <node id="6271382998" visible="true" version="1" changeset="67097291" timestamp="2019-02-11T11:37:26Z" user="km2bp" uid="3610826" lat="36.7647776" lon="-4.7099126"/>
 <node id="6271382999" visible="true" version="1" changeset="67097291" timestamp="2019-02-11T11:37:26Z" user="km2bp" uid="3610826" lat="36.7647811" lon="-4.7098215"/>
 <node id="6271383000" visible="true" version="1" changeset="67097291" timestamp="2019-02-11T11:37:26Z" user="km2bp" uid="3610826" lat="36.7647025" lon="-4.7098126"/>
 <node id="6271383001" visible="true" version="1" changeset="67097291" timestamp="2019-02-11T11:37:26Z" user="km2bp" uid="3610826" lat="36.7646968" lon="-4.7099064"/>
 <node id="6271383002" visible="true" version="1" changeset="67097291" timestamp="2019-02-11T11:37:26Z" user="km2bp" uid="3610826" lat="36.7646082" lon="-4.7098985"/>
 <node id="6271383003" visible="true" version="1" changeset="67097291" timestamp="2019-02-11T11:37:26Z" user="km2bp" uid="3610826" lat="36.7646117" lon="-4.7098056"/>
 <node id="6271383004" visible="true" version="1" changeset="67097291" timestamp="2019-02-11T11:37:26Z" user="km2bp" uid="3610826" lat="36.7645345" lon="-4.7097958"/>
 <node id="6271383005" visible="true" version="1" changeset="67097291" timestamp="2019-02-11T11:37:26Z" user="km2bp" uid="3610826" lat="36.7645281" lon="-4.7098887"/>
 <node id="6271383006" visible="true" version="1" changeset="67097291" timestamp="2019-02-11T11:37:26Z" user="km2bp" uid="3610826" lat="36.7644395" lon="-4.7098808"/>
 <node id="6271383007" visible="true" version="1" changeset="67097291" timestamp="2019-02-11T11:37:26Z" user="km2bp" uid="3610826" lat="36.7644409" lon="-4.7097879"/>
 <node id="6271383008" visible="true" version="1" changeset="67097291" timestamp="2019-02-11T11:37:26Z" user="km2bp" uid="3610826" lat="36.7643658" lon="-4.7097799"/>
 <node id="6271383009" visible="true" version="1" changeset="67097291" timestamp="2019-02-11T11:37:26Z" user="km2bp" uid="3610826" lat="36.7643587" lon="-4.7098746"/>
 <node id="6271383010" visible="true" version="1" changeset="67097291" timestamp="2019-02-11T11:37:26Z" user="km2bp" uid="3610826" lat="36.7643076" lon="-4.7098710"/>
 <node id="6271383011" visible="true" version="1" changeset="67097291" timestamp="2019-02-11T11:37:26Z" user="km2bp" uid="3610826" lat="36.7643020" lon="-4.7099896"/>
 <node id="6271383012" visible="true" version="1" changeset="67097291" timestamp="2019-02-11T11:37:26Z" user="km2bp" uid="3610826" lat="36.7650928" lon="-4.7097642"/>
 <node id="6271383013" visible="true" version="1" changeset="67097291" timestamp="2019-02-11T11:37:26Z" user="km2bp" uid="3610826" lat="36.7650965" lon="-4.7095978"/>
 <node id="6271383014" visible="true" version="1" changeset="67097291" timestamp="2019-02-11T11:37:26Z" user="km2bp" uid="3610826" lat="36.7651755" lon="-4.7096024"/>
 <node id="6271383015" visible="true" version="1" changeset="67097291" timestamp="2019-02-11T11:37:26Z" user="km2bp" uid="3610826" lat="36.7651885" lon="-4.7097742"/>
 <node id="6271383016" visible="true" version="1" changeset="67097291" timestamp="2019-02-11T11:37:26Z" user="km2bp" uid="3610826" lat="36.7650774" lon="-4.7095947"/>
 <node id="6271383017" visible="true" version="1" changeset="67097291" timestamp="2019-02-11T11:37:26Z" user="km2bp" uid="3610826" lat="36.7650848" lon="-4.7094014"/>
 <node id="6271383018" visible="true" version="1" changeset="67097291" timestamp="2019-02-11T11:37:26Z" user="km2bp" uid="3610826" lat="36.7651558" lon="-4.7094029"/>
 <node id="6271383019" visible="true" version="1" changeset="67097291" timestamp="2019-02-11T11:37:26Z" user="km2bp" uid="3610826" lat="36.7652685" lon="-4.7093628"/>
 <node id="6271383020" visible="true" version="1" changeset="67097291" timestamp="2019-02-11T11:37:26Z" user="km2bp" uid="3610826" lat="36.7652712" lon="-4.7093272"/>
 <node id="6271383021" visible="true" version="1" changeset="67097291" timestamp="2019-02-11T11:37:26Z" user="km2bp" uid="3610826" lat="36.7652744" lon="-4.7092831"/>
 <node id="6271383022" visible="true" version="1" changeset="67097291" timestamp="2019-02-11T11:37:26Z" user="km2bp" uid="3610826" lat="36.7652825" lon="-4.7093952">
  <tag k="leaf_cycle" v="evergreen"/>
  <tag k="leaf_type" v="broadleaved"/>
  <tag k="natural" v="tree"/>
  <tag k="species" v="Citrus × aurantium"/>
 </node>
 <node id="6271383023" visible="true" version="1" changeset="67097291" timestamp="2019-02-11T11:37:26Z" user="km2bp" uid="3610826" lat="36.7652374" lon="-4.7092685">
  <tag k="leaf_cycle" v="evergreen"/>
  <tag k="leaf_type" v="broadleaved"/>
  <tag k="natural" v="tree"/>
  <tag k="species" v="Citrus × aurantium"/>
 </node>
 <node id="6271383024" visible="true" version="1" changeset="67097291" timestamp="2019-02-11T11:37:26Z" user="km2bp" uid="3610826" lat="36.7653330" lon="-4.7094060">
  <tag k="leaf_cycle" v="evergreen"/>
  <tag k="leaf_type" v="broadleaved"/>
  <tag k="natural" v="tree"/>
  <tag k="species" v="Citrus × aurantium"/>
 </node>
 <node id="6271383025" visible="true" version="1" changeset="67097291" timestamp="2019-02-11T11:37:26Z" user="km2bp" uid="3610826" lat="36.7653078" lon="-4.7092940">
  <tag k="leaf_cycle" v="evergreen"/>
  <tag k="leaf_type" v="broadleaved"/>
  <tag k="natural" v="tree"/>
  <tag k="species" v="Citrus × aurantium"/>
 </node>
 <node id="6271383026" visible="true" version="1" changeset="67097291" timestamp="2019-02-11T11:37:26Z" user="km2bp" uid="3610826" lat="36.7653346" lon="-4.7092946">
  <tag k="leaf_cycle" v="evergreen"/>
  <tag k="leaf_type" v="broadleaved"/>
  <tag k="natural" v="tree"/>
  <tag k="species" v="Citrus × aurantium"/>
 </node>
 <node id="6271383027" visible="true" version="1" changeset="67097291" timestamp="2019-02-11T11:37:26Z" user="km2bp" uid="3610826" lat="36.7653583" lon="-4.7092987">
  <tag k="leaf_cycle" v="evergreen"/>
  <tag k="leaf_type" v="broadleaved"/>
  <tag k="natural" v="tree"/>
  <tag k="species" v="Citrus × aurantium"/>
 </node>
 <node id="6271383028" visible="true" version="1" changeset="67097291" timestamp="2019-02-11T11:37:26Z" user="km2bp" uid="3610826" lat="36.7654351" lon="-4.7093134">
  <tag k="leaf_cycle" v="evergreen"/>
  <tag k="leaf_type" v="broadleaved"/>
  <tag k="natural" v="tree"/>
  <tag k="species" v="Citrus × aurantium"/>
 </node>
 <node id="6271383029" visible="true" version="1" changeset="67097291" timestamp="2019-02-11T11:37:26Z" user="km2bp" uid="3610826" lat="36.7653787" lon="-4.7094140">
  <tag k="leaf_cycle" v="evergreen"/>
  <tag k="leaf_type" v="broadleaved"/>
  <tag k="natural" v="tree"/>
  <tag k="species" v="Citrus × aurantium"/>
 </node>
 <node id="6271383030" visible="true" version="1" changeset="67097291" timestamp="2019-02-11T11:37:26Z" user="km2bp" uid="3610826" lat="36.7654179" lon="-4.7094187">
  <tag k="leaf_cycle" v="evergreen"/>
  <tag k="leaf_type" v="broadleaved"/>
  <tag k="natural" v="tree"/>
  <tag k="species" v="Citrus × aurantium"/>
 </node>
 <node id="6271383031" visible="true" version="1" changeset="67097291" timestamp="2019-02-11T11:37:26Z" user="km2bp" uid="3610826" lat="36.7654694" lon="-4.7094334">
  <tag k="leaf_cycle" v="evergreen"/>
  <tag k="leaf_type" v="broadleaved"/>
  <tag k="natural" v="tree"/>
  <tag k="species" v="Citrus × aurantium"/>
 </node>
 <node id="6271383032" visible="true" version="1" changeset="67097291" timestamp="2019-02-11T11:37:26Z" user="km2bp" uid="3610826" lat="36.7655103" lon="-4.7094375">
  <tag k="leaf_cycle" v="evergreen"/>
  <tag k="leaf_type" v="broadleaved"/>
  <tag k="natural" v="tree"/>
  <tag k="species" v="Citrus × aurantium"/>
 </node>
 <node id="6271383033" visible="true" version="1" changeset="67097291" timestamp="2019-02-11T11:37:27Z" user="km2bp" uid="3610826" lat="36.7655457" lon="-4.7094415">
  <tag k="leaf_cycle" v="evergreen"/>
  <tag k="leaf_type" v="broadleaved"/>
  <tag k="natural" v="tree"/>
  <tag k="species" v="Citrus × aurantium"/>
 </node>
 <node id="6271383034" visible="true" version="1" changeset="67097291" timestamp="2019-02-11T11:37:27Z" user="km2bp" uid="3610826" lat="36.7656419" lon="-4.7094569">
  <tag k="leaf_cycle" v="evergreen"/>
  <tag k="leaf_type" v="broadleaved"/>
  <tag k="natural" v="tree"/>
  <tag k="species" v="Citrus × aurantium"/>
 </node>
 <node id="6271383035" visible="true" version="1" changeset="67097291" timestamp="2019-02-11T11:37:27Z" user="km2bp" uid="3610826" lat="36.7656816" lon="-4.7094636">
  <tag k="leaf_cycle" v="evergreen"/>
  <tag k="leaf_type" v="broadleaved"/>
  <tag k="natural" v="tree"/>
  <tag k="species" v="Citrus × aurantium"/>
 </node>
 <node id="6271383036" visible="true" version="1" changeset="67097291" timestamp="2019-02-11T11:37:27Z" user="km2bp" uid="3610826" lat="36.7657337" lon="-4.7094723">
  <tag k="leaf_cycle" v="evergreen"/>
  <tag k="leaf_type" v="broadleaved"/>
  <tag k="natural" v="tree"/>
  <tag k="species" v="Citrus × aurantium"/>
 </node>
 <node id="6271383037" visible="true" version="1" changeset="67097291" timestamp="2019-02-11T11:37:27Z" user="km2bp" uid="3610826" lat="36.7657740" lon="-4.7094804">
  <tag k="leaf_cycle" v="evergreen"/>
  <tag k="leaf_type" v="broadleaved"/>
  <tag k="natural" v="tree"/>
  <tag k="species" v="Citrus × aurantium"/>
 </node>
 <node id="6271383038" visible="true" version="1" changeset="67097291" timestamp="2019-02-11T11:37:27Z" user="km2bp" uid="3610826" lat="36.7658159" lon="-4.7094851">
  <tag k="leaf_cycle" v="evergreen"/>
  <tag k="leaf_type" v="broadleaved"/>
  <tag k="natural" v="tree"/>
  <tag k="species" v="Citrus × aurantium"/>
 </node>
 <node id="6271383039" visible="true" version="1" changeset="67097291" timestamp="2019-02-11T11:37:27Z" user="km2bp" uid="3610826" lat="36.7658702" lon="-4.7094978">
  <tag k="leaf_cycle" v="evergreen"/>
  <tag k="leaf_type" v="broadleaved"/>
  <tag k="natural" v="tree"/>
  <tag k="species" v="Citrus × aurantium"/>
 </node>
 <node id="6271383040" visible="true" version="1" changeset="67097291" timestamp="2019-02-11T11:37:27Z" user="km2bp" uid="3610826" lat="36.7659078" lon="-4.7095065">
  <tag k="leaf_cycle" v="evergreen"/>
  <tag k="leaf_type" v="broadleaved"/>
  <tag k="natural" v="tree"/>
  <tag k="species" v="Citrus × aurantium"/>
 </node>
 <node id="6271383041" visible="true" version="1" changeset="67097291" timestamp="2019-02-11T11:37:27Z" user="km2bp" uid="3610826" lat="36.7659524" lon="-4.7095126">
  <tag k="leaf_cycle" v="evergreen"/>
  <tag k="leaf_type" v="broadleaved"/>
  <tag k="natural" v="tree"/>
  <tag k="species" v="Citrus × aurantium"/>
 </node>
 <node id="6271383042" visible="true" version="1" changeset="67097291" timestamp="2019-02-11T11:37:27Z" user="km2bp" uid="3610826" lat="36.7660072" lon="-4.7095193">
  <tag k="leaf_cycle" v="evergreen"/>
  <tag k="leaf_type" v="broadleaved"/>
  <tag k="natural" v="tree"/>
  <tag k="species" v="Citrus × aurantium"/>
 </node>
 <node id="6271383043" visible="true" version="1" changeset="67097291" timestamp="2019-02-11T11:37:27Z" user="km2bp" uid="3610826" lat="36.7660437" lon="-4.7095246">
  <tag k="leaf_cycle" v="evergreen"/>
  <tag k="leaf_type" v="broadleaved"/>
  <tag k="natural" v="tree"/>
  <tag k="species" v="Citrus × aurantium"/>
 </node>
 <node id="6271383044" visible="true" version="1" changeset="67097291" timestamp="2019-02-11T11:37:27Z" user="km2bp" uid="3610826" lat="36.7660824" lon="-4.7095307">
  <tag k="leaf_cycle" v="evergreen"/>
  <tag k="leaf_type" v="broadleaved"/>
  <tag k="natural" v="tree"/>
  <tag k="species" v="Citrus × aurantium"/>
 </node>
 <node id="6271383045" visible="true" version="1" changeset="67097291" timestamp="2019-02-11T11:37:27Z" user="km2bp" uid="3610826" lat="36.7657875" lon="-4.7093490">
  <tag k="leaf_cycle" v="evergreen"/>
  <tag k="leaf_type" v="broadleaved"/>
  <tag k="natural" v="tree"/>
  <tag k="species" v="Citrus × aurantium"/>
 </node>
 <node id="6271383046" visible="true" version="1" changeset="67097291" timestamp="2019-02-11T11:37:27Z" user="km2bp" uid="3610826" lat="36.7658331" lon="-4.7093536">
  <tag k="leaf_cycle" v="evergreen"/>
  <tag k="leaf_type" v="broadleaved"/>
  <tag k="natural" v="tree"/>
  <tag k="species" v="Citrus × aurantium"/>
 </node>
 <node id="6271383047" visible="true" version="1" changeset="67097291" timestamp="2019-02-11T11:37:27Z" user="km2bp" uid="3610826" lat="36.7658868" lon="-4.7093590">
  <tag k="leaf_cycle" v="evergreen"/>
  <tag k="leaf_type" v="broadleaved"/>
  <tag k="natural" v="tree"/>
  <tag k="species" v="Citrus × aurantium"/>
 </node>
 <node id="6271383048" visible="true" version="1" changeset="67097291" timestamp="2019-02-11T11:37:28Z" user="km2bp" uid="3610826" lat="36.7659244" lon="-4.7093664">
  <tag k="leaf_cycle" v="evergreen"/>
  <tag k="leaf_type" v="broadleaved"/>
  <tag k="natural" v="tree"/>
  <tag k="species" v="Citrus × aurantium"/>
 </node>
 <node id="6271383049" visible="true" version="2" changeset="182778259" timestamp="2026-05-17T11:05:33Z" user="km2bp" uid="3610826" lat="36.7659708" lon="-4.7093745">
  <tag k="leaf_cycle" v="evergreen"/>
  <tag k="leaf_type" v="broadleaved"/>
  <tag k="natural" v="tree"/>
  <tag k="species" v="Citrus × aurantium"/>
 </node>
 <node id="6271383050" visible="true" version="1" changeset="67097291" timestamp="2019-02-11T11:37:28Z" user="km2bp" uid="3610826" lat="36.7660209" lon="-4.7093744">
  <tag k="leaf_cycle" v="evergreen"/>
  <tag k="leaf_type" v="broadleaved"/>
  <tag k="natural" v="tree"/>
  <tag k="species" v="Citrus × aurantium"/>
 </node>
 <node id="6271383051" visible="true" version="1" changeset="67097291" timestamp="2019-02-11T11:37:28Z" user="km2bp" uid="3610826" lat="36.7660570" lon="-4.7093856">
  <tag k="leaf_cycle" v="evergreen"/>
  <tag k="leaf_type" v="broadleaved"/>
  <tag k="natural" v="tree"/>
  <tag k="species" v="Citrus × aurantium"/>
 </node>
 <node id="6271383052" visible="true" version="1" changeset="67097291" timestamp="2019-02-11T11:37:28Z" user="km2bp" uid="3610826" lat="36.7660979" lon="-4.7093999">
  <tag k="leaf_cycle" v="evergreen"/>
  <tag k="leaf_type" v="broadleaved"/>
  <tag k="natural" v="tree"/>
  <tag k="species" v="Citrus × aurantium"/>
 </node>
 <node id="6271383053" visible="true" version="1" changeset="67097291" timestamp="2019-02-11T11:37:28Z" user="km2bp" uid="3610826" lat="36.7661474" lon="-4.7094100">
  <tag k="leaf_cycle" v="evergreen"/>
  <tag k="leaf_type" v="broadleaved"/>
  <tag k="natural" v="tree"/>
  <tag k="species" v="Citrus × aurantium"/>
 </node>
 <node id="6271383054" visible="true" version="1" changeset="67097291" timestamp="2019-02-11T11:37:28Z" user="km2bp" uid="3610826" lat="36.7661774" lon="-4.7095481">
  <tag k="leaf_cycle" v="evergreen"/>
  <tag k="leaf_type" v="broadleaved"/>
  <tag k="natural" v="tree"/>
  <tag k="species" v="Citrus × aurantium"/>
 </node>
 <node id="6271383055" visible="true" version="1" changeset="67097291" timestamp="2019-02-11T11:37:28Z" user="km2bp" uid="3610826" lat="36.7662306" lon="-4.7094194">
  <tag k="leaf_cycle" v="evergreen"/>
  <tag k="leaf_type" v="broadleaved"/>
  <tag k="natural" v="tree"/>
  <tag k="species" v="Citrus × aurantium"/>
 </node>
 <node id="6271383056" visible="true" version="1" changeset="67097291" timestamp="2019-02-11T11:37:28Z" user="km2bp" uid="3610826" lat="36.7662515" lon="-4.7094924"/>
 <node id="6271383057" visible="true" version="1" changeset="67097291" timestamp="2019-02-11T11:37:28Z" user="km2bp" uid="3610826" lat="36.7663171" lon="-4.7095696">
  <tag k="leaf_cycle" v="evergreen"/>
  <tag k="leaf_type" v="broadleaved"/>
  <tag k="natural" v="tree"/>
  <tag k="species" v="Citrus × aurantium"/>
 </node>
 <node id="6271383058" visible="true" version="1" changeset="67097291" timestamp="2019-02-11T11:37:28Z" user="km2bp" uid="3610826" lat="36.7663150" lon="-4.7094341">
  <tag k="leaf_cycle" v="evergreen"/>
  <tag k="leaf_type" v="broadleaved"/>
  <tag k="natural" v="tree"/>
  <tag k="species" v="Citrus × aurantium"/>
 </node>
 <node id="6271383059" visible="true" version="1" changeset="67097291" timestamp="2019-02-11T11:37:28Z" user="km2bp" uid="3610826" lat="36.7662768" lon="-4.7094281">
  <tag k="leaf_cycle" v="evergreen"/>
  <tag k="leaf_type" v="broadleaved"/>
  <tag k="natural" v="tree"/>
  <tag k="species" v="Citrus × aurantium"/>
 </node>
 <node id="6271383060" visible="true" version="1" changeset="67097291" timestamp="2019-02-11T11:37:28Z" user="km2bp" uid="3610826" lat="36.7665030" lon="-4.7096038">
  <tag k="leaf_cycle" v="evergreen"/>
  <tag k="leaf_type" v="broadleaved"/>
  <tag k="natural" v="tree"/>
  <tag k="species" v="Citrus × aurantium"/>
 </node>
 <node id="6271383061" visible="true" version="1" changeset="67097291" timestamp="2019-02-11T11:37:28Z" user="km2bp" uid="3610826" lat="36.7664600" lon="-4.7095964">
  <tag k="leaf_cycle" v="evergreen"/>
  <tag k="leaf_type" v="broadleaved"/>
  <tag k="natural" v="tree"/>
  <tag k="species" v="Citrus × aurantium"/>
 </node>
 <node id="6271383062" visible="true" version="1" changeset="67097291" timestamp="2019-02-11T11:37:28Z" user="km2bp" uid="3610826" lat="36.7664170" lon="-4.7095803">
  <tag k="leaf_cycle" v="evergreen"/>
  <tag k="leaf_type" v="broadleaved"/>
  <tag k="natural" v="tree"/>
  <tag k="species" v="Citrus × aurantium"/>
 </node>
 <node id="6271383063" visible="true" version="1" changeset="67097291" timestamp="2019-02-11T11:37:28Z" user="km2bp" uid="3610826" lat="36.7664525" lon="-4.7094495">
  <tag k="leaf_cycle" v="evergreen"/>
  <tag k="leaf_type" v="broadleaved"/>
  <tag k="natural" v="tree"/>
  <tag k="species" v="Citrus × aurantium"/>
 </node>
 <node id="6271383064" visible="true" version="1" changeset="67097291" timestamp="2019-02-11T11:37:29Z" user="km2bp" uid="3610826" lat="36.7664917" lon="-4.7094562">
  <tag k="leaf_cycle" v="evergreen"/>
  <tag k="leaf_type" v="broadleaved"/>
  <tag k="natural" v="tree"/>
  <tag k="species" v="Citrus × aurantium"/>
 </node>
 <node id="6271383065" visible="true" version="1" changeset="67097291" timestamp="2019-02-11T11:37:29Z" user="km2bp" uid="3610826" lat="36.7656270" lon="-4.7092815">
  <tag k="natural" v="tree"/>
 </node>
 <node id="6271383066" visible="true" version="1" changeset="67097291" timestamp="2019-02-11T11:37:29Z" user="km2bp" uid="3610826" lat="36.7655236" lon="-4.7092653">
  <tag k="natural" v="tree"/>
 </node>
 <node id="6271383067" visible="true" version="1" changeset="67097291" timestamp="2019-02-11T11:37:29Z" user="km2bp" uid="3610826" lat="36.7654308" lon="-4.7092612">
  <tag k="natural" v="tree"/>
 </node>
 <node id="6271383068" visible="true" version="1" changeset="67097291" timestamp="2019-02-11T11:37:29Z" user="km2bp" uid="3610826" lat="36.7653274" lon="-4.7092348">
  <tag k="natural" v="tree"/>
 </node>
 <node id="6271383069" visible="true" version="1" changeset="67097291" timestamp="2019-02-11T11:37:29Z" user="km2bp" uid="3610826" lat="36.7652386" lon="-4.7092256">
  <tag k="natural" v="tree"/>
 </node>
 <node id="6271383070" visible="true" version="2" changeset="161638249" timestamp="2025-01-22T13:26:44Z" user="wicking" uid="102755" lat="36.7655504" lon="-4.7090803">
  <tag k="leaf_cycle" v="evergreen"/>
  <tag k="leaf_type" v="palm"/>
  <tag k="natural" v="tree"/>
 </node>
 <node id="6271383071" visible="true" version="2" changeset="161638249" timestamp="2025-01-22T13:26:44Z" user="wicking" uid="102755" lat="36.7656066" lon="-4.7090844">
  <tag k="leaf_cycle" v="evergreen"/>
  <tag k="leaf_type" v="palm"/>
  <tag k="natural" v="tree"/>
 </node>
 <node id="6271383072" visible="true" version="2" changeset="161638249" timestamp="2025-01-22T13:26:44Z" user="wicking" uid="102755" lat="36.7656620" lon="-4.7090956">
  <tag k="leaf_cycle" v="evergreen"/>
  <tag k="leaf_type" v="palm"/>
  <tag k="natural" v="tree"/>
 </node>
 <node id="6271383073" visible="true" version="2" changeset="161638249" timestamp="2025-01-22T13:26:44Z" user="wicking" uid="102755" lat="36.7656643" lon="-4.7086459">
  <tag k="leaf_cycle" v="evergreen"/>
  <tag k="leaf_type" v="palm"/>
  <tag k="natural" v="tree"/>
 </node>
 <node id="6271383074" visible="true" version="2" changeset="161638249" timestamp="2025-01-22T13:26:44Z" user="wicking" uid="102755" lat="36.7656127" lon="-4.7086254">
  <tag k="leaf_cycle" v="evergreen"/>
  <tag k="leaf_type" v="palm"/>
  <tag k="natural" v="tree"/>
 </node>
 <node id="6271383075" visible="true" version="1" changeset="67097291" timestamp="2019-02-11T11:37:29Z" user="km2bp" uid="3610826" lat="36.7651401" lon="-4.7091016"/>
 <node id="6271383076" visible="true" version="1" changeset="67097291" timestamp="2019-02-11T11:37:29Z" user="km2bp" uid="3610826" lat="36.7650173" lon="-4.7090970"/>
 <node id="6271383077" visible="true" version="1" changeset="67097291" timestamp="2019-02-11T11:37:29Z" user="km2bp" uid="3610826" lat="36.7650161" lon="-4.7090839"/>
 <node id="6271383078" visible="true" version="1" changeset="67097291" timestamp="2019-02-11T11:37:29Z" user="km2bp" uid="3610826" lat="36.7649920" lon="-4.7090839"/>
 <node id="6271383079" visible="true" version="1" changeset="67097291" timestamp="2019-02-11T11:37:29Z" user="km2bp" uid="3610826" lat="36.7649933" lon="-4.7089907"/>
 <node id="6271383080" visible="true" version="1" changeset="67097291" timestamp="2019-02-11T11:37:29Z" user="km2bp" uid="3610826" lat="36.7650143" lon="-4.7089915"/>
 <node id="6271383081" visible="true" version="1" changeset="67097291" timestamp="2019-02-11T11:37:29Z" user="km2bp" uid="3610826" lat="36.7650155" lon="-4.7089822"/>
 <node id="6271383082" visible="true" version="1" changeset="67097291" timestamp="2019-02-11T11:37:29Z" user="km2bp" uid="3610826" lat="36.7651506" lon="-4.7089899"/>
 <node id="6271383083" visible="true" version="1" changeset="67097291" timestamp="2019-02-11T11:37:29Z" user="km2bp" uid="3610826" lat="36.7651487" lon="-4.7089804"/>
 <node id="6271383084" visible="true" version="1" changeset="67097291" timestamp="2019-02-11T11:37:29Z" user="km2bp" uid="3610826" lat="36.7649271" lon="-4.7091999"/>
 <node id="6271383285" visible="true" version="1" changeset="67097291" timestamp="2019-02-11T11:37:29Z" user="km2bp" uid="3610826" lat="36.7649289" lon="-4.7091299"/>
 <node id="6271383286" visible="true" version="1" changeset="67097291" timestamp="2019-02-11T11:37:29Z" user="km2bp" uid="3610826" lat="36.7650169" lon="-4.7091316"/>
 <node id="6271383287" visible="true" version="1" changeset="67097291" timestamp="2019-02-11T11:37:29Z" user="km2bp" uid="3610826" lat="36.7651291" lon="-4.7092122"/>
 <node id="6271383288" visible="true" version="1" changeset="67097291" timestamp="2019-02-11T11:37:29Z" user="km2bp" uid="3610826" lat="36.7650767" lon="-4.7092099"/>
 <node id="6271383289" visible="true" version="1" changeset="67097291" timestamp="2019-02-11T11:37:29Z" user="km2bp" uid="3610826" lat="36.7650744" lon="-4.7091935"/>
 <node id="6271383290" visible="true" version="1" changeset="67097291" timestamp="2019-02-11T11:37:29Z" user="km2bp" uid="3610826" lat="36.7650660" lon="-4.7091941"/>
 <node id="6271383291" visible="true" version="1" changeset="67097291" timestamp="2019-02-11T11:37:29Z" user="km2bp" uid="3610826" lat="36.7650519" lon="-4.7091918"/>
 <node id="6271383292" visible="true" version="1" changeset="67097291" timestamp="2019-02-11T11:37:29Z" user="km2bp" uid="3610826" lat="36.7650468" lon="-4.7091918"/>
 <node id="6271383293" visible="true" version="1" changeset="67097291" timestamp="2019-02-11T11:37:29Z" user="km2bp" uid="3610826" lat="36.7650463" lon="-4.7092064"/>
 <node id="6271383294" visible="true" version="1" changeset="67097291" timestamp="2019-02-11T11:37:29Z" user="km2bp" uid="3610826" lat="36.7659086" lon="-4.7095245"/>
 <node id="6271383295" visible="true" version="1" changeset="67097291" timestamp="2019-02-11T11:37:29Z" user="km2bp" uid="3610826" lat="36.7655796" lon="-4.7094722"/>
 <node id="6271383296" visible="true" version="1" changeset="67097291" timestamp="2019-02-11T11:37:29Z" user="km2bp" uid="3610826" lat="36.7655645" lon="-4.7096208"/>
 <node id="6271383297" visible="true" version="1" changeset="67097291" timestamp="2019-02-11T11:37:29Z" user="km2bp" uid="3610826" lat="36.7658934" lon="-4.7096731"/>
 <node id="6271383298" visible="true" version="1" changeset="67097291" timestamp="2019-02-11T11:37:29Z" user="km2bp" uid="3610826" lat="36.7656688" lon="-4.7092717"/>
 <node id="6271383299" visible="true" version="1" changeset="67097291" timestamp="2019-02-11T11:37:29Z" user="km2bp" uid="3610826" lat="36.7656920" lon="-4.7092759"/>
 <node id="6271383300" visible="true" version="1" changeset="67097291" timestamp="2019-02-11T11:37:29Z" user="km2bp" uid="3610826" lat="36.7657272" lon="-4.7092835"/>
 <node id="6271383301" visible="true" version="1" changeset="67097291" timestamp="2019-02-11T11:37:29Z" user="km2bp" uid="3610826" lat="36.7662790" lon="-4.7095635">
  <tag k="leaf_cycle" v="evergreen"/>
  <tag k="leaf_type" v="broadleaved"/>
  <tag k="natural" v="tree"/>
  <tag k="species" v="Citrus × aurantium"/>
 </node>
 <node id="6271383302" visible="true" version="4" changeset="182778259" timestamp="2026-05-17T11:05:33Z" user="km2bp" uid="3610826" lat="36.7659780" lon="-4.7093746">
  <tag k="historic" v="memorial"/>
  <tag k="image" v="https://photos.app.goo.gl/D1CZoBjn2A3PaLPX7"/>
  <tag k="mapillary" v="370879494234824"/>
  <tag k="memorial" v="plaque"/>
  <tag k="name" v="Daniel Franco Garcia"/>
 </node>
 <node id="6271383303" visible="true" version="4" changeset="182778259" timestamp="2026-05-17T11:05:33Z" user="km2bp" uid="3610826" lat="36.7659625" lon="-4.7093731">
  <tag k="historic" v="memorial"/>
  <tag k="image" v="https://photos.app.goo.gl/avqLDX6qSRdk16219"/>
  <tag k="mapillary" v="834370257154689"/>
  <tag k="memorial" v="plaque"/>
  <tag k="name" v="Juan Ruiz Diaz"/>
 </node>
 <node id="6271383304" visible="true" version="1" changeset="67097291" timestamp="2019-02-11T11:37:30Z" user="km2bp" uid="3610826" lat="36.7659433" lon="-4.7089625"/>
 <node id="6271383305" visible="true" version="1" changeset="67097291" timestamp="2019-02-11T11:37:30Z" user="km2bp" uid="3610826" lat="36.7659526" lon="-4.7088780"/>
 <node id="6271383306" visible="true" version="1" changeset="67097291" timestamp="2019-02-11T11:37:30Z" user="km2bp" uid="3610826" lat="36.7659777" lon="-4.7088828"/>
 <node id="6271383307" visible="true" version="1" changeset="67097291" timestamp="2019-02-11T11:37:30Z" user="km2bp" uid="3610826" lat="36.7659690" lon="-4.7089666"/>
 <node id="6271383308" visible="true" version="1" changeset="67097291" timestamp="2019-02-11T11:37:30Z" user="km2bp" uid="3610826" lat="36.7657961" lon="-4.7088537"/>
 <node id="6271383309" visible="true" version="1" changeset="67097291" timestamp="2019-02-11T11:37:30Z" user="km2bp" uid="3610826" lat="36.7657874" lon="-4.7089354"/>
 <node id="6271383310" visible="true" version="1" changeset="67097291" timestamp="2019-02-11T11:37:30Z" user="km2bp" uid="3610826" lat="36.7657985" lon="-4.7089369"/>
 <node id="6271383311" visible="true" version="1" changeset="67097291" timestamp="2019-02-11T11:37:30Z" user="km2bp" uid="3610826" lat="36.7657930" lon="-4.7089847"/>
 <node id="6271383312" visible="true" version="1" changeset="67097291" timestamp="2019-02-11T11:37:30Z" user="km2bp" uid="3610826" lat="36.7657788" lon="-4.7089808"/>
 <node id="6271383313" visible="true" version="1" changeset="67097291" timestamp="2019-02-11T11:37:30Z" user="km2bp" uid="3610826" lat="36.7657418" lon="-4.7092989"/>
 <node id="6271383314" visible="true" version="1" changeset="67097291" timestamp="2019-02-11T11:37:30Z" user="km2bp" uid="3610826" lat="36.7659454" lon="-4.7093413"/>
 <node id="6271383315" visible="true" version="1" changeset="67097291" timestamp="2019-02-11T11:37:30Z" user="km2bp" uid="3610826" lat="36.7659460" lon="-4.7093328"/>
 <node id="6271383316" visible="true" version="1" changeset="67097291" timestamp="2019-02-11T11:37:30Z" user="km2bp" uid="3610826" lat="36.7659620" lon="-4.7093351"/>
 <node id="6271383317" visible="true" version="1" changeset="67097291" timestamp="2019-02-11T11:37:30Z" user="km2bp" uid="3610826" lat="36.7659614" lon="-4.7093436"/>
 <node id="6271383318" visible="true" version="1" changeset="67097291" timestamp="2019-02-11T11:37:30Z" user="km2bp" uid="3610826" lat="36.7660021" lon="-4.7093513"/>
 <node id="6271383319" visible="true" version="1" changeset="67097291" timestamp="2019-02-11T11:37:30Z" user="km2bp" uid="3610826" lat="36.7660046" lon="-4.7093413"/>
 <node id="6271383320" visible="true" version="1" changeset="67097291" timestamp="2019-02-11T11:37:30Z" user="km2bp" uid="3610826" lat="36.7660484" lon="-4.7093498"/>
 <node id="6271383321" visible="true" version="1" changeset="67097291" timestamp="2019-02-11T11:37:30Z" user="km2bp" uid="3610826" lat="36.7660564" lon="-4.7092612"/>
 <node id="6271383322" visible="true" version="1" changeset="67097291" timestamp="2019-02-11T11:37:30Z" user="km2bp" uid="3610826" lat="36.7660120" lon="-4.7092527"/>
 <node id="6271383323" visible="true" version="1" changeset="67097291" timestamp="2019-02-11T11:37:30Z" user="km2bp" uid="3610826" lat="36.7658966" lon="-4.7091171"/>
 <node id="6271383324" visible="true" version="1" changeset="67097291" timestamp="2019-02-11T11:37:30Z" user="km2bp" uid="3610826" lat="36.7659034" lon="-4.7090409"/>
 <node id="6271383325" visible="true" version="1" changeset="67097291" timestamp="2019-02-11T11:37:30Z" user="km2bp" uid="3610826" lat="36.7658892" lon="-4.7090378"/>
 <node id="6271383326" visible="true" version="1" changeset="67097291" timestamp="2019-02-11T11:37:30Z" user="km2bp" uid="3610826" lat="36.7658960" lon="-4.7089546"/>
 <node id="6271383327" visible="true" version="1" changeset="67097291" timestamp="2019-02-11T11:37:30Z" user="km2bp" uid="3610826" lat="36.7660219" lon="-4.7091341"/>
 <node id="6271383328" visible="true" version="1" changeset="67097291" timestamp="2019-02-11T11:37:30Z" user="km2bp" uid="3610826" lat="36.7662200" lon="-4.7092000"/>
 <node id="6271383329" visible="true" version="1" changeset="67097291" timestamp="2019-02-11T11:37:30Z" user="km2bp" uid="3610826" lat="36.7662015" lon="-4.7093815"/>
 <node id="6271383330" visible="true" version="1" changeset="67097291" timestamp="2019-02-11T11:37:30Z" user="km2bp" uid="3610826" lat="36.7660695" lon="-4.7093605"/>
 <node id="6271383331" visible="true" version="1" changeset="67097291" timestamp="2019-02-11T11:37:30Z" user="km2bp" uid="3610826" lat="36.7660841" lon="-4.7092172"/>
 <node id="6271383332" visible="true" version="1" changeset="67097291" timestamp="2019-02-11T11:37:30Z" user="km2bp" uid="3610826" lat="36.7661470" lon="-4.7092272"/>
 <node id="6271383333" visible="true" version="1" changeset="67097291" timestamp="2019-02-11T11:37:30Z" user="km2bp" uid="3610826" lat="36.7661509" lon="-4.7091890"/>
 <node id="6271383334" visible="true" version="1" changeset="67097291" timestamp="2019-02-11T11:37:30Z" user="km2bp" uid="3610826" lat="36.7662473" lon="-4.7095782"/>
 <node id="6271383335" visible="true" version="1" changeset="67097291" timestamp="2019-02-11T11:37:30Z" user="km2bp" uid="3610826" lat="36.7659736" lon="-4.7095374"/>
 <node id="6271383336" visible="true" version="1" changeset="67097291" timestamp="2019-02-11T11:37:30Z" user="km2bp" uid="3610826" lat="36.7659602" lon="-4.7096769"/>
 <node id="6271383337" visible="true" version="1" changeset="67097291" timestamp="2019-02-11T11:37:30Z" user="km2bp" uid="3610826" lat="36.7662340" lon="-4.7097177"/>
 <node id="6271383338" visible="true" version="1" changeset="67097291" timestamp="2019-02-11T11:37:30Z" user="km2bp" uid="3610826" lat="36.7666058" lon="-4.7094434"/>
 <node id="6271383339" visible="true" version="1" changeset="67097291" timestamp="2019-02-11T11:37:30Z" user="km2bp" uid="3610826" lat="36.7666170" lon="-4.7093327"/>
 <node id="6271383340" visible="true" version="1" changeset="67097291" timestamp="2019-02-11T11:37:30Z" user="km2bp" uid="3610826" lat="36.7665486" lon="-4.7093219"/>
 <node id="6271383341" visible="true" version="1" changeset="67097291" timestamp="2019-02-11T11:37:30Z" user="km2bp" uid="3610826" lat="36.7665578" lon="-4.7092310"/>
 <node id="6271383342" visible="true" version="1" changeset="67097291" timestamp="2019-02-11T11:37:30Z" user="km2bp" uid="3610826" lat="36.7662878" lon="-4.7091885"/>
 <node id="6271383343" visible="true" version="1" changeset="67097291" timestamp="2019-02-11T11:37:30Z" user="km2bp" uid="3610826" lat="36.7662674" lon="-4.7093902"/>
 <node id="6271383344" visible="true" version="1" changeset="67097291" timestamp="2019-02-11T11:37:30Z" user="km2bp" uid="3610826" lat="36.7665778" lon="-4.7098322"/>
 <node id="6271383345" visible="true" version="1" changeset="67097291" timestamp="2019-02-11T11:37:30Z" user="km2bp" uid="3610826" lat="36.7666001" lon="-4.7096380"/>
 <node id="6271383346" visible="true" version="1" changeset="67097291" timestamp="2019-02-11T11:37:30Z" user="km2bp" uid="3610826" lat="36.7665233" lon="-4.7096243"/>
 <node id="6271383347" visible="true" version="1" changeset="67097291" timestamp="2019-02-11T11:37:30Z" user="km2bp" uid="3610826" lat="36.7665010" lon="-4.7098185"/>
 <node id="6271383348" visible="true" version="1" changeset="67097291" timestamp="2019-02-11T11:37:30Z" user="km2bp" uid="3610826" lat="36.7663679" lon="-4.7098025"/>
 <node id="6271383349" visible="true" version="1" changeset="67097291" timestamp="2019-02-11T11:37:30Z" user="km2bp" uid="3610826" lat="36.7663886" lon="-4.7096121"/>
 <node id="6271383350" visible="true" version="1" changeset="67097291" timestamp="2019-02-11T11:37:30Z" user="km2bp" uid="3610826" lat="36.7663189" lon="-4.7096003"/>
 <node id="6271383351" visible="true" version="1" changeset="67097291" timestamp="2019-02-11T11:37:30Z" user="km2bp" uid="3610826" lat="36.7662982" lon="-4.7097907"/>
 <node id="6271383352" visible="true" version="1" changeset="67097291" timestamp="2019-02-11T11:37:30Z" user="km2bp" uid="3610826" lat="36.7662972" lon="-4.7096922"/>
 <node id="6271383353" visible="true" version="1" changeset="67097291" timestamp="2019-02-11T11:37:30Z" user="km2bp" uid="3610826" lat="36.7663041" lon="-4.7096410"/>
 <node id="6271383354" visible="true" version="1" changeset="67097291" timestamp="2019-02-11T11:37:30Z" user="km2bp" uid="3610826" lat="36.7662781" lon="-4.7096356"/>
 <node id="6271383355" visible="true" version="1" changeset="67097291" timestamp="2019-02-11T11:37:30Z" user="km2bp" uid="3610826" lat="36.7662713" lon="-4.7096868"/>
 <node id="6271383356" visible="true" version="1" changeset="67097291" timestamp="2019-02-11T11:37:30Z" user="km2bp" uid="3610826" lat="36.7666804" lon="-4.7094785"/>
 <node id="6271383357" visible="true" version="1" changeset="67097291" timestamp="2019-02-11T11:37:30Z" user="km2bp" uid="3610826" lat="36.7666461" lon="-4.7094711"/>
 <node id="6271383358" visible="true" version="1" changeset="67097291" timestamp="2019-02-11T11:37:30Z" user="km2bp" uid="3610826" lat="36.7666110" lon="-4.7094678"/>
 <node id="6271383359" visible="true" version="4" changeset="182778259" timestamp="2026-05-17T11:05:33Z" user="km2bp" uid="3610826" lat="36.7673081" lon="-4.7089217">
  <tag k="historic" v="memorial"/>
  <tag k="image" v="https://photos.app.goo.gl/yzmc17g63QbVYsFT9"/>
  <tag k="mapillary" v="298196505082265"/>
  <tag k="memorial" v="plaque"/>
  <tag k="name" v="Iglesia Parroquial de San Pedro Apóstol"/>
 </node>
 <node id="6271383360" visible="true" version="1" changeset="67097291" timestamp="2019-02-11T11:37:30Z" user="km2bp" uid="3610826" lat="36.7676206" lon="-4.7090539"/>
 <node id="6271383361" visible="true" version="1" changeset="67097291" timestamp="2019-02-11T11:37:30Z" user="km2bp" uid="3610826" lat="36.7676047" lon="-4.7089676"/>
 <node id="6271383362" visible="true" version="1" changeset="67097291" timestamp="2019-02-11T11:37:30Z" user="km2bp" uid="3610826" lat="36.7675427" lon="-4.7089853"/>
 <node id="6271383363" visible="true" version="1" changeset="67097291" timestamp="2019-02-11T11:37:30Z" user="km2bp" uid="3610826" lat="36.7675657" lon="-4.7091101"/>
 <node id="6271383364" visible="true" version="1" changeset="67097291" timestamp="2019-02-11T11:37:31Z" user="km2bp" uid="3610826" lat="36.7676191" lon="-4.7090947"/>
 <node id="6271383365" visible="true" version="5" changeset="182778259" timestamp="2026-05-17T11:05:33Z" user="km2bp" uid="3610826" lat="36.7675892" lon="-4.7089698">
  <tag k="artwork_type" v="mosaic"/>
  <tag k="image" v="https://photos.app.goo.gl/aNeW8fBJYqb1nSyU6"/>
  <tag k="mapillary" v="504704417326977"/>
  <tag k="name" v="Policía local"/>
  <tag k="operator" v="Policía Local"/>
  <tag k="operator:wikidata" v="Q1507792"/>
  <tag k="operator:wikipedia" v="es:Policía local de España"/>
  <tag k="tourism" v="artwork"/>
 </node>
 <node id="6271710138" visible="true" version="1" changeset="67101075" timestamp="2019-02-11T13:51:11Z" user="km2bp" uid="3610826" lat="36.7679912" lon="-4.7082072"/>
 <node id="6271710139" visible="true" version="1" changeset="67101075" timestamp="2019-02-11T13:51:11Z" user="km2bp" uid="3610826" lat="36.7680634" lon="-4.7083509"/>
 <node id="6271710140" visible="true" version="1" changeset="67101075" timestamp="2019-02-11T13:51:11Z" user="km2bp" uid="3610826" lat="36.7680332" lon="-4.7083745"/>
 <node id="6271710141" visible="true" version="1" changeset="67101075" timestamp="2019-02-11T13:51:11Z" user="km2bp" uid="3610826" lat="36.7681386" lon="-4.7085841"/>
 <node id="6271710142" visible="true" version="1" changeset="67101075" timestamp="2019-02-11T13:51:11Z" user="km2bp" uid="3610826" lat="36.7680578" lon="-4.7086474"/>
 <node id="6271710143" visible="true" version="1" changeset="67101075" timestamp="2019-02-11T13:51:11Z" user="km2bp" uid="3610826" lat="36.7679740" lon="-4.7084807"/>
 <node id="6271710144" visible="true" version="1" changeset="67101075" timestamp="2019-02-11T13:51:11Z" user="km2bp" uid="3610826" lat="36.7679249" lon="-4.7085191"/>
 <node id="6271710145" visible="true" version="1" changeset="67101075" timestamp="2019-02-11T13:51:11Z" user="km2bp" uid="3610826" lat="36.7679289" lon="-4.7085270"/>
 <node id="6271710146" visible="true" version="1" changeset="67101075" timestamp="2019-02-11T13:51:11Z" user="km2bp" uid="3610826" lat="36.7679147" lon="-4.7085381"/>
 <node id="6271710147" visible="true" version="1" changeset="67101075" timestamp="2019-02-11T13:51:11Z" user="km2bp" uid="3610826" lat="36.7679300" lon="-4.7085685"/>
 <node id="6271710148" visible="true" version="1" changeset="67101075" timestamp="2019-02-11T13:51:11Z" user="km2bp" uid="3610826" lat="36.7678719" lon="-4.7086141"/>
 <node id="6271710149" visible="true" version="1" changeset="67101075" timestamp="2019-02-11T13:51:11Z" user="km2bp" uid="3610826" lat="36.7677811" lon="-4.7084336"/>
 <node id="6271710150" visible="true" version="1" changeset="67101075" timestamp="2019-02-11T13:51:11Z" user="km2bp" uid="3610826" lat="36.7678201" lon="-4.7084030"/>
 <node id="6271710151" visible="true" version="1" changeset="67101075" timestamp="2019-02-11T13:51:11Z" user="km2bp" uid="3610826" lat="36.7678054" lon="-4.7083739"/>
 <node id="6271710152" visible="true" version="1" changeset="67101075" timestamp="2019-02-11T13:51:11Z" user="km2bp" uid="3610826" lat="36.7678203" lon="-4.7083323"/>
 <node id="6271710153" visible="true" version="1" changeset="67101075" timestamp="2019-02-11T13:51:11Z" user="km2bp" uid="3610826" lat="36.7678031" lon="-4.7083047"/>
 <node id="6271710154" visible="true" version="1" changeset="67101075" timestamp="2019-02-11T13:51:11Z" user="km2bp" uid="3610826" lat="36.7678427" lon="-4.7082662"/>
 <node id="6271710155" visible="true" version="1" changeset="67101075" timestamp="2019-02-11T13:51:11Z" user="km2bp" uid="3610826" lat="36.7678586" lon="-4.7082916"/>
 <node id="6271710156" visible="true" version="1" changeset="67101075" timestamp="2019-02-11T13:51:11Z" user="km2bp" uid="3610826" lat="36.7678919" lon="-4.7083005"/>
 <node id="6271710157" visible="true" version="1" changeset="67101075" timestamp="2019-02-11T13:51:11Z" user="km2bp" uid="3610826" lat="36.7679077" lon="-4.7083319"/>
 <node id="6271710158" visible="true" version="1" changeset="67101075" timestamp="2019-02-11T13:51:11Z" user="km2bp" uid="3610826" lat="36.7679366" lon="-4.7083092"/>
 <node id="6271710159" visible="true" version="1" changeset="67101075" timestamp="2019-02-11T13:51:11Z" user="km2bp" uid="3610826" lat="36.7679152" lon="-4.7082667"/>
 <node id="6271710160" visible="true" version="1" changeset="67101075" timestamp="2019-02-11T13:51:11Z" user="km2bp" uid="3610826" lat="36.7674611" lon="-4.7076139"/>
 <node id="6271710161" visible="true" version="1" changeset="67101075" timestamp="2019-02-11T13:51:11Z" user="km2bp" uid="3610826" lat="36.7674881" lon="-4.7076108"/>
 <node id="6271710162" visible="true" version="1" changeset="67101075" timestamp="2019-02-11T13:51:11Z" user="km2bp" uid="3610826" lat="36.7675238" lon="-4.7076068"/>
 <node id="6271710163" visible="true" version="1" changeset="67101075" timestamp="2019-02-11T13:51:11Z" user="km2bp" uid="3610826" lat="36.7675784" lon="-4.7075499"/>
 <node id="6271710164" visible="true" version="1" changeset="67101075" timestamp="2019-02-11T13:51:11Z" user="km2bp" uid="3610826" lat="36.7675735" lon="-4.7075180"/>
 <node id="6271710165" visible="true" version="1" changeset="67101075" timestamp="2019-02-11T13:51:11Z" user="km2bp" uid="3610826" lat="36.7675662" lon="-4.7074726"/>
 <node id="6271710166" visible="true" version="1" changeset="67101075" timestamp="2019-02-11T13:51:11Z" user="km2bp" uid="3610826" lat="36.7674289" lon="-4.7075371"/>
 <node id="6271710167" visible="true" version="1" changeset="67101075" timestamp="2019-02-11T13:51:11Z" user="km2bp" uid="3610826" lat="36.7674145" lon="-4.7075310"/>
 <node id="6271710168" visible="true" version="1" changeset="67101075" timestamp="2019-02-11T13:51:11Z" user="km2bp" uid="3610826" lat="36.7671338" lon="-4.7073904"/>
 <node id="6271710169" visible="true" version="4" changeset="182778259" timestamp="2026-05-17T11:05:33Z" user="km2bp" uid="3610826" lat="36.7673999" lon="-4.7075220">
  <tag k="artwork_type" v="mosaic"/>
  <tag k="image" v="https://photos.app.goo.gl/uWWUweV2sQ1pFa3n9"/>
  <tag k="mapillary" v="146944284051069"/>
  <tag k="name" v="Pizarra"/>
  <tag k="tourism" v="artwork"/>
 </node>
 <node id="6271710170" visible="true" version="4" changeset="182778259" timestamp="2026-05-17T11:05:33Z" user="km2bp" uid="3610826" lat="36.7672850" lon="-4.7074715">
  <tag k="artwork_type" v="mosaic"/>
  <tag k="image" v="https://photos.app.goo.gl/duBDvtaxCQK8JmRQ7"/>
  <tag k="mapillary" v="5391643740907205"/>
  <tag k="tourism" v="artwork"/>
 </node>
 <node id="6271710171" visible="true" version="4" changeset="182778259" timestamp="2026-05-17T11:05:33Z" user="km2bp" uid="3610826" lat="36.7673044" lon="-4.7074807">
  <tag k="artwork_type" v="mosaic"/>
  <tag k="image" v="https://photos.app.goo.gl/7antxBuWsJZfLwAx9"/>
  <tag k="mapillary" v="1263759890743144"/>
  <tag k="name" v="Cerralba"/>
  <tag k="tourism" v="artwork"/>
 </node>
 <node id="6271710172" visible="true" version="4" changeset="182778259" timestamp="2026-05-17T11:05:33Z" user="km2bp" uid="3610826" lat="36.7672524" lon="-4.7074556">
  <tag k="artwork_type" v="mosaic"/>
  <tag k="image" v="https://photos.app.goo.gl/unAHJwWFYUqmuujS8"/>
  <tag k="mapillary" v="219729552821392"/>
  <tag k="name" v="La Vega"/>
  <tag k="tourism" v="artwork"/>
 </node>
 <node id="6271710173" visible="true" version="4" changeset="182778259" timestamp="2026-05-17T11:05:33Z" user="km2bp" uid="3610826" lat="36.7672017" lon="-4.7074284">
  <tag k="artwork_type" v="mosaic"/>
  <tag k="image" v="https://photos.app.goo.gl/bd3q9sLp1KsNykV76"/>
  <tag k="mapillary" v="280425093759920"/>
  <tag k="name" v="Zalea"/>
  <tag k="tourism" v="artwork"/>
 </node>
 <node id="6271710174" visible="true" version="4" changeset="182778259" timestamp="2026-05-17T11:05:33Z" user="km2bp" uid="3610826" lat="36.7671681" lon="-4.7074112">
  <tag k="artwork_type" v="mosaic"/>
  <tag k="image" v="https://photos.app.goo.gl/fJeAroFTEvpehy8h7"/>
  <tag k="mapillary" v="1453130438360101"/>
  <tag k="name" v="Gibralmora"/>
  <tag k="tourism" v="artwork"/>
 </node>
 <node id="6271710175" visible="true" version="4" changeset="182778259" timestamp="2026-05-17T11:05:33Z" user="km2bp" uid="3610826" lat="36.7671493" lon="-4.7074030">
  <tag k="artwork_type" v="mosaic"/>
  <tag k="image" v="https://photos.app.goo.gl/EpaydJkvJuXpZ6tw7"/>
  <tag k="mapillary" v="312113583632693"/>
  <tag k="tourism" v="artwork"/>
 </node>
 <node id="6271710176" visible="true" version="4" changeset="182778259" timestamp="2026-05-17T11:05:33Z" user="km2bp" uid="3610826" lat="36.7673992" lon="-4.7075250">
  <tag k="image" v="https://photos.app.goo.gl/VXtLkpwA6jwxSiqs9"/>
  <tag k="information" v="map"/>
  <tag k="mapillary" v="268077491705768"/>
  <tag k="name" v="Pizarra"/>
  <tag k="tourism" v="information"/>
 </node>
 <node id="6271710177" visible="true" version="1" changeset="67101075" timestamp="2019-02-11T13:51:12Z" user="km2bp" uid="3610826" lat="36.7672265" lon="-4.7076097"/>
 <node id="6271710178" visible="true" version="1" changeset="67101075" timestamp="2019-02-11T13:51:12Z" user="km2bp" uid="3610826" lat="36.7672320" lon="-4.7077681"/>
 <node id="6271710179" visible="true" version="1" changeset="67101075" timestamp="2019-02-11T13:51:12Z" user="km2bp" uid="3610826" lat="36.7671679" lon="-4.7077716"/>
 <node id="6271710180" visible="true" version="1" changeset="67101075" timestamp="2019-02-11T13:51:12Z" user="km2bp" uid="3610826" lat="36.7671623" lon="-4.7076132"/>
 <node id="6271710181" visible="true" version="4" changeset="182778259" timestamp="2026-05-17T11:05:33Z" user="km2bp" uid="3610826" lat="36.7647003" lon="-4.7083409">
  <tag k="image" v="https://photos.app.goo.gl/pzsFaZJqU5mCQ2qY9"/>
  <tag k="leaf_cycle" v="evergreen"/>
  <tag k="leaf_type" v="broadleaved"/>
  <tag k="mapillary" v="571148040514810"/>
  <tag k="natural" v="tree"/>
  <tag k="species" v="Citrus × aurantium"/>
 </node>
 <node id="6271710182" visible="true" version="1" changeset="67101075" timestamp="2019-02-11T13:51:12Z" user="km2bp" uid="3610826" lat="36.7647432" lon="-4.7083564">
  <tag k="leaf_cycle" v="evergreen"/>
  <tag k="leaf_type" v="broadleaved"/>
  <tag k="natural" v="tree"/>
  <tag k="species" v="Citrus × aurantium"/>
 </node>
 <node id="6271710183" visible="true" version="1" changeset="67101075" timestamp="2019-02-11T13:51:12Z" user="km2bp" uid="3610826" lat="36.7647884" lon="-4.7083617">
  <tag k="leaf_cycle" v="evergreen"/>
  <tag k="leaf_type" v="broadleaved"/>
  <tag k="natural" v="tree"/>
  <tag k="species" v="Citrus × aurantium"/>
 </node>
 <node id="6271710184" visible="true" version="1" changeset="67101075" timestamp="2019-02-11T13:51:12Z" user="km2bp" uid="3610826" lat="36.7648281" lon="-4.7083771">
  <tag k="leaf_cycle" v="evergreen"/>
  <tag k="leaf_type" v="broadleaved"/>
  <tag k="natural" v="tree"/>
  <tag k="species" v="Citrus × aurantium"/>
 </node>
 <node id="6271710585" visible="true" version="1" changeset="67101075" timestamp="2019-02-11T13:51:12Z" user="km2bp" uid="3610826" lat="36.7648673" lon="-4.7083879">
  <tag k="leaf_cycle" v="evergreen"/>
  <tag k="leaf_type" v="broadleaved"/>
  <tag k="natural" v="tree"/>
  <tag k="species" v="Citrus × aurantium"/>
 </node>
 <node id="6271710586" visible="true" version="1" changeset="67101075" timestamp="2019-02-11T13:51:12Z" user="km2bp" uid="3610826" lat="36.7649028" lon="-4.7083973">
  <tag k="leaf_cycle" v="evergreen"/>
  <tag k="leaf_type" v="broadleaved"/>
  <tag k="natural" v="tree"/>
  <tag k="species" v="Citrus × aurantium"/>
 </node>
 <node id="6271710587" visible="true" version="1" changeset="67101075" timestamp="2019-02-11T13:51:12Z" user="km2bp" uid="3610826" lat="36.7649549" lon="-4.7084154">
  <tag k="leaf_cycle" v="evergreen"/>
  <tag k="leaf_type" v="broadleaved"/>
  <tag k="natural" v="tree"/>
  <tag k="species" v="Citrus × aurantium"/>
 </node>
 <node id="6271710588" visible="true" version="1" changeset="67101075" timestamp="2019-02-11T13:51:12Z" user="km2bp" uid="3610826" lat="36.7649963" lon="-4.7084254">
  <tag k="leaf_cycle" v="evergreen"/>
  <tag k="leaf_type" v="broadleaved"/>
  <tag k="natural" v="tree"/>
  <tag k="species" v="Citrus × aurantium"/>
 </node>
 <node id="6271710589" visible="true" version="1" changeset="67101075" timestamp="2019-02-11T13:51:12Z" user="km2bp" uid="3610826" lat="36.7651634" lon="-4.7084673">
  <tag k="leaf_cycle" v="evergreen"/>
  <tag k="leaf_type" v="broadleaved"/>
  <tag k="natural" v="tree"/>
  <tag k="species" v="Citrus × aurantium"/>
 </node>
 <node id="6271710590" visible="true" version="1" changeset="67101075" timestamp="2019-02-11T13:51:12Z" user="km2bp" uid="3610826" lat="36.7651279" lon="-4.7084593">
  <tag k="leaf_cycle" v="evergreen"/>
  <tag k="leaf_type" v="broadleaved"/>
  <tag k="natural" v="tree"/>
  <tag k="species" v="Citrus × aurantium"/>
 </node>
 <node id="6271710591" visible="true" version="1" changeset="67101075" timestamp="2019-02-11T13:51:12Z" user="km2bp" uid="3610826" lat="36.7653117" lon="-4.7085051">
  <tag k="leaf_cycle" v="evergreen"/>
  <tag k="leaf_type" v="broadleaved"/>
  <tag k="natural" v="tree"/>
  <tag k="species" v="Citrus × aurantium"/>
 </node>
 <node id="6271710592" visible="true" version="1" changeset="67101075" timestamp="2019-02-11T13:51:12Z" user="km2bp" uid="3610826" lat="36.7653574" lon="-4.7085197">
  <tag k="leaf_cycle" v="evergreen"/>
  <tag k="leaf_type" v="broadleaved"/>
  <tag k="natural" v="tree"/>
  <tag k="species" v="Citrus × aurantium"/>
 </node>
 <node id="6271710593" visible="true" version="1" changeset="67101075" timestamp="2019-02-11T13:51:12Z" user="km2bp" uid="3610826" lat="36.7654017" lon="-4.7085286">
  <tag k="leaf_cycle" v="evergreen"/>
  <tag k="leaf_type" v="broadleaved"/>
  <tag k="natural" v="tree"/>
  <tag k="species" v="Citrus × aurantium"/>
 </node>
 <node id="6271710594" visible="true" version="1" changeset="67101075" timestamp="2019-02-11T13:51:12Z" user="km2bp" uid="3610826" lat="36.7654421" lon="-4.7085304">
  <tag k="leaf_cycle" v="evergreen"/>
  <tag k="leaf_type" v="broadleaved"/>
  <tag k="natural" v="tree"/>
  <tag k="species" v="Citrus × aurantium"/>
 </node>
 <node id="6271710595" visible="true" version="1" changeset="67101075" timestamp="2019-02-11T13:51:13Z" user="km2bp" uid="3610826" lat="36.7654907" lon="-4.7085361">
  <tag k="leaf_cycle" v="evergreen"/>
  <tag k="leaf_type" v="broadleaved"/>
  <tag k="natural" v="tree"/>
  <tag k="species" v="Citrus × aurantium"/>
 </node>
 <node id="6271710596" visible="true" version="1" changeset="67101075" timestamp="2019-02-11T13:51:13Z" user="km2bp" uid="3610826" lat="36.7655336" lon="-4.7085343">
  <tag k="leaf_cycle" v="evergreen"/>
  <tag k="leaf_type" v="broadleaved"/>
  <tag k="natural" v="tree"/>
  <tag k="species" v="Citrus × aurantium"/>
 </node>
 <node id="6271710597" visible="true" version="1" changeset="67101075" timestamp="2019-02-11T13:51:13Z" user="km2bp" uid="3610826" lat="36.7655814" lon="-4.7085321">
  <tag k="leaf_cycle" v="evergreen"/>
  <tag k="leaf_type" v="broadleaved"/>
  <tag k="natural" v="tree"/>
  <tag k="species" v="Citrus × aurantium"/>
 </node>
 <node id="6271710598" visible="true" version="1" changeset="67101075" timestamp="2019-02-11T13:51:13Z" user="km2bp" uid="3610826" lat="36.7656239" lon="-4.7085317">
  <tag k="leaf_cycle" v="evergreen"/>
  <tag k="leaf_type" v="broadleaved"/>
  <tag k="natural" v="tree"/>
  <tag k="species" v="Citrus × aurantium"/>
 </node>
 <node id="6271710599" visible="true" version="1" changeset="67101075" timestamp="2019-02-11T13:51:13Z" user="km2bp" uid="3610826" lat="36.7656654" lon="-4.7085304">
  <tag k="leaf_cycle" v="evergreen"/>
  <tag k="leaf_type" v="broadleaved"/>
  <tag k="natural" v="tree"/>
  <tag k="species" v="Citrus × aurantium"/>
 </node>
 <node id="6271710600" visible="true" version="1" changeset="67101075" timestamp="2019-02-11T13:51:13Z" user="km2bp" uid="3610826" lat="36.7657288" lon="-4.7085268">
  <tag k="leaf_cycle" v="evergreen"/>
  <tag k="leaf_type" v="broadleaved"/>
  <tag k="natural" v="tree"/>
  <tag k="species" v="Citrus × aurantium"/>
 </node>
 <node id="6271710601" visible="true" version="1" changeset="67101075" timestamp="2019-02-11T13:51:13Z" user="km2bp" uid="3610826" lat="36.7646048" lon="-4.7085036">
  <tag k="leaf_cycle" v="evergreen"/>
  <tag k="leaf_type" v="broadleaved"/>
  <tag k="natural" v="tree"/>
  <tag k="species" v="Citrus × aurantium"/>
 </node>
 <node id="6271710602" visible="true" version="1" changeset="67101075" timestamp="2019-02-11T13:51:13Z" user="km2bp" uid="3610826" lat="36.7645828" lon="-4.7085797">
  <tag k="leaf_cycle" v="evergreen"/>
  <tag k="leaf_type" v="broadleaved"/>
  <tag k="natural" v="tree"/>
  <tag k="species" v="Citrus × aurantium"/>
 </node>
 <node id="6271710603" visible="true" version="1" changeset="67101075" timestamp="2019-02-11T13:51:13Z" user="km2bp" uid="3610826" lat="36.7645240" lon="-4.7087690">
  <tag k="leaf_cycle" v="evergreen"/>
  <tag k="leaf_type" v="broadleaved"/>
  <tag k="natural" v="tree"/>
  <tag k="species" v="Citrus × aurantium"/>
 </node>
 <node id="6271710604" visible="true" version="1" changeset="67101075" timestamp="2019-02-11T13:51:13Z" user="km2bp" uid="3610826" lat="36.7644906" lon="-4.7088743">
  <tag k="leaf_cycle" v="evergreen"/>
  <tag k="leaf_type" v="broadleaved"/>
  <tag k="natural" v="tree"/>
  <tag k="species" v="Citrus × aurantium"/>
 </node>
 <node id="6271710605" visible="true" version="1" changeset="67101075" timestamp="2019-02-11T13:51:13Z" user="km2bp" uid="3610826" lat="36.7644708" lon="-4.7089584">
  <tag k="leaf_cycle" v="evergreen"/>
  <tag k="leaf_type" v="broadleaved"/>
  <tag k="natural" v="tree"/>
  <tag k="species" v="Citrus × aurantium"/>
 </node>
 <node id="6271710606" visible="true" version="1" changeset="67101075" timestamp="2019-02-11T13:51:13Z" user="km2bp" uid="3610826" lat="36.7644687" lon="-4.7090035">
  <tag k="leaf_cycle" v="evergreen"/>
  <tag k="leaf_type" v="broadleaved"/>
  <tag k="natural" v="tree"/>
  <tag k="species" v="Citrus × aurantium"/>
 </node>
 <node id="6271710607" visible="true" version="1" changeset="67101075" timestamp="2019-02-11T13:51:13Z" user="km2bp" uid="3610826" lat="36.7644573" lon="-4.7090592">
  <tag k="leaf_cycle" v="evergreen"/>
  <tag k="leaf_type" v="broadleaved"/>
  <tag k="natural" v="tree"/>
  <tag k="species" v="Citrus × aurantium"/>
 </node>
 <node id="6271710608" visible="true" version="1" changeset="67101075" timestamp="2019-02-11T13:51:13Z" user="km2bp" uid="3610826" lat="36.7644354" lon="-4.7091150">
  <tag k="leaf_cycle" v="evergreen"/>
  <tag k="leaf_type" v="broadleaved"/>
  <tag k="natural" v="tree"/>
  <tag k="species" v="Citrus × aurantium"/>
 </node>
 <node id="6271710609" visible="true" version="1" changeset="67101075" timestamp="2019-02-11T13:51:13Z" user="km2bp" uid="3610826" lat="36.7644169" lon="-4.7091813">
  <tag k="leaf_cycle" v="evergreen"/>
  <tag k="leaf_type" v="broadleaved"/>
  <tag k="natural" v="tree"/>
  <tag k="species" v="Citrus × aurantium"/>
 </node>
 <node id="6271710610" visible="true" version="1" changeset="67101075" timestamp="2019-02-11T13:51:13Z" user="km2bp" uid="3610826" lat="36.7643331" lon="-4.7090805">
  <tag k="leaf_cycle" v="evergreen"/>
  <tag k="leaf_type" v="broadleaved"/>
  <tag k="natural" v="tree"/>
  <tag k="species" v="Citrus × aurantium"/>
 </node>
 <node id="6271710611" visible="true" version="1" changeset="67101075" timestamp="2019-02-11T13:51:14Z" user="km2bp" uid="3610826" lat="36.7643232" lon="-4.7091274">
  <tag k="leaf_cycle" v="evergreen"/>
  <tag k="leaf_type" v="broadleaved"/>
  <tag k="natural" v="tree"/>
  <tag k="species" v="Citrus × aurantium"/>
 </node>
 <node id="6271710612" visible="true" version="1" changeset="67101075" timestamp="2019-02-11T13:51:14Z" user="km2bp" uid="3610826" lat="36.7643047" lon="-4.7091876">
  <tag k="leaf_cycle" v="evergreen"/>
  <tag k="leaf_type" v="broadleaved"/>
  <tag k="natural" v="tree"/>
  <tag k="species" v="Citrus × aurantium"/>
 </node>
 <node id="6271710613" visible="true" version="1" changeset="67101075" timestamp="2019-02-11T13:51:14Z" user="km2bp" uid="3610826" lat="36.7642112" lon="-4.7091779">
  <tag k="leaf_cycle" v="evergreen"/>
  <tag k="leaf_type" v="broadleaved"/>
  <tag k="natural" v="tree"/>
  <tag k="species" v="Citrus × aurantium"/>
 </node>
 <node id="6271710614" visible="true" version="1" changeset="67101075" timestamp="2019-02-11T13:51:14Z" user="km2bp" uid="3610826" lat="36.7641474" lon="-4.7091743">
  <tag k="leaf_cycle" v="evergreen"/>
  <tag k="leaf_type" v="broadleaved"/>
  <tag k="natural" v="tree"/>
  <tag k="species" v="Citrus × aurantium"/>
 </node>
 <node id="6271710615" visible="true" version="1" changeset="67101075" timestamp="2019-02-11T13:51:14Z" user="km2bp" uid="3610826" lat="36.7640836" lon="-4.7091566">
  <tag k="leaf_cycle" v="evergreen"/>
  <tag k="leaf_type" v="broadleaved"/>
  <tag k="natural" v="tree"/>
  <tag k="species" v="Citrus × aurantium"/>
 </node>
 <node id="6271710616" visible="true" version="1" changeset="67101075" timestamp="2019-02-11T13:51:14Z" user="km2bp" uid="3610826" lat="36.7640099" lon="-4.7091469">
  <tag k="leaf_cycle" v="evergreen"/>
  <tag k="leaf_type" v="broadleaved"/>
  <tag k="natural" v="tree"/>
  <tag k="species" v="Citrus × aurantium"/>
 </node>
 <node id="6271710617" visible="true" version="1" changeset="67101075" timestamp="2019-02-11T13:51:14Z" user="km2bp" uid="3610826" lat="36.7639517" lon="-4.7091407">
  <tag k="leaf_cycle" v="evergreen"/>
  <tag k="leaf_type" v="broadleaved"/>
  <tag k="natural" v="tree"/>
  <tag k="species" v="Citrus × aurantium"/>
 </node>
 <node id="6271710618" visible="true" version="1" changeset="67101075" timestamp="2019-02-11T13:51:14Z" user="km2bp" uid="3610826" lat="36.7639021" lon="-4.7091248">
  <tag k="leaf_cycle" v="evergreen"/>
  <tag k="leaf_type" v="broadleaved"/>
  <tag k="natural" v="tree"/>
  <tag k="species" v="Citrus × aurantium"/>
 </node>
 <node id="6271710619" visible="true" version="1" changeset="67101075" timestamp="2019-02-11T13:51:14Z" user="km2bp" uid="3610826" lat="36.7638079" lon="-4.7091195">
  <tag k="leaf_cycle" v="evergreen"/>
  <tag k="leaf_type" v="broadleaved"/>
  <tag k="natural" v="tree"/>
  <tag k="species" v="Citrus × aurantium"/>
 </node>
 <node id="6271710620" visible="true" version="1" changeset="67101075" timestamp="2019-02-11T13:51:14Z" user="km2bp" uid="3610826" lat="36.7636712" lon="-4.7091031">
  <tag k="leaf_cycle" v="evergreen"/>
  <tag k="leaf_type" v="broadleaved"/>
  <tag k="natural" v="tree"/>
  <tag k="species" v="Citrus × aurantium"/>
 </node>
 <node id="6271710621" visible="true" version="1" changeset="67101075" timestamp="2019-02-11T13:51:14Z" user="km2bp" uid="3610826" lat="36.7636127" lon="-4.7090899">
  <tag k="leaf_cycle" v="evergreen"/>
  <tag k="leaf_type" v="broadleaved"/>
  <tag k="natural" v="tree"/>
  <tag k="species" v="Citrus × aurantium"/>
 </node>
 <node id="6271710622" visible="true" version="1" changeset="67101075" timestamp="2019-02-11T13:51:14Z" user="km2bp" uid="3610826" lat="36.7637349" lon="-4.7091084">
  <tag k="leaf_cycle" v="evergreen"/>
  <tag k="leaf_type" v="broadleaved"/>
  <tag k="natural" v="tree"/>
  <tag k="species" v="Citrus × aurantium"/>
 </node>
 <node id="6271710623" visible="true" version="1" changeset="67101075" timestamp="2019-02-11T13:51:14Z" user="km2bp" uid="3610826" lat="36.7635498" lon="-4.7090899">
  <tag k="leaf_cycle" v="evergreen"/>
  <tag k="leaf_type" v="broadleaved"/>
  <tag k="natural" v="tree"/>
  <tag k="species" v="Citrus × aurantium"/>
 </node>
 <node id="6271710624" visible="true" version="1" changeset="67101075" timestamp="2019-02-11T13:51:14Z" user="km2bp" uid="3610826" lat="36.7634869" lon="-4.7090753">
  <tag k="leaf_cycle" v="evergreen"/>
  <tag k="leaf_type" v="broadleaved"/>
  <tag k="natural" v="tree"/>
  <tag k="species" v="Citrus × aurantium"/>
 </node>
 <node id="6271710625" visible="true" version="1" changeset="67101075" timestamp="2019-02-11T13:51:14Z" user="km2bp" uid="3610826" lat="36.7634289" lon="-4.7090668">
  <tag k="leaf_cycle" v="evergreen"/>
  <tag k="leaf_type" v="broadleaved"/>
  <tag k="natural" v="tree"/>
  <tag k="species" v="Citrus × aurantium"/>
 </node>
 <node id="6271710626" visible="true" version="1" changeset="67101075" timestamp="2019-02-11T13:51:14Z" user="km2bp" uid="3610826" lat="36.7633807" lon="-4.7090622">
  <tag k="leaf_cycle" v="evergreen"/>
  <tag k="leaf_type" v="broadleaved"/>
  <tag k="natural" v="tree"/>
  <tag k="species" v="Citrus × aurantium"/>
 </node>
 <node id="6271710627" visible="true" version="1" changeset="67101075" timestamp="2019-02-11T13:51:14Z" user="km2bp" uid="3610826" lat="36.7633437" lon="-4.7090568">
  <tag k="leaf_cycle" v="evergreen"/>
  <tag k="leaf_type" v="broadleaved"/>
  <tag k="natural" v="tree"/>
  <tag k="species" v="Citrus × aurantium"/>
 </node>
 <node id="6271710628" visible="true" version="1" changeset="67101075" timestamp="2019-02-11T13:51:15Z" user="km2bp" uid="3610826" lat="36.7632826" lon="-4.7090483">
  <tag k="leaf_cycle" v="evergreen"/>
  <tag k="leaf_type" v="broadleaved"/>
  <tag k="natural" v="tree"/>
  <tag k="species" v="Citrus × aurantium"/>
 </node>
 <node id="6271710629" visible="true" version="1" changeset="67101075" timestamp="2019-02-11T13:51:15Z" user="km2bp" uid="3610826" lat="36.7632141" lon="-4.7090414">
  <tag k="leaf_cycle" v="evergreen"/>
  <tag k="leaf_type" v="broadleaved"/>
  <tag k="natural" v="tree"/>
  <tag k="species" v="Citrus × aurantium"/>
 </node>
 <node id="6271710630" visible="true" version="1" changeset="67101075" timestamp="2019-02-11T13:51:15Z" user="km2bp" uid="3610826" lat="36.7632024" lon="-4.7091731">
  <tag k="leaf_cycle" v="evergreen"/>
  <tag k="leaf_type" v="broadleaved"/>
  <tag k="natural" v="tree"/>
  <tag k="species" v="Citrus × aurantium"/>
 </node>
 <node id="6271710631" visible="true" version="1" changeset="67101075" timestamp="2019-02-11T13:51:15Z" user="km2bp" uid="3610826" lat="36.7632690" lon="-4.7091862">
  <tag k="leaf_cycle" v="evergreen"/>
  <tag k="leaf_type" v="broadleaved"/>
  <tag k="natural" v="tree"/>
  <tag k="species" v="Citrus × aurantium"/>
 </node>
 <node id="6271710632" visible="true" version="1" changeset="67101075" timestamp="2019-02-11T13:51:15Z" user="km2bp" uid="3610826" lat="36.7633345" lon="-4.7091924">
  <tag k="leaf_cycle" v="evergreen"/>
  <tag k="leaf_type" v="broadleaved"/>
  <tag k="natural" v="tree"/>
  <tag k="species" v="Citrus × aurantium"/>
 </node>
 <node id="6271710633" visible="true" version="1" changeset="67101075" timestamp="2019-02-11T13:51:15Z" user="km2bp" uid="3610826" lat="36.7633974" lon="-4.7092055">
  <tag k="leaf_cycle" v="evergreen"/>
  <tag k="leaf_type" v="broadleaved"/>
  <tag k="natural" v="tree"/>
  <tag k="species" v="Citrus × aurantium"/>
 </node>
 <node id="6271710634" visible="true" version="1" changeset="67101075" timestamp="2019-02-11T13:51:15Z" user="km2bp" uid="3610826" lat="36.7634690" lon="-4.7092132">
  <tag k="leaf_cycle" v="evergreen"/>
  <tag k="leaf_type" v="broadleaved"/>
  <tag k="natural" v="tree"/>
  <tag k="species" v="Citrus × aurantium"/>
 </node>
 <node id="6271710635" visible="true" version="1" changeset="67101075" timestamp="2019-02-11T13:51:15Z" user="km2bp" uid="3610826" lat="36.7635356" lon="-4.7092170">
  <tag k="leaf_cycle" v="evergreen"/>
  <tag k="leaf_type" v="broadleaved"/>
  <tag k="natural" v="tree"/>
  <tag k="species" v="Citrus × aurantium"/>
 </node>
 <node id="6271710636" visible="true" version="1" changeset="67101075" timestamp="2019-02-11T13:51:15Z" user="km2bp" uid="3610826" lat="36.7636041" lon="-4.7092270">
  <tag k="leaf_cycle" v="evergreen"/>
  <tag k="leaf_type" v="broadleaved"/>
  <tag k="natural" v="tree"/>
  <tag k="species" v="Citrus × aurantium"/>
 </node>
 <node id="6271710637" visible="true" version="1" changeset="67101075" timestamp="2019-02-11T13:51:15Z" user="km2bp" uid="3610826" lat="36.7636732" lon="-4.7092440">
  <tag k="leaf_cycle" v="evergreen"/>
  <tag k="leaf_type" v="broadleaved"/>
  <tag k="natural" v="tree"/>
  <tag k="species" v="Citrus × aurantium"/>
 </node>
 <node id="6271710638" visible="true" version="1" changeset="67101075" timestamp="2019-02-11T13:51:15Z" user="km2bp" uid="3610826" lat="36.7637368" lon="-4.7092502">
  <tag k="leaf_cycle" v="evergreen"/>
  <tag k="leaf_type" v="broadleaved"/>
  <tag k="natural" v="tree"/>
  <tag k="species" v="Citrus × aurantium"/>
 </node>
 <node id="6271710639" visible="true" version="1" changeset="67101075" timestamp="2019-02-11T13:51:15Z" user="km2bp" uid="3610826" lat="36.7638022" lon="-4.7092548">
  <tag k="leaf_cycle" v="evergreen"/>
  <tag k="leaf_type" v="broadleaved"/>
  <tag k="natural" v="tree"/>
  <tag k="species" v="Citrus × aurantium"/>
 </node>
 <node id="6271710640" visible="true" version="1" changeset="67101075" timestamp="2019-02-11T13:51:15Z" user="km2bp" uid="3610826" lat="36.7638701" lon="-4.7092679">
  <tag k="leaf_cycle" v="evergreen"/>
  <tag k="leaf_type" v="broadleaved"/>
  <tag k="natural" v="tree"/>
  <tag k="species" v="Citrus × aurantium"/>
 </node>
 <node id="6271710641" visible="true" version="1" changeset="67101075" timestamp="2019-02-11T13:51:15Z" user="km2bp" uid="3610826" lat="36.7639373" lon="-4.7092763">
  <tag k="leaf_cycle" v="evergreen"/>
  <tag k="leaf_type" v="broadleaved"/>
  <tag k="natural" v="tree"/>
  <tag k="species" v="Citrus × aurantium"/>
 </node>
 <node id="6271710642" visible="true" version="1" changeset="67101075" timestamp="2019-02-11T13:51:15Z" user="km2bp" uid="3610826" lat="36.7640040" lon="-4.7092879">
  <tag k="leaf_cycle" v="evergreen"/>
  <tag k="leaf_type" v="broadleaved"/>
  <tag k="natural" v="tree"/>
  <tag k="species" v="Citrus × aurantium"/>
 </node>
 <node id="6271710643" visible="true" version="1" changeset="67101075" timestamp="2019-02-11T13:51:16Z" user="km2bp" uid="3610826" lat="36.7640755" lon="-4.7092979">
  <tag k="leaf_cycle" v="evergreen"/>
  <tag k="leaf_type" v="broadleaved"/>
  <tag k="natural" v="tree"/>
  <tag k="species" v="Citrus × aurantium"/>
 </node>
 <node id="6271710644" visible="true" version="1" changeset="67101075" timestamp="2019-02-11T13:51:16Z" user="km2bp" uid="3610826" lat="36.7641354" lon="-4.7093041">
  <tag k="leaf_cycle" v="evergreen"/>
  <tag k="leaf_type" v="broadleaved"/>
  <tag k="natural" v="tree"/>
  <tag k="species" v="Citrus × aurantium"/>
 </node>
 <node id="6271710645" visible="true" version="1" changeset="67101075" timestamp="2019-02-11T13:51:16Z" user="km2bp" uid="3610826" lat="36.7642095" lon="-4.7093133">
  <tag k="leaf_cycle" v="evergreen"/>
  <tag k="leaf_type" v="broadleaved"/>
  <tag k="natural" v="tree"/>
  <tag k="species" v="Citrus × aurantium"/>
 </node>
 <node id="6271710646" visible="true" version="1" changeset="67101075" timestamp="2019-02-11T13:51:16Z" user="km2bp" uid="3610826" lat="36.7642644" lon="-4.7093264">
  <tag k="leaf_cycle" v="evergreen"/>
  <tag k="leaf_type" v="broadleaved"/>
  <tag k="natural" v="tree"/>
  <tag k="species" v="Citrus × aurantium"/>
 </node>
 <node id="6271710647" visible="true" version="1" changeset="67101075" timestamp="2019-02-11T13:51:16Z" user="km2bp" uid="3610826" lat="36.7642335" lon="-4.7094396">
  <tag k="leaf_cycle" v="evergreen"/>
  <tag k="leaf_type" v="broadleaved"/>
  <tag k="natural" v="tree"/>
  <tag k="species" v="Citrus × aurantium"/>
 </node>
 <node id="6271710648" visible="true" version="1" changeset="67101075" timestamp="2019-02-11T13:51:16Z" user="km2bp" uid="3610826" lat="36.7642175" lon="-4.7094928">
  <tag k="leaf_cycle" v="evergreen"/>
  <tag k="leaf_type" v="broadleaved"/>
  <tag k="natural" v="tree"/>
  <tag k="species" v="Citrus × aurantium"/>
 </node>
 <node id="6271710649" visible="true" version="1" changeset="67101075" timestamp="2019-02-11T13:51:16Z" user="km2bp" uid="3610826" lat="36.7641996" lon="-4.7095490">
  <tag k="leaf_cycle" v="evergreen"/>
  <tag k="leaf_type" v="broadleaved"/>
  <tag k="natural" v="tree"/>
  <tag k="species" v="Citrus × aurantium"/>
 </node>
 <node id="6271710650" visible="true" version="1" changeset="67101075" timestamp="2019-02-11T13:51:16Z" user="km2bp" uid="3610826" lat="36.7641854" lon="-4.7096122">
  <tag k="leaf_cycle" v="evergreen"/>
  <tag k="leaf_type" v="broadleaved"/>
  <tag k="natural" v="tree"/>
  <tag k="species" v="Citrus × aurantium"/>
 </node>
 <node id="6271710651" visible="true" version="1" changeset="67101075" timestamp="2019-02-11T13:51:16Z" user="km2bp" uid="3610826" lat="36.7641718" lon="-4.7096715">
  <tag k="leaf_cycle" v="evergreen"/>
  <tag k="leaf_type" v="broadleaved"/>
  <tag k="natural" v="tree"/>
  <tag k="species" v="Citrus × aurantium"/>
 </node>
 <node id="6271710652" visible="true" version="1" changeset="67101075" timestamp="2019-02-11T13:51:16Z" user="km2bp" uid="3610826" lat="36.7642823" lon="-4.7096615">
  <tag k="leaf_cycle" v="evergreen"/>
  <tag k="leaf_type" v="broadleaved"/>
  <tag k="natural" v="tree"/>
  <tag k="species" v="Citrus × aurantium"/>
 </node>
 <node id="6271710653" visible="true" version="1" changeset="67101075" timestamp="2019-02-11T13:51:16Z" user="km2bp" uid="3610826" lat="36.7642977" lon="-4.7095945">
  <tag k="leaf_cycle" v="evergreen"/>
  <tag k="leaf_type" v="broadleaved"/>
  <tag k="natural" v="tree"/>
  <tag k="species" v="Citrus × aurantium"/>
 </node>
 <node id="6271710654" visible="true" version="1" changeset="67101075" timestamp="2019-02-11T13:51:16Z" user="km2bp" uid="3610826" lat="36.7643144" lon="-4.7095429">
  <tag k="leaf_cycle" v="evergreen"/>
  <tag k="leaf_type" v="broadleaved"/>
  <tag k="natural" v="tree"/>
  <tag k="species" v="Citrus × aurantium"/>
 </node>
 <node id="6271710655" visible="true" version="5" changeset="182778259" timestamp="2026-05-17T11:05:33Z" user="km2bp" uid="3610826" lat="36.7643341" lon="-4.7094835">
  <tag k="image" v="https://photos.app.goo.gl/68tiP52DknXMzSFq9"/>
  <tag k="leaf_cycle" v="evergreen"/>
  <tag k="leaf_type" v="broadleaved"/>
  <tag k="mapillary" v="491091678599512"/>
  <tag k="natural" v="tree"/>
  <tag k="species" v="Citrus × aurantium"/>
 </node>
 <node id="6271710656" visible="true" version="1" changeset="67101075" timestamp="2019-02-11T13:51:16Z" user="km2bp" uid="3610826" lat="36.7643767" lon="-4.7093472">
  <tag k="leaf_cycle" v="evergreen"/>
  <tag k="leaf_type" v="broadleaved"/>
  <tag k="natural" v="tree"/>
  <tag k="species" v="Citrus × aurantium"/>
 </node>
 <node id="6271710657" visible="true" version="1" changeset="67101075" timestamp="2019-02-11T13:51:17Z" user="km2bp" uid="3610826" lat="36.7643964" lon="-4.7093018"/>
 <node id="6271710658" visible="true" version="1" changeset="67101075" timestamp="2019-02-11T13:51:17Z" user="km2bp" uid="3610826" lat="36.7644020" lon="-4.7092641"/>
 <node id="6271710659" visible="true" version="1" changeset="67101075" timestamp="2019-02-11T13:51:17Z" user="km2bp" uid="3610826" lat="36.7644094" lon="-4.7092240"/>
 <node id="6271710660" visible="true" version="1" changeset="67101075" timestamp="2019-02-11T13:51:17Z" user="km2bp" uid="3610826" lat="36.7643464" lon="-4.7093487"/>
 <node id="6271710661" visible="true" version="1" changeset="67101075" timestamp="2019-02-11T13:51:17Z" user="km2bp" uid="3610826" lat="36.7643112" lon="-4.7093387"/>
 <node id="6271710662" visible="true" version="1" changeset="67101075" timestamp="2019-02-11T13:51:17Z" user="km2bp" uid="3610826" lat="36.7642823" lon="-4.7093303"/>
 <node id="6271710663" visible="true" version="1" changeset="67101075" timestamp="2019-02-11T13:51:17Z" user="km2bp" uid="3610826" lat="36.7642644" lon="-4.7092917"/>
 <node id="6271710664" visible="true" version="1" changeset="67101075" timestamp="2019-02-11T13:51:17Z" user="km2bp" uid="3610826" lat="36.7642751" lon="-4.7092514"/>
 <node id="6271710665" visible="true" version="1" changeset="67101075" timestamp="2019-02-11T13:51:17Z" user="km2bp" uid="3610826" lat="36.7642835" lon="-4.7092186"/>
 <node id="6271710666" visible="true" version="1" changeset="67101075" timestamp="2019-02-11T13:51:17Z" user="km2bp" uid="3610826" lat="36.7643902" lon="-4.7091908"/>
 <node id="6271710667" visible="true" version="1" changeset="67101075" timestamp="2019-02-11T13:51:17Z" user="km2bp" uid="3610826" lat="36.7643566" lon="-4.7091861"/>
 <node id="6271710668" visible="true" version="1" changeset="67101075" timestamp="2019-02-11T13:51:17Z" user="km2bp" uid="3610826" lat="36.7643168" lon="-4.7091801"/>
 <node id="6938752978" visible="true" version="2" changeset="138942555" timestamp="2023-07-24T14:16:11Z" user="Robot8A" uid="393359" lat="36.7643860" lon="-4.7103950"/>
 <node id="6938752979" visible="true" version="1" changeset="76521003" timestamp="2019-11-02T07:15:45Z" user="andi9876" uid="1256497" lat="36.7672474" lon="-4.7108091">
  <tag k="amenity" v="fuel"/>
  <tag k="name" v="Express"/>
 </node>
 <node id="7257917562" visible="true" version="1" changeset="81683298" timestamp="2020-03-02T13:35:51Z" user="dtcosm" uid="2786367" lat="36.7655451" lon="-4.7006736">
  <tag k="name" v="Sector escalada"/>
  <tag k="sport" v="climbing"/>
 </node>
 <node id="7257941805" visible="true" version="1" changeset="81683589" timestamp="2020-03-02T13:43:38Z" user="dtcosm" uid="2786367" lat="36.7655803" lon="-4.7007091">
  <tag k="name" v="escalera en roca Raja Ancha"/>
  <tag k="tourism" v="attraction"/>
 </node>
 <node id="7567516178" visible="true" version="1" changeset="85911237" timestamp="2020-05-28T22:45:22Z" user="Patrick1977Bln" uid="259536" lat="36.7642282" lon="-4.7119741">
  <tag k="name" v="Pizarra"/>
  <tag k="public_transport" v="stop_position"/>
  <tag k="railway" v="stop"/>
  <tag k="train" v="yes"/>
 </node>
 <node id="7567516179" visible="true" version="1" changeset="85911237" timestamp="2020-05-28T22:45:22Z" user="Patrick1977Bln" uid="259536" lat="36.7642473" lon="-4.7120627">
  <tag k="name" v="Pizarra"/>
  <tag k="public_transport" v="stop_position"/>
  <tag k="railway" v="stop"/>
  <tag k="train" v="yes"/>
 </node>
 <node id="7803620707" visible="true" version="2" changeset="124510183" timestamp="2022-08-05T08:04:04Z" user="msevilla00" uid="240498" lat="36.7663371" lon="-4.7091719">
  <tag k="amenity" v="drinking_water"/>
 </node>
 <node id="7803641354" visible="true" version="2" changeset="127367679" timestamp="2022-10-11T15:41:29Z" user="jeslop" uid="275212" lat="36.7663598" lon="-4.7090715">
  <tag k="description" v="2 picnic tables with water tap under trees next to playground"/>
  <tag k="leisure" v="picnic_table"/>
 </node>
 <node id="8017257474" visible="true" version="1" changeset="92640614" timestamp="2020-10-17T19:57:38Z" user="Begavil84" uid="1725439" lat="36.7634557" lon="-4.7107280"/>
 <node id="8017257475" visible="true" version="1" changeset="92640614" timestamp="2020-10-17T19:57:38Z" user="Begavil84" uid="1725439" lat="36.7626845" lon="-4.7113650"/>
 <node id="8017257476" visible="true" version="1" changeset="92640614" timestamp="2020-10-17T19:57:38Z" user="Begavil84" uid="1725439" lat="36.7625654" lon="-4.7114252"/>
 <node id="8017288701" visible="true" version="1" changeset="92640614" timestamp="2020-10-17T19:57:38Z" user="Begavil84" uid="1725439" lat="36.7582762" lon="-4.7069586"/>
 <node id="8017288702" visible="true" version="1" changeset="92640614" timestamp="2020-10-17T19:57:38Z" user="Begavil84" uid="1725439" lat="36.7585149" lon="-4.7067611"/>
 <node id="8017288710" visible="true" version="1" changeset="92640614" timestamp="2020-10-17T19:57:38Z" user="Begavil84" uid="1725439" lat="36.7632225" lon="-4.7069576"/>
 <node id="9218568330" visible="true" version="1" changeset="113283820" timestamp="2021-11-02T13:09:49Z" user="alan_gr" uid="5307206" lat="36.7730972" lon="-4.7088973"/>
 <node id="9599732608" visible="true" version="1" changeset="118820695" timestamp="2022-03-23T12:59:41Z" user="bkr" uid="40560" lat="36.7631852" lon="-4.7059220"/>
 <node id="9599732609" visible="true" version="2" changeset="150564586" timestamp="2024-04-27T05:33:07Z" user="kräckel" uid="1092114" lat="36.7632576" lon="-4.7063012"/>
 <node id="9599830190" visible="true" version="1" changeset="118823498" timestamp="2022-03-23T14:08:54Z" user="bkr" uid="40560" lat="36.7670492" lon="-4.7111797"/>
 <node id="9601682906" visible="true" version="1" changeset="118836764" timestamp="2022-03-23T20:05:50Z" user="bkr" uid="40560" lat="36.7654975" lon="-4.7117698"/>
 <node id="9601682907" visible="true" version="1" changeset="118836764" timestamp="2022-03-23T20:05:50Z" user="bkr" uid="40560" lat="36.7628253" lon="-4.7125359"/>
 <node id="9601682908" visible="true" version="1" changeset="118836764" timestamp="2022-03-23T20:05:50Z" user="bkr" uid="40560" lat="36.7670253" lon="-4.7116790"/>
 <node id="9601682910" visible="true" version="1" changeset="118836764" timestamp="2022-03-23T20:05:50Z" user="bkr" uid="40560" lat="36.7631268" lon="-4.7124387"/>
 <node id="9601682911" visible="true" version="1" changeset="118836764" timestamp="2022-03-23T20:05:50Z" user="bkr" uid="40560" lat="36.7662743" lon="-4.7111477"/>
 <node id="9601682912" visible="true" version="1" changeset="118836764" timestamp="2022-03-23T20:05:50Z" user="bkr" uid="40560" lat="36.7666925" lon="-4.7111439"/>
 <node id="9601682913" visible="true" version="1" changeset="118836764" timestamp="2022-03-23T20:05:50Z" user="bkr" uid="40560" lat="36.7638049" lon="-4.7123855"/>
 <node id="9601682914" visible="true" version="1" changeset="118836764" timestamp="2022-03-23T20:05:50Z" user="bkr" uid="40560" lat="36.7660833" lon="-4.7115704"/>
 <node id="9601682915" visible="true" version="1" changeset="118836764" timestamp="2022-03-23T20:05:50Z" user="bkr" uid="40560" lat="36.7661859" lon="-4.7112520">
  <tag k="railway" v="signal"/>
  <tag k="ref" v="S 1/1"/>
 </node>
 <node id="9601682916" visible="true" version="1" changeset="118836764" timestamp="2022-03-23T20:05:50Z" user="bkr" uid="40560" lat="36.7631540" lon="-4.7124299">
  <tag k="railway" v="switch"/>
 </node>
 <node id="9601698918" visible="true" version="2" changeset="147276639" timestamp="2024-02-09T23:20:07Z" user="5R-MFT" uid="3417876" lat="36.7662187" lon="-4.7131112"/>
 <node id="9748499442" visible="true" version="1" changeset="121087930" timestamp="2022-05-17T08:52:42Z" user="dcapillae" uid="10080656" lat="36.7681325" lon="-4.7077245">
  <tag k="amenity" v="drinking_water"/>
 </node>
 <node id="9930294174" visible="true" version="1" changeset="124452594" timestamp="2022-08-03T20:33:37Z" user="Gerd Waldmann" uid="1729508" lat="36.7844746" lon="-4.7131367">
  <tag k="ford" v="yes"/>
 </node>
 <node id="10561888586" visible="true" version="1" changeset="131373839" timestamp="2023-01-17T11:12:25Z" user="lorenzomoreno" uid="6600498" lat="36.7644843" lon="-4.6995170"/>
 <node id="10561888587" visible="true" version="1" changeset="131373839" timestamp="2023-01-17T11:12:25Z" user="lorenzomoreno" uid="6600498" lat="36.7644615" lon="-4.6994601"/>
 <node id="10561888588" visible="true" version="1" changeset="131373839" timestamp="2023-01-17T11:12:25Z" user="lorenzomoreno" uid="6600498" lat="36.7645103" lon="-4.6992324"/>
 <node id="10561888589" visible="true" version="1" changeset="131373839" timestamp="2023-01-17T11:12:25Z" user="lorenzomoreno" uid="6600498" lat="36.7645429" lon="-4.6990576"/>
 <node id="10561888590" visible="true" version="1" changeset="131373839" timestamp="2023-01-17T11:12:25Z" user="lorenzomoreno" uid="6600498" lat="36.7646145" lon="-4.6990088"/>
 <node id="10561888591" visible="true" version="1" changeset="131373839" timestamp="2023-01-17T11:12:25Z" user="lorenzomoreno" uid="6600498" lat="36.7646764" lon="-4.6990739"/>
 <node id="10561888592" visible="true" version="1" changeset="131373839" timestamp="2023-01-17T11:12:25Z" user="lorenzomoreno" uid="6600498" lat="36.7648327" lon="-4.6992446"/>
 <node id="10561888593" visible="true" version="1" changeset="131373839" timestamp="2023-01-17T11:12:25Z" user="lorenzomoreno" uid="6600498" lat="36.7650151" lon="-4.6994113"/>
 <node id="10561888594" visible="true" version="1" changeset="131373839" timestamp="2023-01-17T11:12:25Z" user="lorenzomoreno" uid="6600498" lat="36.7651780" lon="-4.6995495"/>
 <node id="10561888595" visible="true" version="1" changeset="131373839" timestamp="2023-01-17T11:12:25Z" user="lorenzomoreno" uid="6600498" lat="36.7652659" lon="-4.6995658"/>
 <node id="10561888596" visible="true" version="1" changeset="131373839" timestamp="2023-01-17T11:12:25Z" user="lorenzomoreno" uid="6600498" lat="36.7653441" lon="-4.6995292"/>
 <node id="10561888597" visible="true" version="1" changeset="131373839" timestamp="2023-01-17T11:12:25Z" user="lorenzomoreno" uid="6600498" lat="36.7653864" lon="-4.6993828"/>
 <node id="10561888598" visible="true" version="1" changeset="131373839" timestamp="2023-01-17T11:12:25Z" user="lorenzomoreno" uid="6600498" lat="36.7654190" lon="-4.6993097"/>
 <node id="10561888599" visible="true" version="1" changeset="131373839" timestamp="2023-01-17T11:12:25Z" user="lorenzomoreno" uid="6600498" lat="36.7654646" lon="-4.6993544"/>
 <node id="10561888600" visible="true" version="1" changeset="131373839" timestamp="2023-01-17T11:12:25Z" user="lorenzomoreno" uid="6600498" lat="36.7655623" lon="-4.6995007"/>
 <node id="10561888601" visible="true" version="1" changeset="131373839" timestamp="2023-01-17T11:12:25Z" user="lorenzomoreno" uid="6600498" lat="36.7655916" lon="-4.6996715"/>
 <node id="10561888602" visible="true" version="1" changeset="131373839" timestamp="2023-01-17T11:12:25Z" user="lorenzomoreno" uid="6600498" lat="36.7655851" lon="-4.6998544"/>
 <node id="10561888603" visible="true" version="1" changeset="131373839" timestamp="2023-01-17T11:12:25Z" user="lorenzomoreno" uid="6600498" lat="36.7655265" lon="-4.7000415"/>
 <node id="10561888604" visible="true" version="1" changeset="131373839" timestamp="2023-01-17T11:12:25Z" user="lorenzomoreno" uid="6600498" lat="36.7654418" lon="-4.7001797"/>
 <node id="10561888605" visible="true" version="1" changeset="131373839" timestamp="2023-01-17T11:12:25Z" user="lorenzomoreno" uid="6600498" lat="36.7653604" lon="-4.7002366"/>
 <node id="10561888606" visible="true" version="1" changeset="131373839" timestamp="2023-01-17T11:12:25Z" user="lorenzomoreno" uid="6600498" lat="36.7652952" lon="-4.7002447"/>
 <node id="10561888607" visible="true" version="1" changeset="131373839" timestamp="2023-01-17T11:12:25Z" user="lorenzomoreno" uid="6600498" lat="36.7653734" lon="-4.7003545"/>
 <node id="10561888608" visible="true" version="1" changeset="131373839" timestamp="2023-01-17T11:12:25Z" user="lorenzomoreno" uid="6600498" lat="36.7654809" lon="-4.7003952"/>
 <node id="10561934609" visible="true" version="1" changeset="131373839" timestamp="2023-01-17T11:12:25Z" user="lorenzomoreno" uid="6600498" lat="36.7656665" lon="-4.7003464"/>
 <node id="10561934610" visible="true" version="1" changeset="131373839" timestamp="2023-01-17T11:12:25Z" user="lorenzomoreno" uid="6600498" lat="36.7657772" lon="-4.7003057"/>
 <node id="10561934611" visible="true" version="1" changeset="131373839" timestamp="2023-01-17T11:12:25Z" user="lorenzomoreno" uid="6600498" lat="36.7658652" lon="-4.7002894"/>
 <node id="10561934612" visible="true" version="1" changeset="131373839" timestamp="2023-01-17T11:12:25Z" user="lorenzomoreno" uid="6600498" lat="36.7659140" lon="-4.7002976"/>
 <node id="10561934613" visible="true" version="1" changeset="131373839" timestamp="2023-01-17T11:12:25Z" user="lorenzomoreno" uid="6600498" lat="36.7659056" lon="-4.7003740"/>
 <node id="10716151423" visible="true" version="1" changeset="133359820" timestamp="2023-03-06T11:48:16Z" user="Tecnico_ext" uid="18182274" lat="36.7644287" lon="-4.7093903">
  <tag k="addr:city" v="Pizarra"/>
  <tag k="addr:housenumber" v="58"/>
  <tag k="addr:postcode" v="29560"/>
  <tag k="addr:street" v="Avenida de la Constitución"/>
  <tag k="amenity" v="pharmacy"/>
  <tag k="healthcare" v="pharmacy"/>
  <tag k="name" v="Farmacia Maria Mercedes Mesa"/>
 </node>
 <node id="11065050325" visible="true" version="1" changeset="138942555" timestamp="2023-07-24T14:16:11Z" user="Robot8A" uid="393359" lat="36.7639617" lon="-4.7104904"/>
 <node id="11065050326" visible="true" version="1" changeset="138942555" timestamp="2023-07-24T14:16:11Z" user="Robot8A" uid="393359" lat="36.7638547" lon="-4.7106860"/>
 <node id="11065050327" visible="true" version="1" changeset="138942555" timestamp="2023-07-24T14:16:11Z" user="Robot8A" uid="393359" lat="36.7637797" lon="-4.7106336"/>
 <node id="11065050328" visible="true" version="1" changeset="138942555" timestamp="2023-07-24T14:16:11Z" user="Robot8A" uid="393359" lat="36.7639221" lon="-4.7107166"/>
 <node id="11065050329" visible="true" version="1" changeset="138942555" timestamp="2023-07-24T14:16:11Z" user="Robot8A" uid="393359" lat="36.7643128" lon="-4.7115791"/>
 <node id="11065050330" visible="true" version="1" changeset="138942555" timestamp="2023-07-24T14:16:11Z" user="Robot8A" uid="393359" lat="36.7644402" lon="-4.7114879"/>
 <node id="11065050331" visible="true" version="1" changeset="138942555" timestamp="2023-07-24T14:16:11Z" user="Robot8A" uid="393359" lat="36.7641048" lon="-4.7101219"/>
 <node id="11065050332" visible="true" version="1" changeset="138942555" timestamp="2023-07-24T14:16:11Z" user="Robot8A" uid="393359" lat="36.7640396" lon="-4.7102412"/>
 <node id="11065050333" visible="true" version="1" changeset="138942555" timestamp="2023-07-24T14:16:11Z" user="Robot8A" uid="393359" lat="36.7640121" lon="-4.7103022"/>
 <node id="11065050334" visible="true" version="1" changeset="138942555" timestamp="2023-07-24T14:16:11Z" user="Robot8A" uid="393359" lat="36.7642036" lon="-4.7103575"/>
 <node id="11065050335" visible="true" version="1" changeset="138942555" timestamp="2023-07-24T14:16:11Z" user="Robot8A" uid="393359" lat="36.7639552" lon="-4.7104472"/>
 <node id="11065050336" visible="true" version="1" changeset="138942555" timestamp="2023-07-24T14:16:11Z" user="Robot8A" uid="393359" lat="36.7646099" lon="-4.7104047"/>
 <node id="11065050337" visible="true" version="1" changeset="138942555" timestamp="2023-07-24T14:16:11Z" user="Robot8A" uid="393359" lat="36.7644321" lon="-4.7104639"/>
 <node id="11065050338" visible="true" version="1" changeset="138942555" timestamp="2023-07-24T14:16:11Z" user="Robot8A" uid="393359" lat="36.7643292" lon="-4.7105303"/>
 <node id="11065050339" visible="true" version="1" changeset="138942555" timestamp="2023-07-24T14:16:11Z" user="Robot8A" uid="393359" lat="36.7644320" lon="-4.7105974"/>
 <node id="11065050340" visible="true" version="1" changeset="138942555" timestamp="2023-07-24T14:16:11Z" user="Robot8A" uid="393359" lat="36.7640250" lon="-4.7105845"/>
 <node id="11065050341" visible="true" version="1" changeset="138942555" timestamp="2023-07-24T14:16:11Z" user="Robot8A" uid="393359" lat="36.7640902" lon="-4.7106041"/>
 <node id="11401402294" visible="true" version="2" changeset="163752304" timestamp="2025-03-17T22:15:59Z" user="kapazao" uid="7543375" lat="36.7708070" lon="-4.7091296"/>
 <node id="11401433472" visible="true" version="1" changeset="144875325" timestamp="2023-12-07T17:40:11Z" user="andi9876" uid="1256497" lat="36.7736481" lon="-4.7094628"/>
 <node id="11401433474" visible="true" version="1" changeset="144875325" timestamp="2023-12-07T17:40:11Z" user="andi9876" uid="1256497" lat="36.7732369" lon="-4.7090042"/>
 <node id="11401433483" visible="true" version="1" changeset="144875325" timestamp="2023-12-07T17:40:11Z" user="andi9876" uid="1256497" lat="36.7730275" lon="-4.7091780"/>
 <node id="11401433495" visible="true" version="1" changeset="144875325" timestamp="2023-12-07T17:40:11Z" user="andi9876" uid="1256497" lat="36.7732633" lon="-4.7090204"/>
 <node id="11401433502" visible="true" version="1" changeset="144875325" timestamp="2023-12-07T17:40:11Z" user="andi9876" uid="1256497" lat="36.7742841" lon="-4.7090870"/>
 <node id="11401433504" visible="true" version="1" changeset="144875325" timestamp="2023-12-07T17:40:11Z" user="andi9876" uid="1256497" lat="36.7729020" lon="-4.7099836"/>
 <node id="11401433506" visible="true" version="1" changeset="144875325" timestamp="2023-12-07T17:40:11Z" user="andi9876" uid="1256497" lat="36.7729796" lon="-4.7094884"/>
 <node id="11401433507" visible="true" version="1" changeset="144875325" timestamp="2023-12-07T17:40:11Z" user="andi9876" uid="1256497" lat="36.7730993" lon="-4.7090292"/>
 <node id="11401433509" visible="true" version="1" changeset="144875325" timestamp="2023-12-07T17:40:11Z" user="andi9876" uid="1256497" lat="36.7738406" lon="-4.7094957"/>
 <node id="11401433512" visible="true" version="1" changeset="144875325" timestamp="2023-12-07T17:40:11Z" user="andi9876" uid="1256497" lat="36.7734009" lon="-4.7092117"/>
 <node id="11401433516" visible="true" version="1" changeset="144875325" timestamp="2023-12-07T17:40:11Z" user="andi9876" uid="1256497" lat="36.7727041" lon="-4.7104025"/>
 <node id="11401433517" visible="true" version="1" changeset="144875325" timestamp="2023-12-07T17:40:11Z" user="andi9876" uid="1256497" lat="36.7731287" lon="-4.7090023"/>
 <node id="11401433520" visible="true" version="1" changeset="144875325" timestamp="2023-12-07T17:40:11Z" user="andi9876" uid="1256497" lat="36.7732034" lon="-4.7089944"/>
 <node id="11401433522" visible="true" version="1" changeset="144875325" timestamp="2023-12-07T17:40:11Z" user="andi9876" uid="1256497" lat="36.7730038" lon="-4.7092586"/>
 <node id="11401433523" visible="true" version="1" changeset="144875325" timestamp="2023-12-07T17:40:11Z" user="andi9876" uid="1256497" lat="36.7725871" lon="-4.7104789"/>
 <node id="11401433527" visible="true" version="1" changeset="144875325" timestamp="2023-12-07T17:40:11Z" user="andi9876" uid="1256497" lat="36.7737204" lon="-4.7094904"/>
 <node id="11401433529" visible="true" version="1" changeset="144875325" timestamp="2023-12-07T17:40:11Z" user="andi9876" uid="1256497" lat="36.7739447" lon="-4.7094378"/>
 <node id="11401433533" visible="true" version="1" changeset="144875325" timestamp="2023-12-07T17:40:11Z" user="andi9876" uid="1256497" lat="36.7730525" lon="-4.7091241"/>
 <node id="11401433534" visible="true" version="1" changeset="144875325" timestamp="2023-12-07T17:40:11Z" user="andi9876" uid="1256497" lat="36.7735386" lon="-4.7093913"/>
 <node id="11401433536" visible="true" version="1" changeset="144875325" timestamp="2023-12-07T17:40:11Z" user="andi9876" uid="1256497" lat="36.7729508" lon="-4.7097995"/>
 <node id="11401442564" visible="true" version="1" changeset="144875325" timestamp="2023-12-07T17:47:52Z" user="andi9876" uid="1256497" lat="36.7712222" lon="-4.7091035"/>
 <node id="11401442565" visible="true" version="1" changeset="144875325" timestamp="2023-12-07T17:47:52Z" user="andi9876" uid="1256497" lat="36.7712587" lon="-4.7091008"/>
 <node id="11401442566" visible="true" version="3" changeset="186641077" timestamp="2026-07-30T12:17:54Z" user="Palary" uid="20415443" lat="36.7711362" lon="-4.7091786"/>
 <node id="11401442567" visible="true" version="2" changeset="163752304" timestamp="2025-03-17T22:15:59Z" user="kapazao" uid="7543375" lat="36.7711344" lon="-4.7092797"/>
 <node id="11401443669" visible="true" version="3" changeset="186641077" timestamp="2026-07-30T12:17:54Z" user="Palary" uid="20415443" lat="36.7711588" lon="-4.7092209"/>
 <node id="11401448793" visible="true" version="1" changeset="144875325" timestamp="2023-12-07T17:53:31Z" user="andi9876" uid="1256497" lat="36.7723514" lon="-4.7129900"/>
 <node id="11401448794" visible="true" version="1" changeset="144875325" timestamp="2023-12-07T17:53:31Z" user="andi9876" uid="1256497" lat="36.7718259" lon="-4.7125072"/>
 <node id="11401448795" visible="true" version="1" changeset="144875325" timestamp="2023-12-07T17:53:31Z" user="andi9876" uid="1256497" lat="36.7720000" lon="-4.7125421"/>
 <node id="11401448796" visible="true" version="1" changeset="144875325" timestamp="2023-12-07T17:53:31Z" user="andi9876" uid="1256497" lat="36.7723931" lon="-4.7131938"/>
 <node id="11401448797" visible="true" version="1" changeset="144875325" timestamp="2023-12-07T17:53:31Z" user="andi9876" uid="1256497" lat="36.7723749" lon="-4.7133572"/>
 <node id="11401448798" visible="true" version="1" changeset="144875325" timestamp="2023-12-07T17:53:31Z" user="andi9876" uid="1256497" lat="36.7723928" lon="-4.7128630"/>
 <node id="11401448799" visible="true" version="1" changeset="144875325" timestamp="2023-12-07T17:53:31Z" user="andi9876" uid="1256497" lat="36.7722986" lon="-4.7128988"/>
 <node id="11401448800" visible="true" version="1" changeset="144875325" timestamp="2023-12-07T17:53:31Z" user="andi9876" uid="1256497" lat="36.7720082" lon="-4.7126240"/>
 <node id="11401448801" visible="true" version="1" changeset="144875325" timestamp="2023-12-07T17:53:31Z" user="andi9876" uid="1256497" lat="36.7719034" lon="-4.7124778">
  <tag k="amenity" v="parking"/>
 </node>
 <node id="11401448802" visible="true" version="1" changeset="144875325" timestamp="2023-12-07T17:53:31Z" user="andi9876" uid="1256497" lat="36.7723867" lon="-4.7130946"/>
 <node id="11589665372" visible="true" version="1" changeset="147108752" timestamp="2024-02-05T20:30:13Z" user="alan_gr" uid="5307206" lat="36.7632377" lon="-4.6978529"/>
 <node id="11589665373" visible="true" version="1" changeset="147108752" timestamp="2024-02-05T20:30:13Z" user="alan_gr" uid="5307206" lat="36.7632533" lon="-4.6979213"/>
 <node id="11592615257" visible="true" version="1" changeset="147148330" timestamp="2024-02-06T19:22:44Z" user="alan_gr" uid="5307206" lat="36.7710416" lon="-4.6909663"/>
 <node id="11592615258" visible="true" version="1" changeset="147148330" timestamp="2024-02-06T19:22:44Z" user="alan_gr" uid="5307206" lat="36.7659698" lon="-4.6934058">
  <tag k="direction_north" v="GR 340 Álora 12.7 km"/>
  <tag k="direction_south" v="GR 340 Pizarra 2.6 km"/>
  <tag k="hiking" v="yes"/>
  <tag k="information" v="guidepost"/>
  <tag k="tourism" v="information"/>
 </node>
 <node id="11592615259" visible="true" version="1" changeset="147148330" timestamp="2024-02-06T19:22:44Z" user="alan_gr" uid="5307206" lat="36.7639318" lon="-4.6974210"/>
 <node id="11592615260" visible="true" version="1" changeset="147148330" timestamp="2024-02-06T19:22:44Z" user="alan_gr" uid="5307206" lat="36.7638748" lon="-4.6975015"/>
 <node id="11592615261" visible="true" version="1" changeset="147148330" timestamp="2024-02-06T19:22:44Z" user="alan_gr" uid="5307206" lat="36.7638748" lon="-4.6985020"/>
 <node id="11592615262" visible="true" version="1" changeset="147148330" timestamp="2024-02-06T19:22:44Z" user="alan_gr" uid="5307206" lat="36.7666091" lon="-4.6975431"/>
 <node id="11592615263" visible="true" version="1" changeset="147148330" timestamp="2024-02-06T19:22:44Z" user="alan_gr" uid="5307206" lat="36.7672150" lon="-4.6977362"/>
 <node id="11592615264" visible="true" version="1" changeset="147148330" timestamp="2024-02-06T19:22:44Z" user="alan_gr" uid="5307206" lat="36.7669947" lon="-4.6981117"/>
 <node id="11592615265" visible="true" version="1" changeset="147148330" timestamp="2024-02-06T19:22:44Z" user="alan_gr" uid="5307206" lat="36.7670431" lon="-4.6981654"/>
 <node id="11592615266" visible="true" version="1" changeset="147148330" timestamp="2024-02-06T19:22:44Z" user="alan_gr" uid="5307206" lat="36.7654273" lon="-4.7017488"/>
 <node id="11592615267" visible="true" version="1" changeset="147148330" timestamp="2024-02-06T19:22:44Z" user="alan_gr" uid="5307206" lat="36.7649374" lon="-4.7048467"/>
 <node id="11592615268" visible="true" version="1" changeset="147148330" timestamp="2024-02-06T19:22:44Z" user="alan_gr" uid="5307206" lat="36.7649030" lon="-4.7059260">
  <tag k="check_date" v="2023-02-12"/>
  <tag k="description" v="Mapa y descripción de la Etapa 1 (Pizarra - Álora) de la ruta GR 340 Camino Geolólogico Malacitano"/>
  <tag k="hiking" v="yes"/>
  <tag k="information" v="map"/>
  <tag k="name" v="Camino Geológico Malacitano Etapa 1"/>
  <tag k="tourism" v="information"/>
 </node>
 <node id="11606213892" visible="true" version="1" changeset="147276639" timestamp="2024-02-09T23:20:07Z" user="5R-MFT" uid="3417876" lat="36.7660506" lon="-4.7128624"/>
 <node id="11606213893" visible="true" version="1" changeset="147276639" timestamp="2024-02-09T23:20:07Z" user="5R-MFT" uid="3417876" lat="36.7662591" lon="-4.7126022"/>
 <node id="11606213894" visible="true" version="1" changeset="147276639" timestamp="2024-02-09T23:20:07Z" user="5R-MFT" uid="3417876" lat="36.7661379" lon="-4.7124379"/>
 <node id="11606213895" visible="true" version="1" changeset="147276639" timestamp="2024-02-09T23:20:07Z" user="5R-MFT" uid="3417876" lat="36.7654892" lon="-4.7131047"/>
 <node id="11606213896" visible="true" version="1" changeset="147276639" timestamp="2024-02-09T23:20:07Z" user="5R-MFT" uid="3417876" lat="36.7655986" lon="-4.7132526"/>
 <node id="11606213897" visible="true" version="1" changeset="147276639" timestamp="2024-02-09T23:20:07Z" user="5R-MFT" uid="3417876" lat="36.7658605" lon="-4.7134966"/>
 <node id="11853477439" visible="true" version="1" changeset="150564586" timestamp="2024-04-27T05:33:07Z" user="kräckel" uid="1092114" lat="36.7632155" lon="-4.7064454">
  <tag k="crossing" v="uncontrolled"/>
  <tag k="crossing:markings" v="yes"/>
  <tag k="highway" v="crossing"/>
 </node>
 <node id="11853477440" visible="true" version="1" changeset="150564586" timestamp="2024-04-27T05:33:07Z" user="kräckel" uid="1092114" lat="36.7631685" lon="-4.7060716">
  <tag k="crossing" v="uncontrolled"/>
  <tag k="crossing:markings" v="yes"/>
  <tag k="highway" v="crossing"/>
 </node>
 <node id="12116479513" visible="true" version="2" changeset="159581504" timestamp="2024-11-25T16:41:27Z" user="alan_gr" uid="5307206" lat="36.7720930" lon="-4.7103245"/>
 <node id="12116479514" visible="true" version="2" changeset="159581504" timestamp="2024-11-25T16:41:27Z" user="alan_gr" uid="5307206" lat="36.7720160" lon="-4.7102411"/>
 <node id="12116479515" visible="true" version="2" changeset="159581504" timestamp="2024-11-25T16:41:27Z" user="alan_gr" uid="5307206" lat="36.7719613" lon="-4.7100973"/>
 <node id="12116479516" visible="true" version="2" changeset="159581504" timestamp="2024-11-25T16:41:27Z" user="alan_gr" uid="5307206" lat="36.7718904" lon="-4.7099766"/>
 <node id="12116479517" visible="true" version="2" changeset="159581504" timestamp="2024-11-25T16:41:27Z" user="alan_gr" uid="5307206" lat="36.7717747" lon="-4.7097977"/>
 <node id="12116479518" visible="true" version="1" changeset="155356716" timestamp="2024-08-17T07:41:24Z" user="pacomuz" uid="1870885" lat="36.7716254" lon="-4.7096420"/>
 <node id="12116479519" visible="true" version="1" changeset="155356716" timestamp="2024-08-17T07:41:24Z" user="pacomuz" uid="1870885" lat="36.7715185" lon="-4.7095033"/>
 <node id="12116479520" visible="true" version="1" changeset="155356716" timestamp="2024-08-17T07:41:24Z" user="pacomuz" uid="1870885" lat="36.7714294" lon="-4.7093938"/>
 <node id="12116479521" visible="true" version="1" changeset="155356716" timestamp="2024-08-17T07:41:24Z" user="pacomuz" uid="1870885" lat="36.7713718" lon="-4.7093475"/>
 <node id="12116479522" visible="true" version="2" changeset="163752304" timestamp="2025-03-17T22:15:59Z" user="kapazao" uid="7543375" lat="36.7713065" lon="-4.7093255"/>
 <node id="12194855056" visible="true" version="1" changeset="157000884" timestamp="2024-09-23T15:24:56Z" user="Mikecron" uid="217312" lat="36.7701536" lon="-4.6965909"/>
 <node id="12194855057" visible="true" version="1" changeset="157000884" timestamp="2024-09-23T15:24:56Z" user="Mikecron" uid="217312" lat="36.7700780" lon="-4.6965766"/>
 <node id="12194855058" visible="true" version="1" changeset="157000884" timestamp="2024-09-23T15:24:56Z" user="Mikecron" uid="217312" lat="36.7700677" lon="-4.6966619"/>
 <node id="12194855059" visible="true" version="1" changeset="157000884" timestamp="2024-09-23T15:24:56Z" user="Mikecron" uid="217312" lat="36.7701432" lon="-4.6966762"/>
 <node id="12194855060" visible="true" version="1" changeset="157000884" timestamp="2024-09-23T15:24:56Z" user="Mikecron" uid="217312" lat="36.7700669" lon="-4.6965604"/>
 <node id="12194855061" visible="true" version="1" changeset="157000884" timestamp="2024-09-23T15:24:56Z" user="Mikecron" uid="217312" lat="36.7700206" lon="-4.6966288"/>
 <node id="12194855062" visible="true" version="1" changeset="157000884" timestamp="2024-09-23T15:24:56Z" user="Mikecron" uid="217312" lat="36.7700428" lon="-4.6966633"/>
 <node id="12194855063" visible="true" version="1" changeset="157000884" timestamp="2024-09-23T15:24:56Z" user="Mikecron" uid="217312" lat="36.7700541" lon="-4.6966831"/>
 <node id="12194855064" visible="true" version="1" changeset="157000884" timestamp="2024-09-23T15:24:56Z" user="Mikecron" uid="217312" lat="36.7701186" lon="-4.6967171"/>
 <node id="12194855065" visible="true" version="1" changeset="157000884" timestamp="2024-09-23T15:24:56Z" user="Mikecron" uid="217312" lat="36.7701413" lon="-4.6967107"/>
 <node id="12194855066" visible="true" version="1" changeset="157000884" timestamp="2024-09-23T15:24:56Z" user="Mikecron" uid="217312" lat="36.7701639" lon="-4.6966966"/>
 <node id="12194855067" visible="true" version="1" changeset="157000884" timestamp="2024-09-23T15:24:56Z" user="Mikecron" uid="217312" lat="36.7702330" lon="-4.6967002"/>
 <node id="12194855068" visible="true" version="1" changeset="157000884" timestamp="2024-09-23T15:24:56Z" user="Mikecron" uid="217312" lat="36.7702524" lon="-4.6966412"/>
 <node id="12194855069" visible="true" version="1" changeset="157000884" timestamp="2024-09-23T15:24:56Z" user="Mikecron" uid="217312" lat="36.7702813" lon="-4.6966559"/>
 <node id="12194855070" visible="true" version="1" changeset="157000884" timestamp="2024-09-23T15:24:56Z" user="Mikecron" uid="217312" lat="36.7703441" lon="-4.6964973"/>
 <node id="12194855071" visible="true" version="1" changeset="157000884" timestamp="2024-09-23T15:24:56Z" user="Mikecron" uid="217312" lat="36.7703270" lon="-4.6964798"/>
 <node id="12194855072" visible="true" version="1" changeset="157000884" timestamp="2024-09-23T15:24:56Z" user="Mikecron" uid="217312" lat="36.7703422" lon="-4.6964381"/>
 <node id="12194855073" visible="true" version="1" changeset="157000884" timestamp="2024-09-23T15:24:56Z" user="Mikecron" uid="217312" lat="36.7703776" lon="-4.6963894"/>
 <node id="12194855074" visible="true" version="1" changeset="157000884" timestamp="2024-09-23T15:24:56Z" user="Mikecron" uid="217312" lat="36.7704290" lon="-4.6963477"/>
 <node id="12194855075" visible="true" version="1" changeset="157000884" timestamp="2024-09-23T15:24:56Z" user="Mikecron" uid="217312" lat="36.7704738" lon="-4.6963312"/>
 <node id="12194855076" visible="true" version="1" changeset="157000884" timestamp="2024-09-23T15:24:56Z" user="Mikecron" uid="217312" lat="36.7704850" lon="-4.6962794"/>
 <node id="12194855077" visible="true" version="1" changeset="157000884" timestamp="2024-09-23T15:24:56Z" user="Mikecron" uid="217312" lat="36.7705111" lon="-4.6962048"/>
 <node id="12194855078" visible="true" version="1" changeset="157000884" timestamp="2024-09-23T15:24:56Z" user="Mikecron" uid="217312" lat="36.7701392" lon="-4.6964955"/>
 <node id="12194855079" visible="true" version="1" changeset="157000884" timestamp="2024-09-23T15:24:56Z" user="Mikecron" uid="217312" lat="36.7700758" lon="-4.6966755"/>
 <node id="12194855080" visible="true" version="1" changeset="157000884" timestamp="2024-09-23T15:24:56Z" user="Mikecron" uid="217312" lat="36.7700532" lon="-4.6966327"/>
 <node id="12194855081" visible="true" version="1" changeset="157000884" timestamp="2024-09-23T15:24:56Z" user="Mikecron" uid="217312" lat="36.7700652" lon="-4.6965841"/>
 <node id="12194855082" visible="true" version="1" changeset="157000884" timestamp="2024-09-23T15:24:56Z" user="Mikecron" uid="217312" lat="36.7700843" lon="-4.6965565"/>
 <node id="12194855083" visible="true" version="1" changeset="157000884" timestamp="2024-09-23T15:24:56Z" user="Mikecron" uid="217312" lat="36.7701371" lon="-4.6965372"/>
 <node id="12194855084" visible="true" version="1" changeset="157000884" timestamp="2024-09-23T15:24:56Z" user="Mikecron" uid="217312" lat="36.7701673" lon="-4.6966473"/>
 <node id="12194855085" visible="true" version="1" changeset="157000884" timestamp="2024-09-23T15:24:56Z" user="Mikecron" uid="217312" lat="36.7700613" lon="-4.6966776">
  <tag k="information" v="board"/>
  <tag k="tourism" v="information"/>
 </node>
 <node id="12194855086" visible="true" version="1" changeset="157000884" timestamp="2024-09-23T15:24:56Z" user="Mikecron" uid="217312" lat="36.7701755" lon="-4.6966667">
  <tag k="information" v="board"/>
  <tag k="tourism" v="information"/>
 </node>
 <node id="12194855087" visible="true" version="1" changeset="157000884" timestamp="2024-09-23T15:24:56Z" user="Mikecron" uid="217312" lat="36.7701468" lon="-4.6965102">
  <tag k="information" v="board"/>
  <tag k="tourism" v="information"/>
 </node>
 <node id="12194855088" visible="true" version="1" changeset="157000884" timestamp="2024-09-23T15:24:56Z" user="Mikecron" uid="217312" lat="36.7700642" lon="-4.6961494"/>
 <node id="12194855089" visible="true" version="1" changeset="157000884" timestamp="2024-09-23T15:24:56Z" user="Mikecron" uid="217312" lat="36.7701163" lon="-4.6960371"/>
 <node id="12194855090" visible="true" version="1" changeset="157000884" timestamp="2024-09-23T15:24:56Z" user="Mikecron" uid="217312" lat="36.7700694" lon="-4.6960032"/>
 <node id="12194855091" visible="true" version="1" changeset="157000884" timestamp="2024-09-23T15:24:56Z" user="Mikecron" uid="217312" lat="36.7700173" lon="-4.6961154"/>
 <node id="12194855092" visible="true" version="1" changeset="157000884" timestamp="2024-09-23T15:24:56Z" user="Mikecron" uid="217312" lat="36.7702902" lon="-4.6954253"/>
 <node id="12194855093" visible="true" version="1" changeset="157000884" timestamp="2024-09-23T15:24:56Z" user="Mikecron" uid="217312" lat="36.7702562" lon="-4.6955315"/>
 <node id="12194855094" visible="true" version="1" changeset="157000884" timestamp="2024-09-23T15:24:56Z" user="Mikecron" uid="217312" lat="36.7702197" lon="-4.6956648"/>
 <node id="12194855095" visible="true" version="1" changeset="157000884" timestamp="2024-09-23T15:24:56Z" user="Mikecron" uid="217312" lat="36.7701831" lon="-4.6958749"/>
 <node id="12194855096" visible="true" version="1" changeset="157000884" timestamp="2024-09-23T15:24:56Z" user="Mikecron" uid="217312" lat="36.7701544" lon="-4.6959005"/>
 <node id="12194855097" visible="true" version="1" changeset="157000884" timestamp="2024-09-23T15:24:56Z" user="Mikecron" uid="217312" lat="36.7701071" lon="-4.6959124"/>
 <node id="12194855098" visible="true" version="1" changeset="157000884" timestamp="2024-09-23T15:24:56Z" user="Mikecron" uid="217312" lat="36.7700567" lon="-4.6959673"/>
 <node id="12194855099" visible="true" version="1" changeset="157000884" timestamp="2024-09-23T15:24:56Z" user="Mikecron" uid="217312" lat="36.7699981" lon="-4.6960882"/>
 <node id="12194855100" visible="true" version="1" changeset="157000884" timestamp="2024-09-23T15:24:56Z" user="Mikecron" uid="217312" lat="36.7703320" lon="-4.6954002">
  <tag k="amenity" v="waste_disposal"/>
 </node>
 <node id="12374031693" visible="true" version="2" changeset="161428914" timestamp="2025-01-16T19:19:09Z" user="alan_gr" uid="5307206" lat="36.7725314" lon="-4.7105615">
  <tag k="description" v="Gran Senda del Guadalhorce"/>
  <tag k="direction_north" v="Álora (Barriada El Puente) 7,7 km; Vega Hipólito 1,4 km"/>
  <tag k="direction_south" v="Pizarra 0,9 km"/>
  <tag k="hiking" v="yes"/>
  <tag k="information" v="guidepost"/>
  <tag k="panoramax" v="d91c50b3-122a-421a-8867-ff801135b740"/>
  <tag k="tourism" v="information"/>
 </node>
 <node id="12374031694" visible="true" version="1" changeset="159581504" timestamp="2024-11-25T16:41:27Z" user="alan_gr" uid="5307206" lat="36.7725391" lon="-4.7105042"/>
 <node id="12374031695" visible="true" version="1" changeset="159581504" timestamp="2024-11-25T16:41:27Z" user="alan_gr" uid="5307206" lat="36.7725053" lon="-4.7106041"/>
 <node id="12374031696" visible="true" version="1" changeset="159581504" timestamp="2024-11-25T16:41:27Z" user="alan_gr" uid="5307206" lat="36.7722448" lon="-4.7105196"/>
 <node id="12374031697" visible="true" version="1" changeset="159581504" timestamp="2024-11-25T16:41:27Z" user="alan_gr" uid="5307206" lat="36.7718377" lon="-4.7098906"/>
 <node id="12374031700" visible="true" version="1" changeset="159581504" timestamp="2024-11-25T16:41:27Z" user="alan_gr" uid="5307206" lat="36.7739700" lon="-4.7094055"/>
 <node id="12374059403" visible="true" version="1" changeset="159581504" timestamp="2024-11-25T16:41:27Z" user="alan_gr" uid="5307206" lat="36.7743864" lon="-4.7089877"/>
 <node id="12644108681" visible="true" version="1" changeset="163342782" timestamp="2025-03-07T20:30:41Z" user="Peri3" uid="14595185" lat="36.7630953" lon="-4.7013586"/>
 <node id="12644108682" visible="true" version="1" changeset="163342782" timestamp="2025-03-07T20:30:41Z" user="Peri3" uid="14595185" lat="36.7635331" lon="-4.7013359"/>
 <node id="12644108683" visible="true" version="2" changeset="172476793" timestamp="2025-09-26T09:56:40Z" user="kapazao" uid="7543375" lat="36.7636597" lon="-4.7041211"/>
 <node id="12644108684" visible="true" version="2" changeset="172476793" timestamp="2025-09-26T09:56:40Z" user="kapazao" uid="7543375" lat="36.7636670" lon="-4.7041399"/>
 <node id="12644108685" visible="true" version="2" changeset="172476793" timestamp="2025-09-26T09:56:40Z" user="kapazao" uid="7543375" lat="36.7635980" lon="-4.7042212"/>
 <node id="12644108686" visible="true" version="2" changeset="172476793" timestamp="2025-09-26T09:56:40Z" user="kapazao" uid="7543375" lat="36.7635825" lon="-4.7042100"/>
 <node id="12644108687" visible="true" version="2" changeset="172476793" timestamp="2025-09-26T09:56:40Z" user="kapazao" uid="7543375" lat="36.7636693" lon="-4.7041606"/>
 <node id="12644108688" visible="true" version="2" changeset="172476793" timestamp="2025-09-26T09:56:40Z" user="kapazao" uid="7543375" lat="36.7636663" lon="-4.7041811"/>
 <node id="12644108689" visible="true" version="2" changeset="172476793" timestamp="2025-09-26T09:56:40Z" user="kapazao" uid="7543375" lat="36.7636583" lon="-4.7041995"/>
 <node id="12644108690" visible="true" version="2" changeset="172476793" timestamp="2025-09-26T09:56:40Z" user="kapazao" uid="7543375" lat="36.7636462" lon="-4.7042138"/>
 <node id="12644108691" visible="true" version="2" changeset="172476793" timestamp="2025-09-26T09:56:40Z" user="kapazao" uid="7543375" lat="36.7636310" lon="-4.7042227"/>
 <node id="12644108692" visible="true" version="2" changeset="172476793" timestamp="2025-09-26T09:56:40Z" user="kapazao" uid="7543375" lat="36.7636144" lon="-4.7042252"/>
 <node id="12644108693" visible="true" version="2" changeset="172476793" timestamp="2025-09-26T09:56:40Z" user="kapazao" uid="7543375" lat="36.7635708" lon="-4.7041929"/>
 <node id="12644108694" visible="true" version="2" changeset="172476793" timestamp="2025-09-26T09:56:40Z" user="kapazao" uid="7543375" lat="36.7635644" lon="-4.7041720"/>
 <node id="12644108695" visible="true" version="2" changeset="172476793" timestamp="2025-09-26T09:56:40Z" user="kapazao" uid="7543375" lat="36.7635639" lon="-4.7041496"/>
 <node id="12644108696" visible="true" version="2" changeset="172476793" timestamp="2025-09-26T09:56:40Z" user="kapazao" uid="7543375" lat="36.7635695" lon="-4.7041283"/>
 <node id="12644108697" visible="true" version="2" changeset="172476793" timestamp="2025-09-26T09:56:40Z" user="kapazao" uid="7543375" lat="36.7635804" lon="-4.7041105"/>
 <node id="12644108698" visible="true" version="2" changeset="172476793" timestamp="2025-09-26T09:56:40Z" user="kapazao" uid="7543375" lat="36.7635955" lon="-4.7040983"/>
 <node id="12644108699" visible="true" version="2" changeset="172476793" timestamp="2025-09-26T09:56:40Z" user="kapazao" uid="7543375" lat="36.7636130" lon="-4.7040931"/>
 <node id="12644108700" visible="true" version="2" changeset="172476793" timestamp="2025-09-26T09:56:40Z" user="kapazao" uid="7543375" lat="36.7636308" lon="-4.7040955"/>
 <node id="12644112501" visible="true" version="2" changeset="172476793" timestamp="2025-09-26T09:56:40Z" user="kapazao" uid="7543375" lat="36.7636470" lon="-4.7041052"/>
 <node id="12644112502" visible="true" version="1" changeset="163342782" timestamp="2025-03-07T20:30:41Z" user="Peri3" uid="14595185" lat="36.7635481" lon="-4.7040763"/>
 <node id="12644112503" visible="true" version="1" changeset="163342782" timestamp="2025-03-07T20:30:41Z" user="Peri3" uid="14595185" lat="36.7676973" lon="-4.7056743"/>
 <node id="12644112504" visible="true" version="1" changeset="163342782" timestamp="2025-03-07T20:30:41Z" user="Peri3" uid="14595185" lat="36.7680639" lon="-4.7059227"/>
 <node id="12644112505" visible="true" version="1" changeset="163342782" timestamp="2025-03-07T20:30:41Z" user="Peri3" uid="14595185" lat="36.7683617" lon="-4.7060665"/>
 <node id="12644112506" visible="true" version="1" changeset="163342782" timestamp="2025-03-07T20:30:41Z" user="Peri3" uid="14595185" lat="36.7684469" lon="-4.7061992"/>
 <node id="12644112507" visible="true" version="1" changeset="163342782" timestamp="2025-03-07T20:30:41Z" user="Peri3" uid="14595185" lat="36.7684380" lon="-4.7063505"/>
 <node id="12674314745" visible="true" version="2" changeset="186641077" timestamp="2026-07-30T12:17:54Z" user="Palary" uid="20415443" lat="36.7712919" lon="-4.7090666"/>
 <node id="12674314746" visible="true" version="1" changeset="163752304" timestamp="2025-03-17T22:15:59Z" user="kapazao" uid="7543375" lat="36.7714764" lon="-4.7091877"/>
 <node id="12674314747" visible="true" version="1" changeset="163752304" timestamp="2025-03-17T22:15:59Z" user="kapazao" uid="7543375" lat="36.7713027" lon="-4.7094617"/>
 <node id="12674314748" visible="true" version="2" changeset="186641077" timestamp="2026-07-30T12:17:54Z" user="Palary" uid="20415443" lat="36.7709060" lon="-4.7089276"/>
 <node id="12674314749" visible="true" version="1" changeset="163752304" timestamp="2025-03-17T22:15:59Z" user="kapazao" uid="7543375" lat="36.7708739" lon="-4.7089026"/>
 <node id="12674314750" visible="true" version="1" changeset="163752304" timestamp="2025-03-17T22:15:59Z" user="kapazao" uid="7543375" lat="36.7708668" lon="-4.7088601"/>
 <node id="12674314751" visible="true" version="1" changeset="163752304" timestamp="2025-03-17T22:15:59Z" user="kapazao" uid="7543375" lat="36.7708400" lon="-4.7087944"/>
 <node id="12674314752" visible="true" version="1" changeset="163752304" timestamp="2025-03-17T22:15:59Z" user="kapazao" uid="7543375" lat="36.7708520" lon="-4.7087581"/>
 <node id="12674314753" visible="true" version="1" changeset="163752304" timestamp="2025-03-17T22:15:59Z" user="kapazao" uid="7543375" lat="36.7708966" lon="-4.7087983"/>
 <node id="12674314754" visible="true" version="2" changeset="186641077" timestamp="2026-07-30T12:17:54Z" user="Palary" uid="20415443" lat="36.7710583" lon="-4.7089253"/>
 <node id="12674314755" visible="true" version="1" changeset="163752304" timestamp="2025-03-17T22:15:59Z" user="kapazao" uid="7543375" lat="36.7708793" lon="-4.7092490"/>
 <node id="12674314756" visible="true" version="1" changeset="163752304" timestamp="2025-03-17T22:15:59Z" user="kapazao" uid="7543375" lat="36.7709342" lon="-4.7092918"/>
 <node id="12674314757" visible="true" version="2" changeset="186641077" timestamp="2026-07-30T12:17:54Z" user="Palary" uid="20415443" lat="36.7710000" lon="-4.7092373"/>
 <node id="12674314758" visible="true" version="2" changeset="186641077" timestamp="2026-07-30T12:17:54Z" user="Palary" uid="20415443" lat="36.7711066" lon="-4.7089940"/>
 <node id="12839589727" visible="true" version="1" changeset="166292638" timestamp="2025-05-15T08:54:16Z" user="JakubS" uid="504620" lat="36.7545570" lon="-4.6771122"/>
 <node id="12839589728" visible="true" version="1" changeset="166292638" timestamp="2025-05-15T08:54:16Z" user="JakubS" uid="504620" lat="36.7545997" lon="-4.6772706"/>
 <node id="12839589729" visible="true" version="1" changeset="166292638" timestamp="2025-05-15T08:54:16Z" user="JakubS" uid="504620" lat="36.7546204" lon="-4.6774915"/>
 <node id="12839589730" visible="true" version="1" changeset="166292638" timestamp="2025-05-15T08:54:16Z" user="JakubS" uid="504620" lat="36.7544154" lon="-4.6782226"/>
 <node id="12839589731" visible="true" version="1" changeset="166292638" timestamp="2025-05-15T08:54:16Z" user="JakubS" uid="504620" lat="36.7541176" lon="-4.6791852"/>
 <node id="12839589732" visible="true" version="1" changeset="166292638" timestamp="2025-05-15T08:54:16Z" user="JakubS" uid="504620" lat="36.7537808" lon="-4.6793863"/>
 <node id="12839589733" visible="true" version="1" changeset="166292638" timestamp="2025-05-15T08:54:16Z" user="JakubS" uid="504620" lat="36.7535612" lon="-4.6808058"/>
 <node id="12839589734" visible="true" version="1" changeset="166292638" timestamp="2025-05-15T08:54:16Z" user="JakubS" uid="504620" lat="36.7535172" lon="-4.6814029"/>
 <node id="12839589735" visible="true" version="1" changeset="166292638" timestamp="2025-05-15T08:54:16Z" user="JakubS" uid="504620" lat="36.7535026" lon="-4.6819207"/>
 <node id="12839589736" visible="true" version="1" changeset="166292638" timestamp="2025-05-15T08:54:16Z" user="JakubS" uid="504620" lat="36.7535416" lon="-4.6823167"/>
 <node id="12839589737" visible="true" version="1" changeset="166292638" timestamp="2025-05-15T08:54:16Z" user="JakubS" uid="504620" lat="36.7536246" lon="-4.6826579"/>
 <node id="12839589738" visible="true" version="1" changeset="166292638" timestamp="2025-05-15T08:54:16Z" user="JakubS" uid="504620" lat="36.7537467" lon="-4.6828468"/>
 <node id="12839589739" visible="true" version="1" changeset="166292638" timestamp="2025-05-15T08:54:16Z" user="JakubS" uid="504620" lat="36.7543422" lon="-4.6833890"/>
 <node id="12839589740" visible="true" version="1" changeset="166292638" timestamp="2025-05-15T08:54:16Z" user="JakubS" uid="504620" lat="36.7551769" lon="-4.6841384"/>
 <node id="12839589741" visible="true" version="1" changeset="166292638" timestamp="2025-05-15T08:54:16Z" user="JakubS" uid="504620" lat="36.7554454" lon="-4.6844491"/>
 <node id="12839589742" visible="true" version="1" changeset="166292638" timestamp="2025-05-15T08:54:16Z" user="JakubS" uid="504620" lat="36.7555430" lon="-4.6847050"/>
 <node id="12839589743" visible="true" version="1" changeset="166292638" timestamp="2025-05-15T08:54:16Z" user="JakubS" uid="504620" lat="36.7556162" lon="-4.6851193"/>
 <node id="12839589744" visible="true" version="1" changeset="166292638" timestamp="2025-05-15T08:54:16Z" user="JakubS" uid="504620" lat="36.7557626" lon="-4.6860088"/>
 <node id="12839589745" visible="true" version="1" changeset="166292638" timestamp="2025-05-15T08:54:16Z" user="JakubS" uid="504620" lat="36.7559042" lon="-4.6872699"/>
 <node id="12839589746" visible="true" version="1" changeset="166292638" timestamp="2025-05-15T08:54:16Z" user="JakubS" uid="504620" lat="36.7558847" lon="-4.6888479"/>
 <node id="12839589747" visible="true" version="1" changeset="166292638" timestamp="2025-05-15T08:54:16Z" user="JakubS" uid="504620" lat="36.7557822" lon="-4.6919002"/>
 <node id="12839589748" visible="true" version="1" changeset="166292638" timestamp="2025-05-15T08:54:16Z" user="JakubS" uid="504620" lat="36.7556504" lon="-4.6951658"/>
 <node id="12839589749" visible="true" version="1" changeset="166292638" timestamp="2025-05-15T08:54:16Z" user="JakubS" uid="504620" lat="36.7556357" lon="-4.6963051"/>
 <node id="12839589750" visible="true" version="1" changeset="166292638" timestamp="2025-05-15T08:54:16Z" user="JakubS" uid="504620" lat="36.7557138" lon="-4.6968290"/>
 <node id="12839589751" visible="true" version="1" changeset="166292638" timestamp="2025-05-15T08:54:16Z" user="JakubS" uid="504620" lat="36.7559725" lon="-4.6976759"/>
 <node id="12839589752" visible="true" version="1" changeset="166292638" timestamp="2025-05-15T08:54:16Z" user="JakubS" uid="504620" lat="36.7561629" lon="-4.6979379"/>
 <node id="12839589753" visible="true" version="1" changeset="166292638" timestamp="2025-05-15T08:54:16Z" user="JakubS" uid="504620" lat="36.7567584" lon="-4.6986751"/>
 <node id="12839589754" visible="true" version="1" changeset="166292638" timestamp="2025-05-15T08:54:16Z" user="JakubS" uid="504620" lat="36.7575687" lon="-4.6994488"/>
 <node id="12839589755" visible="true" version="1" changeset="166292638" timestamp="2025-05-15T08:54:16Z" user="JakubS" uid="504620" lat="36.7581739" lon="-4.6998509"/>
 <node id="12839589756" visible="true" version="1" changeset="166292638" timestamp="2025-05-15T08:54:16Z" user="JakubS" uid="504620" lat="36.7600099" lon="-4.7011424"/>
 <node id="12839589757" visible="true" version="1" changeset="166292638" timestamp="2025-05-15T08:54:16Z" user="JakubS" uid="504620" lat="36.7612072" lon="-4.7019912"/>
 <node id="12839589758" visible="true" version="1" changeset="166292638" timestamp="2025-05-15T08:54:16Z" user="JakubS" uid="504620" lat="36.7626773" lon="-4.7020689"/>
 <node id="12839589759" visible="true" version="1" changeset="166292638" timestamp="2025-05-15T08:54:16Z" user="JakubS" uid="504620" lat="36.7652106" lon="-4.7022124"/>
 <node id="12839589760" visible="true" version="1" changeset="166292638" timestamp="2025-05-15T08:54:16Z" user="JakubS" uid="504620" lat="36.7677342" lon="-4.7023738"/>
 <node id="12839589761" visible="true" version="1" changeset="166292638" timestamp="2025-05-15T08:54:16Z" user="JakubS" uid="504620" lat="36.7683375" lon="-4.7027623"/>
 <node id="12839589762" visible="true" version="1" changeset="166292638" timestamp="2025-05-15T08:54:16Z" user="JakubS" uid="504620" lat="36.7700757" lon="-4.7038443"/>
 <node id="12839589763" visible="true" version="1" changeset="166292638" timestamp="2025-05-15T08:54:16Z" user="JakubS" uid="504620" lat="36.7710621" lon="-4.7044600"/>
 <node id="12839589764" visible="true" version="1" changeset="166292638" timestamp="2025-05-15T08:54:16Z" user="JakubS" uid="504620" lat="36.7713111" lon="-4.7047170"/>
 <node id="12839589765" visible="true" version="1" changeset="166292638" timestamp="2025-05-15T08:54:16Z" user="JakubS" uid="504620" lat="36.7728242" lon="-4.7062832"/>
 <node id="12839589766" visible="true" version="1" changeset="166292638" timestamp="2025-05-15T08:54:16Z" user="JakubS" uid="504620" lat="36.7735185" lon="-4.7070304"/>
 <node id="12839589767" visible="true" version="1" changeset="166292638" timestamp="2025-05-15T08:54:16Z" user="JakubS" uid="504620" lat="36.7740021" lon="-4.7069287"/>
 <node id="12839589768" visible="true" version="1" changeset="166292638" timestamp="2025-05-15T08:54:16Z" user="JakubS" uid="504620" lat="36.7760896" lon="-4.7064985"/>
 <node id="12839589769" visible="true" version="1" changeset="166292638" timestamp="2025-05-15T08:54:16Z" user="JakubS" uid="504620" lat="36.7772288" lon="-4.7062873"/>
 <node id="12839589770" visible="true" version="1" changeset="166292638" timestamp="2025-05-15T08:54:16Z" user="JakubS" uid="504620" lat="36.7787106" lon="-4.7052257"/>
 <node id="12839589771" visible="true" version="1" changeset="166292638" timestamp="2025-05-15T08:54:16Z" user="JakubS" uid="504620" lat="36.7799777" lon="-4.7042157"/>
 <node id="12839589772" visible="true" version="1" changeset="166292638" timestamp="2025-05-15T08:54:16Z" user="JakubS" uid="504620" lat="36.7804317" lon="-4.7038601"/>
 <node id="12839589773" visible="true" version="1" changeset="166292638" timestamp="2025-05-15T08:54:16Z" user="JakubS" uid="504620" lat="36.7807908" lon="-4.7034427"/>
 <node id="12839589774" visible="true" version="1" changeset="166292638" timestamp="2025-05-15T08:54:16Z" user="JakubS" uid="504620" lat="36.7809971" lon="-4.7032778"/>
 <node id="12839589775" visible="true" version="1" changeset="166292638" timestamp="2025-05-15T08:54:16Z" user="JakubS" uid="504620" lat="36.7811994" lon="-4.7031748"/>
 <node id="12839589776" visible="true" version="1" changeset="166292638" timestamp="2025-05-15T08:54:16Z" user="JakubS" uid="504620" lat="36.7814181" lon="-4.7031181"/>
 <node id="12839589777" visible="true" version="1" changeset="166292638" timestamp="2025-05-15T08:54:16Z" user="JakubS" uid="504620" lat="36.7816327" lon="-4.7031438"/>
 <node id="12839589778" visible="true" version="1" changeset="166292638" timestamp="2025-05-15T08:54:16Z" user="JakubS" uid="504620" lat="36.7822188" lon="-4.7034273"/>
 <node id="12839589779" visible="true" version="1" changeset="166292638" timestamp="2025-05-15T08:54:16Z" user="JakubS" uid="504620" lat="36.7829122" lon="-4.7036592"/>
 <node id="12839589780" visible="true" version="1" changeset="166292638" timestamp="2025-05-15T08:54:16Z" user="JakubS" uid="504620" lat="36.7835395" lon="-4.7038189"/>
 <node id="12839589781" visible="true" version="1" changeset="166292638" timestamp="2025-05-15T08:54:16Z" user="JakubS" uid="504620" lat="36.7837830" lon="-4.7038601"/>
 <node id="12839589782" visible="true" version="1" changeset="166292638" timestamp="2025-05-15T08:54:16Z" user="JakubS" uid="504620" lat="36.7845259" lon="-4.7038189"/>
 <node id="12839589783" visible="true" version="1" changeset="166292638" timestamp="2025-05-15T08:54:16Z" user="JakubS" uid="504620" lat="36.7854545" lon="-4.7038034"/>
 <node id="12839589784" visible="true" version="1" changeset="166292638" timestamp="2025-05-15T08:54:16Z" user="JakubS" uid="504620" lat="36.7858301" lon="-4.7038086"/>
 <node id="12839589785" visible="true" version="1" changeset="166292638" timestamp="2025-05-15T08:54:16Z" user="JakubS" uid="504620" lat="36.7872951" lon="-4.7040199"/>
 <node id="12839589786" visible="true" version="1" changeset="166292638" timestamp="2025-05-15T08:54:16Z" user="JakubS" uid="504620" lat="36.7881164" lon="-4.7041178"/>
 <node id="12839589787" visible="true" version="1" changeset="166292638" timestamp="2025-05-15T08:54:16Z" user="JakubS" uid="504620" lat="36.7883393" lon="-4.7041023"/>
 <node id="12839589788" visible="true" version="1" changeset="166292638" timestamp="2025-05-15T08:54:16Z" user="JakubS" uid="504620" lat="36.7885167" lon="-4.7040199"/>
 <node id="12839589789" visible="true" version="1" changeset="166292638" timestamp="2025-05-15T08:54:16Z" user="JakubS" uid="504620" lat="36.7886240" lon="-4.7039477"/>
 <node id="12839589790" visible="true" version="1" changeset="166292638" timestamp="2025-05-15T08:54:16Z" user="JakubS" uid="504620" lat="36.7887561" lon="-4.7037210"/>
 <node id="12839589791" visible="true" version="1" changeset="166292638" timestamp="2025-05-15T08:54:16Z" user="JakubS" uid="504620" lat="36.7890202" lon="-4.7027857"/>
 <node id="12839589792" visible="true" version="1" changeset="166292638" timestamp="2025-05-15T08:54:16Z" user="JakubS" uid="504620" lat="36.7895237" lon="-4.7010465"/>
 <node id="12839589793" visible="true" version="1" changeset="166292638" timestamp="2025-05-15T08:54:16Z" user="JakubS" uid="504620" lat="36.7895938" lon="-4.7008172"/>
 <node id="12839589794" visible="true" version="1" changeset="166292638" timestamp="2025-05-15T08:54:16Z" user="JakubS" uid="504620" lat="36.7897568" lon="-4.7005389"/>
 <node id="12839589795" visible="true" version="1" changeset="166292638" timestamp="2025-05-15T08:54:16Z" user="JakubS" uid="504620" lat="36.7898724" lon="-4.7004410"/>
 <node id="12839589796" visible="true" version="1" changeset="166292638" timestamp="2025-05-15T08:54:16Z" user="JakubS" uid="504620" lat="36.7906627" lon="-4.7000545"/>
 <node id="12839589797" visible="true" version="1" changeset="166292638" timestamp="2025-05-15T08:54:16Z" user="JakubS" uid="504620" lat="36.7916572" lon="-4.6996036"/>
 <node id="13173148961" visible="true" version="1" changeset="172476793" timestamp="2025-09-26T09:56:40Z" user="kapazao" uid="7543375" lat="36.7637147" lon="-4.7040588"/>
 <node id="13173148962" visible="true" version="1" changeset="172476793" timestamp="2025-09-26T09:56:40Z" user="kapazao" uid="7543375" lat="36.7637661" lon="-4.7040337"/>
 <node id="13173148963" visible="true" version="1" changeset="172476793" timestamp="2025-09-26T09:56:40Z" user="kapazao" uid="7543375" lat="36.7644985" lon="-4.7040416">
  <tag k="noexit" v="yes"/>
 </node>
 <node id="13839349631" visible="true" version="1" changeset="182778259" timestamp="2026-05-17T11:05:33Z" user="km2bp" uid="3610826" lat="36.7671646" lon="-4.7087803"/>
 <node id="13839349632" visible="true" version="1" changeset="182778259" timestamp="2026-05-17T11:05:33Z" user="km2bp" uid="3610826" lat="36.7670999" lon="-4.7087783"/>
 <node id="13839349633" visible="true" version="1" changeset="182778259" timestamp="2026-05-17T11:05:33Z" user="km2bp" uid="3610826" lat="36.7671679" lon="-4.7086147"/>
 <node id="13839349634" visible="true" version="1" changeset="182778259" timestamp="2026-05-17T11:05:33Z" user="km2bp" uid="3610826" lat="36.7670900" lon="-4.7086089"/>
 <node id="13839349635" visible="true" version="1" changeset="182778259" timestamp="2026-05-17T11:05:33Z" user="km2bp" uid="3610826" lat="36.7670951" lon="-4.7084680"/>
 <node id="13839349636" visible="true" version="1" changeset="182778259" timestamp="2026-05-17T11:05:33Z" user="km2bp" uid="3610826" lat="36.7671705" lon="-4.7084694"/>
 <node id="13839349637" visible="true" version="1" changeset="182778259" timestamp="2026-05-17T11:05:33Z" user="km2bp" uid="3610826" lat="36.7671688" lon="-4.7085077"/>
 <node id="13839349638" visible="true" version="1" changeset="182778259" timestamp="2026-05-17T11:05:33Z" user="km2bp" uid="3610826" lat="36.7672006" lon="-4.7085098"/>
 <node id="13839349639" visible="true" version="1" changeset="182778259" timestamp="2026-05-17T11:05:33Z" user="km2bp" uid="3610826" lat="36.7671994" lon="-4.7085625"/>
 <node id="13839349640" visible="true" version="1" changeset="182778259" timestamp="2026-05-17T11:05:33Z" user="km2bp" uid="3610826" lat="36.7671025" lon="-4.7086098"/>
 <node id="13839349641" visible="true" version="1" changeset="182778259" timestamp="2026-05-17T11:05:33Z" user="km2bp" uid="3610826" lat="36.7671929" lon="-4.7076106">
  <tag k="amenity" v="clock"/>
 </node>
 <node id="13839349642" visible="true" version="1" changeset="182778259" timestamp="2026-05-17T11:05:33Z" user="km2bp" uid="3610826" lat="36.7673822" lon="-4.7075161">
  <tag k="artwork_type" v="mosaic"/>
  <tag k="image" v="https://photos.app.goo.gl/WfGNtCZgqaY9Kcb67"/>
  <tag k="mapillary" v="250510996591337"/>
  <tag k="tourism" v="artwork"/>
 </node>
 <node id="13839349643" visible="true" version="1" changeset="182778259" timestamp="2026-05-17T11:05:33Z" user="km2bp" uid="3610826" lat="36.7705049" lon="-4.7101963"/>
 <node id="13839349644" visible="true" version="1" changeset="182778259" timestamp="2026-05-17T11:05:33Z" user="km2bp" uid="3610826" lat="36.7704160" lon="-4.7100443"/>
 <node id="13839349645" visible="true" version="1" changeset="182778259" timestamp="2026-05-17T11:05:33Z" user="km2bp" uid="3610826" lat="36.7704185" lon="-4.7100055"/>
 <node id="13839349646" visible="true" version="1" changeset="182778259" timestamp="2026-05-17T11:05:33Z" user="km2bp" uid="3610826" lat="36.7705697" lon="-4.7098719"/>
 <node id="13839349647" visible="true" version="1" changeset="182778259" timestamp="2026-05-17T11:05:33Z" user="km2bp" uid="3610826" lat="36.7706238" lon="-4.7098974"/>
 <node id="13839349648" visible="true" version="1" changeset="182778259" timestamp="2026-05-17T11:05:33Z" user="km2bp" uid="3610826" lat="36.7706838" lon="-4.7100609"/>
 <node id="13839349649" visible="true" version="1" changeset="182778259" timestamp="2026-05-17T11:05:33Z" user="km2bp" uid="3610826" lat="36.7706758" lon="-4.7100996"/>
 <node id="13839349650" visible="true" version="1" changeset="182778259" timestamp="2026-05-17T11:05:33Z" user="km2bp" uid="3610826" lat="36.7706027" lon="-4.7100876"/>
 <node id="13839349651" visible="true" version="1" changeset="182778259" timestamp="2026-05-17T11:05:33Z" user="km2bp" uid="3610826" lat="36.7705936" lon="-4.7100998"/>
 <node id="13839349652" visible="true" version="1" changeset="182778259" timestamp="2026-05-17T11:05:33Z" user="km2bp" uid="3610826" lat="36.7705827" lon="-4.7101093"/>
 <node id="13839349653" visible="true" version="1" changeset="182778259" timestamp="2026-05-17T11:05:33Z" user="km2bp" uid="3610826" lat="36.7705704" lon="-4.7101157"/>
 <node id="13839349654" visible="true" version="1" changeset="182778259" timestamp="2026-05-17T11:05:33Z" user="km2bp" uid="3610826" lat="36.7705574" lon="-4.7101187"/>
 <node id="13839349655" visible="true" version="1" changeset="182778259" timestamp="2026-05-17T11:05:33Z" user="km2bp" uid="3610826" lat="36.7705441" lon="-4.7101182"/>
 <node id="13839349656" visible="true" version="1" changeset="182778259" timestamp="2026-05-17T11:05:33Z" user="km2bp" uid="3610826" lat="36.7705312" lon="-4.7101141"/>
 <node id="13839349657" visible="true" version="1" changeset="182778259" timestamp="2026-05-17T11:05:33Z" user="km2bp" uid="3610826" lat="36.7705193" lon="-4.7101067"/>
 <node id="13839349658" visible="true" version="1" changeset="182778259" timestamp="2026-05-17T11:05:33Z" user="km2bp" uid="3610826" lat="36.7705089" lon="-4.7100963"/>
 <node id="13839349659" visible="true" version="1" changeset="182778259" timestamp="2026-05-17T11:05:33Z" user="km2bp" uid="3610826" lat="36.7705005" lon="-4.7100834"/>
 <node id="13839349660" visible="true" version="1" changeset="182778259" timestamp="2026-05-17T11:05:33Z" user="km2bp" uid="3610826" lat="36.7704945" lon="-4.7100686"/>
 <node id="13839349661" visible="true" version="1" changeset="182778259" timestamp="2026-05-17T11:05:33Z" user="km2bp" uid="3610826" lat="36.7704912" lon="-4.7100525"/>
 <node id="13839349662" visible="true" version="1" changeset="182778259" timestamp="2026-05-17T11:05:33Z" user="km2bp" uid="3610826" lat="36.7704907" lon="-4.7100360"/>
 <node id="13839349663" visible="true" version="1" changeset="182778259" timestamp="2026-05-17T11:05:33Z" user="km2bp" uid="3610826" lat="36.7704930" lon="-4.7100196"/>
 <node id="13839349664" visible="true" version="1" changeset="182778259" timestamp="2026-05-17T11:05:33Z" user="km2bp" uid="3610826" lat="36.7704981" lon="-4.7100042"/>
 <node id="13839349665" visible="true" version="1" changeset="182778259" timestamp="2026-05-17T11:05:33Z" user="km2bp" uid="3610826" lat="36.7705064" lon="-4.7099894"/>
 <node id="13839349666" visible="true" version="1" changeset="182778259" timestamp="2026-05-17T11:05:33Z" user="km2bp" uid="3610826" lat="36.7705174" lon="-4.7099774"/>
 <node id="13839349667" visible="true" version="1" changeset="182778259" timestamp="2026-05-17T11:05:33Z" user="km2bp" uid="3610826" lat="36.7705302" lon="-4.7099689"/>
 <node id="13839349668" visible="true" version="1" changeset="182778259" timestamp="2026-05-17T11:05:33Z" user="km2bp" uid="3610826" lat="36.7705443" lon="-4.7099643"/>
 <node id="13839349669" visible="true" version="1" changeset="182778259" timestamp="2026-05-17T11:05:33Z" user="km2bp" uid="3610826" lat="36.7705589" lon="-4.7099640"/>
 <node id="13839349670" visible="true" version="1" changeset="182778259" timestamp="2026-05-17T11:05:33Z" user="km2bp" uid="3610826" lat="36.7705731" lon="-4.7099679"/>
 <node id="13839349671" visible="true" version="1" changeset="182778259" timestamp="2026-05-17T11:05:33Z" user="km2bp" uid="3610826" lat="36.7705862" lon="-4.7099758"/>
 <node id="13839349672" visible="true" version="1" changeset="182778259" timestamp="2026-05-17T11:05:33Z" user="km2bp" uid="3610826" lat="36.7705975" lon="-4.7099873"/>
 <node id="13839349673" visible="true" version="1" changeset="182778259" timestamp="2026-05-17T11:05:33Z" user="km2bp" uid="3610826" lat="36.7706063" lon="-4.7100018"/>
 <node id="13839349674" visible="true" version="1" changeset="182778259" timestamp="2026-05-17T11:05:33Z" user="km2bp" uid="3610826" lat="36.7706122" lon="-4.7100184"/>
 <node id="13839349675" visible="true" version="1" changeset="182778259" timestamp="2026-05-17T11:05:33Z" user="km2bp" uid="3610826" lat="36.7706148" lon="-4.7100363"/>
 <node id="13839349676" visible="true" version="1" changeset="182778259" timestamp="2026-05-17T11:05:33Z" user="km2bp" uid="3610826" lat="36.7706141" lon="-4.7100545"/>
 <node id="13839349677" visible="true" version="1" changeset="182778259" timestamp="2026-05-17T11:05:33Z" user="km2bp" uid="3610826" lat="36.7706099" lon="-4.7100719"/>
 <node id="14061425390" visible="true" version="1" changeset="186641077" timestamp="2026-07-30T12:17:54Z" user="Palary" uid="20415443" lat="36.7711566" lon="-4.7091008"/>
 <node id="14102493566" visible="true" version="1" changeset="187625936" timestamp="2026-08-18T08:28:36Z" user="MaskaevaMBx" uid="23544099" lat="36.7718053" lon="-4.7088822"/>
 <node id="14102493567" visible="true" version="1" changeset="187625936" timestamp="2026-08-18T08:28:36Z" user="MaskaevaMBx" uid="23544099" lat="36.7718619" lon="-4.7087189"/>
 <node id="14102493568" visible="true" version="1" changeset="187625936" timestamp="2026-08-18T08:28:36Z" user="MaskaevaMBx" uid="23544099" lat="36.7712443" lon="-4.7083199"/>
 <node id="14102493569" visible="true" version="1" changeset="187625936" timestamp="2026-08-18T08:28:36Z" user="MaskaevaMBx" uid="23544099" lat="36.7711096" lon="-4.7082368"/>
 <node id="14102493570" visible="true" version="1" changeset="187625936" timestamp="2026-08-18T08:28:36Z" user="MaskaevaMBx" uid="23544099" lat="36.7712056" lon="-4.7085088"/>
 <node id="14102493571" visible="true" version="1" changeset="187625936" timestamp="2026-08-18T08:28:36Z" user="MaskaevaMBx" uid="23544099" lat="36.7711872" lon="-4.7084610"/>
 <node id="14221226120" visible="true" version="1" changeset="189613725" timestamp="2026-09-27T05:47:17Z" user="horstsun" uid="685410" lat="36.7716391" lon="-4.7052847"/>
 <node id="14221226121" visible="true" version="1" changeset="189613725" timestamp="2026-09-27T05:47:17Z" user="horstsun" uid="685410" lat="36.7719976" lon="-4.7052483"/>
 <node id="14221226122" visible="true" version="1" changeset="189613725" timestamp="2026-09-27T05:47:17Z" user="horstsun" uid="685410" lat="36.7722577" lon="-4.7055269"/>
 <node id="14221226123" visible="true" version="1" changeset="189613725" timestamp="2026-09-27T05:47:17Z" user="horstsun" uid="685410" lat="36.7726093" lon="-4.7058777"/>
 <node id="14221226124" visible="true" version="1" changeset="189613725" timestamp="2026-09-27T05:47:17Z" user="horstsun" uid="685410" lat="36.7730406" lon="-4.7063402"/>
 <node id="14221226125" visible="true" version="1" changeset="189613725" timestamp="2026-09-27T05:47:17Z" user="horstsun" uid="685410" lat="36.7735202" lon="-4.7066108"/>
 <node id="14221226133" visible="true" version="1" changeset="189613725" timestamp="2026-09-27T05:47:17Z" user="horstsun" uid="685410" lat="36.7726661" lon="-4.7071071"/>
 <node id="14221226134" visible="true" version="1" changeset="189613725" timestamp="2026-09-27T05:47:17Z" user="horstsun" uid="685410" lat="36.7726727" lon="-4.7068570"/>
 <node id="14221226135" visible="true" version="1" changeset="189613725" timestamp="2026-09-27T05:47:17Z" user="horstsun" uid="685410" lat="36.7725376" lon="-4.7068514"/>
 <node id="14221226136" visible="true" version="1" changeset="189613725" timestamp="2026-09-27T05:47:17Z" user="horstsun" uid="685410" lat="36.7725332" lon="-4.7070168"/>
 <node id="14221226137" visible="true" version="1" changeset="189613725" timestamp="2026-09-27T05:47:17Z" user="horstsun" uid="685410" lat="36.7725579" lon="-4.7070179"/>
 <node id="14221226138" visible="true" version="1" changeset="189613725" timestamp="2026-09-27T05:47:17Z" user="horstsun" uid="685410" lat="36.7725556" lon="-4.7071025"/>
 <node id="14221226139" visible="true" version="1" changeset="189613725" timestamp="2026-09-27T05:47:17Z" user="horstsun" uid="685410" lat="36.7729280" lon="-4.7070318"/>
 <node id="14221226140" visible="true" version="1" changeset="189613725" timestamp="2026-09-27T05:47:17Z" user="horstsun" uid="685410" lat="36.7729406" lon="-4.7069689"/>
 <node id="14221226141" visible="true" version="1" changeset="189613725" timestamp="2026-09-27T05:47:17Z" user="horstsun" uid="685410" lat="36.7728423" lon="-4.7069380"/>
 <node id="14221226142" visible="true" version="1" changeset="189613725" timestamp="2026-09-27T05:47:17Z" user="horstsun" uid="685410" lat="36.7728296" lon="-4.7070009"/>
 <node id="14221226143" visible="true" version="1" changeset="189613725" timestamp="2026-09-27T05:47:17Z" user="horstsun" uid="685410" lat="36.7728547" lon="-4.7061830"/>
 <node id="14221226144" visible="true" version="1" changeset="189613725" timestamp="2026-09-27T05:47:17Z" user="horstsun" uid="685410" lat="36.7728139" lon="-4.7063365"/>
 <node id="14221226145" visible="true" version="1" changeset="189613725" timestamp="2026-09-27T05:47:17Z" user="horstsun" uid="685410" lat="36.7727208" lon="-4.7063570"/>
 <node id="14221226146" visible="true" version="1" changeset="189613725" timestamp="2026-09-27T05:47:17Z" user="horstsun" uid="685410" lat="36.7726246" lon="-4.7064649"/>
 <node id="14221226147" visible="true" version="1" changeset="189613725" timestamp="2026-09-27T05:47:17Z" user="horstsun" uid="685410" lat="36.7725680" lon="-4.7065903"/>
 <node id="14221226148" visible="true" version="1" changeset="189613725" timestamp="2026-09-27T05:47:17Z" user="horstsun" uid="685410" lat="36.7725643" lon="-4.7066641"/>
 <node id="14221226149" visible="true" version="1" changeset="189613725" timestamp="2026-09-27T05:47:17Z" user="horstsun" uid="685410" lat="36.7725820" lon="-4.7068198"/>
 <node id="14221226150" visible="true" version="1" changeset="189613725" timestamp="2026-09-27T05:47:17Z" user="horstsun" uid="685410" lat="36.7731244" lon="-4.7065440"/>
 <node id="14221226151" visible="true" version="1" changeset="189613725" timestamp="2026-09-27T05:47:17Z" user="horstsun" uid="685410" lat="36.7730501" lon="-4.7064490"/>
 <node id="14221226152" visible="true" version="1" changeset="189613725" timestamp="2026-09-27T05:47:17Z" user="horstsun" uid="685410" lat="36.7730032" lon="-4.7063342"/>
 <node id="14221226153" visible="true" version="1" changeset="189613725" timestamp="2026-09-27T05:47:17Z" user="horstsun" uid="685410" lat="36.7729570" lon="-4.7061640"/>
 <node id="14221226154" visible="true" version="1" changeset="189613725" timestamp="2026-09-27T05:47:17Z" user="horstsun" uid="685410" lat="36.7728017" lon="-4.7060888"/>
 <node id="14221226155" visible="true" version="1" changeset="189613725" timestamp="2026-09-27T05:47:17Z" user="horstsun" uid="685410" lat="36.7727609" lon="-4.7062818"/>
 <node id="14221226156" visible="true" version="1" changeset="189613725" timestamp="2026-09-27T05:47:17Z" user="horstsun" uid="685410" lat="36.7726033" lon="-4.7063289"/>
 <node id="14221226157" visible="true" version="1" changeset="189613725" timestamp="2026-09-27T05:47:17Z" user="horstsun" uid="685410" lat="36.7724968" lon="-4.7065037"/>
 <node id="14221226158" visible="true" version="1" changeset="189613725" timestamp="2026-09-27T05:47:17Z" user="horstsun" uid="685410" lat="36.7724578" lon="-4.7069095"/>
 <node id="14221226159" visible="true" version="1" changeset="189613725" timestamp="2026-09-27T05:47:17Z" user="horstsun" uid="685410" lat="36.7723994" lon="-4.7070190"/>
 <node id="14221226160" visible="true" version="1" changeset="189613725" timestamp="2026-09-27T05:47:17Z" user="horstsun" uid="685410" lat="36.7724000" lon="-4.7071261"/>
 <node id="14221226161" visible="true" version="1" changeset="189613725" timestamp="2026-09-27T05:47:17Z" user="horstsun" uid="685410" lat="36.7724359" lon="-4.7071953"/>
 <node id="14221226162" visible="true" version="1" changeset="189613725" timestamp="2026-09-27T05:47:17Z" user="horstsun" uid="685410" lat="36.7725065" lon="-4.7072295"/>
 <node id="14221226163" visible="true" version="1" changeset="189613725" timestamp="2026-09-27T05:47:17Z" user="horstsun" uid="685410" lat="36.7725862" lon="-4.7072158"/>
 <node id="14221226164" visible="true" version="1" changeset="189613725" timestamp="2026-09-27T05:47:17Z" user="horstsun" uid="685410" lat="36.7726733" lon="-4.7071444"/>
 <node id="14221226165" visible="true" version="1" changeset="189613725" timestamp="2026-09-27T05:47:17Z" user="horstsun" uid="685410" lat="36.7727555" lon="-4.7071170"/>
 <node id="14221226166" visible="true" version="1" changeset="189613725" timestamp="2026-09-27T05:47:17Z" user="horstsun" uid="685410" lat="36.7730933" lon="-4.7072044"/>
 <node id="14221231311" visible="true" version="1" changeset="189613924" timestamp="2026-09-27T05:55:07Z" user="horstsun" uid="685410" lat="36.7724668" lon="-4.7085966"/>
 <node id="14221231312" visible="true" version="1" changeset="189613924" timestamp="2026-09-27T05:55:07Z" user="horstsun" uid="685410" lat="36.7725088" lon="-4.7086665"/>
 <node id="14221231313" visible="true" version="1" changeset="189613924" timestamp="2026-09-27T05:55:07Z" user="horstsun" uid="685410" lat="36.7725240" lon="-4.7088497"/>
 <node id="14221231314" visible="true" version="1" changeset="189613924" timestamp="2026-09-27T05:55:07Z" user="horstsun" uid="685410" lat="36.7724747" lon="-4.7093938"/>
 <node id="14221231315" visible="true" version="1" changeset="189613924" timestamp="2026-09-27T05:55:07Z" user="horstsun" uid="685410" lat="36.7724661" lon="-4.7094933"/>
 <node id="14221231316" visible="true" version="1" changeset="189613924" timestamp="2026-09-27T05:55:07Z" user="horstsun" uid="685410" lat="36.7724771" lon="-4.7095329"/>
 <node id="14221231317" visible="true" version="1" changeset="189613924" timestamp="2026-09-27T05:55:07Z" user="horstsun" uid="685410" lat="36.7725069" lon="-4.7095511"/>
 <node id="14221231318" visible="true" version="1" changeset="189613924" timestamp="2026-09-27T05:55:07Z" user="horstsun" uid="685410" lat="36.7725386" lon="-4.7095344"/>
 <node id="14221231319" visible="true" version="1" changeset="189613924" timestamp="2026-09-27T05:55:07Z" user="horstsun" uid="685410" lat="36.7725842" lon="-4.7091559"/>
 <node id="14221231320" visible="true" version="1" changeset="189613924" timestamp="2026-09-27T05:55:07Z" user="horstsun" uid="685410" lat="36.7726609" lon="-4.7088535"/>
 <node id="14221231321" visible="true" version="1" changeset="189613924" timestamp="2026-09-27T05:55:07Z" user="horstsun" uid="685410" lat="36.7728454" lon="-4.7084119"/>
 <node id="14221231322" visible="true" version="1" changeset="189613924" timestamp="2026-09-27T05:55:07Z" user="horstsun" uid="685410" lat="36.7728777" lon="-4.7082554"/>
 <node id="14221231323" visible="true" version="1" changeset="189613924" timestamp="2026-09-27T05:55:07Z" user="horstsun" uid="685410" lat="36.7728710" lon="-4.7078518"/>
 <node id="14221231324" visible="true" version="1" changeset="189613924" timestamp="2026-09-27T05:55:07Z" user="horstsun" uid="685410" lat="36.7728740" lon="-4.7077994"/>
 <node id="14221231325" visible="true" version="1" changeset="189613924" timestamp="2026-09-27T05:55:07Z" user="horstsun" uid="685410" lat="36.7728971" lon="-4.7077728"/>
 <node id="14221231326" visible="true" version="1" changeset="189613924" timestamp="2026-09-27T05:55:07Z" user="horstsun" uid="685410" lat="36.7729470" lon="-4.7077690"/>
 <node id="14221231327" visible="true" version="1" changeset="189613924" timestamp="2026-09-27T05:55:07Z" user="horstsun" uid="685410" lat="36.7731735" lon="-4.7079499"/>
 <node id="14221231328" visible="true" version="1" changeset="189613924" timestamp="2026-09-27T05:55:07Z" user="horstsun" uid="685410" lat="36.7734876" lon="-4.7081323"/>
 <node id="14221231329" visible="true" version="1" changeset="189613924" timestamp="2026-09-27T05:55:07Z" user="horstsun" uid="685410" lat="36.7736002" lon="-4.7081497"/>
 <way id="29021033" visible="true" version="47" changeset="136370658" timestamp="2023-05-21T12:38:34Z" user="Hugoren Martinako" uid="3392826">
  <nd ref="2303118854"/>
  <nd ref="1163266080"/>
  <nd ref="2303118853"/>
  <nd ref="1910201748"/>
  <nd ref="1166262945"/>
  <nd ref="1163265192"/>
  <nd ref="1163264064"/>
  <nd ref="1166262827"/>
  <nd ref="4538375094"/>
  <nd ref="1163264559"/>
  <nd ref="1166262849"/>
  <nd ref="1163263246"/>
  <nd ref="1166262800"/>
  <nd ref="4210031682"/>
  <nd ref="1166262782"/>
  <nd ref="4210031660"/>
  <nd ref="1163261988"/>
  <nd ref="4538375093"/>
  <nd ref="4210040906"/>
  <nd ref="4210040891"/>
  <nd ref="1163264913"/>
  <nd ref="1163265498"/>
  <nd ref="4210040905"/>
  <nd ref="4210031683"/>
  <nd ref="2297984499"/>
  <nd ref="4210040904"/>
  <nd ref="4210031661"/>
  <nd ref="4202516090"/>
  <nd ref="1163264267"/>
  <nd ref="2297984498"/>
  <nd ref="4202494388"/>
  <nd ref="4210040907"/>
  <nd ref="1166262991"/>
  <nd ref="4538375091"/>
  <nd ref="1163262790"/>
  <nd ref="4488027399"/>
  <nd ref="1163265969"/>
  <nd ref="1163264823"/>
  <nd ref="4210031667"/>
  <nd ref="1166263043"/>
  <nd ref="4210055497"/>
  <nd ref="1163263580"/>
  <nd ref="4210040901"/>
  <nd ref="1166262910"/>
  <nd ref="4210040899"/>
  <nd ref="1163262187"/>
  <nd ref="4210031646"/>
  <nd ref="4210031644"/>
  <nd ref="1166262895"/>
  <nd ref="1166262839"/>
  <nd ref="4210031671"/>
  <nd ref="4210031678"/>
  <nd ref="1166262973"/>
  <nd ref="1166262795"/>
  <nd ref="4210031680"/>
  <nd ref="4210031665"/>
  <nd ref="1163265822"/>
  <nd ref="4538375090"/>
  <nd ref="4210031664"/>
  <nd ref="4210031679"/>
  <nd ref="501584839"/>
  <nd ref="1166263031"/>
  <nd ref="501584840"/>
  <nd ref="4210031676"/>
  <nd ref="501584841"/>
  <nd ref="895882214"/>
  <nd ref="4210031687"/>
  <nd ref="895881862"/>
  <nd ref="895882490"/>
  <nd ref="501584842"/>
  <nd ref="895882171"/>
  <nd ref="501584843"/>
  <nd ref="501584844"/>
  <nd ref="1166262881"/>
  <nd ref="501584845"/>
  <nd ref="4210040896"/>
  <nd ref="501584847"/>
  <nd ref="1166262958"/>
  <nd ref="501584848"/>
  <nd ref="4538375089"/>
  <nd ref="4210040902"/>
  <nd ref="4538374988"/>
  <nd ref="1163265150"/>
  <nd ref="501584850"/>
  <nd ref="4538374987"/>
  <nd ref="501584851"/>
  <nd ref="4538374986"/>
  <nd ref="1166262828"/>
  <nd ref="4538374985"/>
  <nd ref="501584852"/>
  <nd ref="501584853"/>
  <nd ref="4538374984"/>
  <nd ref="9930294174"/>
  <nd ref="501584854"/>
  <nd ref="4538374983"/>
  <nd ref="4538374982"/>
  <nd ref="501584855"/>
  <nd ref="4538374981"/>
  <nd ref="501584856"/>
  <nd ref="1166262858"/>
  <nd ref="501584858"/>
  <nd ref="4538374980"/>
  <nd ref="1166262786"/>
  <nd ref="4538374979"/>
  <nd ref="501584859"/>
  <nd ref="4258354890"/>
  <nd ref="501584860"/>
  <nd ref="4538374978"/>
  <nd ref="1166262803"/>
  <nd ref="501584861"/>
  <nd ref="4538374977"/>
  <nd ref="501584862"/>
  <nd ref="501584863"/>
  <nd ref="4538374976"/>
  <nd ref="501584864"/>
  <nd ref="4538374975"/>
  <nd ref="501584866"/>
  <nd ref="1166262835"/>
  <nd ref="4538374974"/>
  <nd ref="501584867"/>
  <nd ref="4538374973"/>
  <nd ref="4538374972"/>
  <nd ref="501584868"/>
  <nd ref="4538374971"/>
  <nd ref="4538374970"/>
  <nd ref="501584869"/>
  <nd ref="4538374969"/>
  <nd ref="4538374968"/>
  <nd ref="501584870"/>
  <nd ref="4538374967"/>
  <nd ref="4538374966"/>
  <nd ref="4538374965"/>
  <nd ref="501584871"/>
  <nd ref="4538374964"/>
  <nd ref="501584872"/>
  <nd ref="895881943"/>
  <nd ref="895882305"/>
  <nd ref="895882437"/>
  <nd ref="501584874"/>
  <nd ref="501584875"/>
  <nd ref="4538374963"/>
  <nd ref="4538374962"/>
  <nd ref="501584876"/>
  <nd ref="1166263036"/>
  <nd ref="4538374961"/>
  <nd ref="4379627680"/>
  <nd ref="501584877"/>
  <nd ref="4538374960"/>
  <nd ref="1166262792"/>
  <nd ref="501584878"/>
  <nd ref="4192715696"/>
  <nd ref="4258060814"/>
  <nd ref="4258060808"/>
  <nd ref="501584879"/>
  <nd ref="4538374958"/>
  <nd ref="4538374957"/>
  <nd ref="501584880"/>
  <nd ref="4538374956"/>
  <nd ref="1166262970"/>
  <nd ref="4538374955"/>
  <nd ref="501584882"/>
  <nd ref="1166263004"/>
  <nd ref="501584883"/>
  <nd ref="501584884"/>
  <nd ref="501584885"/>
  <nd ref="1166262865"/>
  <nd ref="2815328184"/>
  <nd ref="501584886"/>
  <nd ref="4072091436"/>
  <nd ref="2978294871"/>
  <nd ref="2815328178"/>
  <nd ref="501584887"/>
  <nd ref="4258060725"/>
  <nd ref="4258060728"/>
  <nd ref="1166262933"/>
  <nd ref="4258060736"/>
  <nd ref="501584888"/>
  <nd ref="501584890"/>
  <nd ref="4258060721"/>
  <nd ref="501584891"/>
  <nd ref="4538374954"/>
  <nd ref="501584892"/>
  <nd ref="4156434068"/>
  <nd ref="4156434066"/>
  <nd ref="4156434062"/>
  <nd ref="4156434037"/>
  <nd ref="501584893"/>
  <nd ref="4156433998"/>
  <nd ref="4156433993"/>
  <nd ref="501584894"/>
  <nd ref="1166262979"/>
  <nd ref="1166262923"/>
  <nd ref="501584895"/>
  <nd ref="1166262771"/>
  <nd ref="1166262846"/>
  <nd ref="1166262812"/>
  <nd ref="4156433935"/>
  <nd ref="501584896"/>
  <nd ref="4538374953"/>
  <nd ref="501584897"/>
  <nd ref="4538374952"/>
  <nd ref="501584899"/>
  <nd ref="1166262817"/>
  <nd ref="501584900"/>
  <nd ref="1166263016"/>
  <nd ref="4538374951"/>
  <nd ref="4538374950"/>
  <nd ref="501584901"/>
  <nd ref="4538374949"/>
  <nd ref="501584902"/>
  <nd ref="501584903"/>
  <nd ref="1166262984"/>
  <nd ref="4158346744"/>
  <nd ref="4158346742"/>
  <nd ref="501584904"/>
  <nd ref="1166262939"/>
  <nd ref="501584905"/>
  <nd ref="1166262777"/>
  <nd ref="2815347983"/>
  <nd ref="501584906"/>
  <nd ref="1166262875"/>
  <nd ref="501584907"/>
  <nd ref="1166262954"/>
  <nd ref="501584909"/>
  <nd ref="501584911"/>
  <nd ref="501584912"/>
  <nd ref="4379627628"/>
  <nd ref="501584913"/>
  <nd ref="4538374936"/>
  <nd ref="501584914"/>
  <nd ref="4538374935"/>
  <nd ref="501584916"/>
  <nd ref="4538374934"/>
  <nd ref="501584917"/>
  <nd ref="4538374933"/>
  <nd ref="501584918"/>
  <nd ref="4539676287"/>
  <nd ref="4539676288"/>
  <nd ref="4539676292"/>
  <nd ref="4539676289"/>
  <nd ref="501584919"/>
  <nd ref="4539665076"/>
  <nd ref="501584920"/>
  <nd ref="4538374932"/>
  <nd ref="4538374931"/>
  <nd ref="501584921"/>
  <nd ref="4538374930"/>
  <nd ref="501584922"/>
  <nd ref="501584924"/>
  <nd ref="501584925"/>
  <nd ref="501584926"/>
  <nd ref="501584927"/>
  <nd ref="501584928"/>
  <nd ref="501584929"/>
  <nd ref="501584931"/>
  <nd ref="4538374929"/>
  <nd ref="501584932"/>
  <nd ref="501584934"/>
  <nd ref="501584936"/>
  <nd ref="501584937"/>
  <nd ref="501584938"/>
  <nd ref="501584939"/>
  <nd ref="501584941"/>
  <nd ref="501584942"/>
  <nd ref="4538374919"/>
  <tag k="name" v="Río Guadalhorce"/>
  <tag k="source" v="yahoo + IDEE.es"/>
  <tag k="waterway" v="river"/>
 </way>
 <way id="75901630" visible="true" version="6" changeset="56624761" timestamp="2018-02-23T23:52:27Z" user="alan_gr" uid="5307206">
  <nd ref="1079135055"/>
  <nd ref="2506201987"/>
  <nd ref="1079135580"/>
  <nd ref="1079134505"/>
  <nd ref="2506201986"/>
  <nd ref="2506201985"/>
  <nd ref="1079135313"/>
  <nd ref="2506201989"/>
  <nd ref="2506201988"/>
  <nd ref="1079134010"/>
  <tag k="highway" v="residential"/>
  <tag k="name" v="Calle la Jara"/>
 </way>
 <way id="75901631" visible="true" version="8" changeset="143261319" timestamp="2023-10-28T13:11:51Z" user="JJJWegdam" uid="1758654">
  <nd ref="895881859"/>
  <nd ref="895881750"/>
  <nd ref="895882314"/>
  <nd ref="895882364"/>
  <tag k="bridge" v="yes"/>
  <tag k="electrified" v="contact_line"/>
  <tag k="frequency" v="0"/>
  <tag k="gauge" v="1668"/>
  <tag k="layer" v="1"/>
  <tag k="maxspeed" v="160"/>
  <tag k="name" v="FFCC Córdoba - Málaga"/>
  <tag k="name:de" v="Bahnstrecke Córdoba - Málaga"/>
  <tag k="operator" v="Adif"/>
  <tag k="railway" v="rail"/>
  <tag k="railway:asfa" v="yes"/>
  <tag k="ref" v="430"/>
  <tag k="tracks" v="1"/>
  <tag k="usage" v="main"/>
  <tag k="voltage" v="3000"/>
 </way>
 <way id="75901632" visible="true" version="2" changeset="56624761" timestamp="2018-02-23T23:52:27Z" user="alan_gr" uid="5307206">
  <nd ref="895881566"/>
  <nd ref="895881981"/>
  <tag k="highway" v="residential"/>
  <tag k="name" v="Calle La Peña"/>
 </way>
 <way id="75901633" visible="true" version="2" changeset="19969704" timestamp="2014-01-13T11:15:41Z" user="Leonardo Velasco" uid="241061">
  <nd ref="895882354"/>
  <nd ref="895882163"/>
  <nd ref="895881825"/>
  <nd ref="895881776"/>
  <nd ref="895882449"/>
  <nd ref="895882148"/>
  <tag k="highway" v="residential"/>
  <tag k="name" v="Calle Antonio Machado"/>
 </way>
 <way id="75901634" visible="true" version="6" changeset="19970248" timestamp="2014-01-13T11:46:39Z" user="Leonardo Velasco" uid="241061">
  <nd ref="895882485"/>
  <nd ref="2538854570"/>
  <nd ref="895881962"/>
  <nd ref="2506193400"/>
  <nd ref="2506193394"/>
  <nd ref="895881808"/>
  <nd ref="2506193384"/>
  <nd ref="2506193376"/>
  <tag k="highway" v="tertiary"/>
  <tag k="name" v="Calle Francisco Rosas"/>
 </way>
 <way id="75901635" visible="true" version="4" changeset="56624761" timestamp="2018-02-23T23:52:27Z" user="alan_gr" uid="5307206">
  <nd ref="895882001"/>
  <nd ref="895882161"/>
  <nd ref="895881798"/>
  <nd ref="895882266"/>
  <nd ref="895881771"/>
  <nd ref="895882165"/>
  <tag k="highway" v="residential"/>
  <tag k="name" v="Pasaje de Jerez"/>
  <tag k="oneway" v="yes"/>
 </way>
 <way id="75901636" visible="true" version="3" changeset="56624761" timestamp="2018-02-23T23:52:27Z" user="alan_gr" uid="5307206">
  <nd ref="895881866"/>
  <nd ref="895882462"/>
  <nd ref="895882333"/>
  <nd ref="895881784"/>
  <nd ref="895882397"/>
  <nd ref="2178823768"/>
  <tag k="highway" v="residential"/>
  <tag k="name" v="Calle Salud"/>
 </way>
 <way id="75901637" visible="true" version="8" changeset="143261319" timestamp="2023-10-28T13:11:51Z" user="JJJWegdam" uid="1758654">
  <nd ref="895881612"/>
  <nd ref="895881745"/>
  <nd ref="895881803"/>
  <nd ref="7567516178"/>
  <nd ref="895882346"/>
  <nd ref="895881960"/>
  <nd ref="895882111"/>
  <nd ref="895881748"/>
  <tag k="electrified" v="contact_line"/>
  <tag k="frequency" v="0"/>
  <tag k="gauge" v="1668"/>
  <tag k="maxspeed" v="160"/>
  <tag k="name" v="FFCC Córdoba - Málaga"/>
  <tag k="name:de" v="Bahnstrecke Córdoba - Málaga"/>
  <tag k="operator" v="Adif"/>
  <tag k="railway" v="rail"/>
  <tag k="railway:asfa" v="yes"/>
  <tag k="ref" v="430"/>
  <tag k="usage" v="main"/>
  <tag k="voltage" v="3000"/>
 </way>
 <way id="75901640" visible="true" version="3" changeset="163752304" timestamp="2025-03-17T22:15:59Z" user="kapazao" uid="7543375">
  <nd ref="895881563"/>
  <nd ref="353286897"/>
  <tag k="bridge" v="yes"/>
  <tag k="highway" v="secondary"/>
  <tag k="lanes" v="2"/>
  <tag k="lanes:backward" v="1"/>
  <tag k="lanes:forward" v="1"/>
  <tag k="layer" v="1"/>
  <tag k="name" v="Carretera de Antequera a Zalea"/>
  <tag k="ref" v="A-343"/>
  <tag k="surface" v="asphalt"/>
 </way>
 <way id="75901641" visible="true" version="2" changeset="56624761" timestamp="2018-02-23T23:52:27Z" user="alan_gr" uid="5307206">
  <nd ref="895882397"/>
  <nd ref="895881887"/>
  <tag k="highway" v="residential"/>
  <tag k="name" v="Calle Confianza"/>
 </way>
 <way id="75901643" visible="true" version="8" changeset="189562667" timestamp="2026-09-25T20:56:36Z" user="UNKNOWN2893757" uid="226908">
  <nd ref="895882467"/>
  <nd ref="895881722"/>
  <nd ref="2621996970"/>
  <nd ref="895882419"/>
  <nd ref="2620921030"/>
  <nd ref="2506193401"/>
  <nd ref="2620920987"/>
  <nd ref="2506193403"/>
  <nd ref="895881635"/>
  <tag k="highway" v="residential"/>
  <tag k="name" v="Calle Blas Infante"/>
  <tag k="name:etymology:wikidata" v="Q560588"/>
 </way>
 <way id="75901645" visible="true" version="3" changeset="189556803" timestamp="2026-09-25T17:55:43Z" user="UNKNOWN2893757" uid="226908">
  <nd ref="895881967"/>
  <nd ref="895881607"/>
  <nd ref="895881825"/>
  <nd ref="895881678"/>
  <nd ref="895881542"/>
  <nd ref="895882181"/>
  <tag k="highway" v="residential"/>
  <tag k="name" v="Calle Miguel Hernández"/>
  <tag k="name:etymology:wikidata" v="Q332088"/>
 </way>
 <way id="75901646" visible="true" version="7" changeset="143261319" timestamp="2023-10-28T13:11:51Z" user="JJJWegdam" uid="1758654">
  <nd ref="895881748"/>
  <nd ref="895881902"/>
  <tag k="bridge" v="yes"/>
  <tag k="electrified" v="contact_line"/>
  <tag k="frequency" v="0"/>
  <tag k="gauge" v="1668"/>
  <tag k="maxspeed" v="160"/>
  <tag k="name" v="FFCC Córdoba - Málaga"/>
  <tag k="name:de" v="Bahnstrecke Córdoba - Málaga"/>
  <tag k="operator" v="Adif"/>
  <tag k="railway" v="rail"/>
  <tag k="railway:asfa" v="yes"/>
  <tag k="ref" v="430"/>
  <tag k="tracks" v="1"/>
  <tag k="usage" v="main"/>
  <tag k="voltage" v="3000"/>
 </way>
 <way id="75901649" visible="true" version="6" changeset="163752304" timestamp="2025-03-17T22:15:59Z" user="kapazao" uid="7543375">
  <nd ref="895882352"/>
  <nd ref="4375928620"/>
  <nd ref="353286903"/>
  <nd ref="895882045"/>
  <nd ref="895882367"/>
  <nd ref="353286904"/>
  <nd ref="11401448798"/>
  <nd ref="353286907"/>
  <nd ref="895882150"/>
  <nd ref="353286908"/>
  <nd ref="353286909"/>
  <nd ref="895881737"/>
  <nd ref="895881893"/>
  <nd ref="353286911"/>
  <nd ref="12674314747"/>
  <nd ref="353286912"/>
  <tag k="highway" v="secondary"/>
  <tag k="lanes" v="2"/>
  <tag k="lanes:backward" v="1"/>
  <tag k="lanes:forward" v="1"/>
  <tag k="name" v="Carretera de Antequera a Zalea"/>
  <tag k="ref" v="A-343"/>
  <tag k="surface" v="asphalt"/>
 </way>
 <way id="75901652" visible="true" version="2" changeset="56624761" timestamp="2018-02-23T23:52:27Z" user="alan_gr" uid="5307206">
  <nd ref="895881914"/>
  <nd ref="895882435"/>
  <tag k="highway" v="residential"/>
  <tag k="name" v="Calle Real"/>
 </way>
 <way id="75901653" visible="true" version="8" changeset="163342782" timestamp="2025-03-07T20:30:41Z" user="Peri3" uid="14595185">
  <nd ref="1079135880"/>
  <nd ref="1079135022"/>
  <nd ref="2506193442"/>
  <nd ref="2506193441"/>
  <nd ref="12644112502"/>
  <nd ref="12644108697"/>
  <tag k="highway" v="residential"/>
  <tag k="name" v="Calle Gibralmora"/>
 </way>
 <way id="75901654" visible="true" version="2" changeset="56624761" timestamp="2018-02-23T23:52:27Z" user="alan_gr" uid="5307206">
  <nd ref="895881599"/>
  <nd ref="895882040"/>
  <tag k="highway" v="residential"/>
  <tag k="name" v="Calle Rodríguez de la Fuente"/>
 </way>
 <way id="75901655" visible="true" version="8" changeset="143261319" timestamp="2023-10-28T13:11:51Z" user="JJJWegdam" uid="1758654">
  <nd ref="895882007"/>
  <nd ref="895881612"/>
  <tag k="bridge" v="yes"/>
  <tag k="electrified" v="contact_line"/>
  <tag k="frequency" v="0"/>
  <tag k="gauge" v="1668"/>
  <tag k="layer" v="1"/>
  <tag k="maxspeed" v="160"/>
  <tag k="name" v="FFCC Córdoba - Málaga"/>
  <tag k="name:de" v="Bahnstrecke Córdoba - Málaga"/>
  <tag k="operator" v="Adif"/>
  <tag k="railway" v="rail"/>
  <tag k="railway:asfa" v="yes"/>
  <tag k="ref" v="430"/>
  <tag k="usage" v="main"/>
  <tag k="voltage" v="3000"/>
 </way>
 <way id="75901658" visible="true" version="6" changeset="189558353" timestamp="2026-09-25T18:36:37Z" user="UNKNOWN2893757" uid="226908">
  <nd ref="895882086"/>
  <nd ref="895882469"/>
  <nd ref="895881678"/>
  <nd ref="6271710664"/>
  <nd ref="895882365"/>
  <tag k="highway" v="residential"/>
  <tag k="name" v="Avenida de la Constitución"/>
  <tag k="name:etymology:wikidata" v="Q847664"/>
 </way>
 <way id="75901660" visible="true" version="6" changeset="163752304" timestamp="2025-03-17T22:15:59Z" user="kapazao" uid="7543375">
  <nd ref="895881828"/>
  <nd ref="895882415"/>
  <nd ref="895882311"/>
  <nd ref="895881740"/>
  <nd ref="895882001"/>
  <nd ref="2506199499"/>
  <nd ref="895882476"/>
  <nd ref="895881947"/>
  <nd ref="895881980"/>
  <nd ref="895882328"/>
  <nd ref="895882188"/>
  <tag k="highway" v="tertiary"/>
  <tag k="name" v="Avenida de la Fuensanta"/>
 </way>
 <way id="75901661" visible="true" version="4" changeset="189413636" timestamp="2026-09-22T18:02:40Z" user="UNKNOWN2893757" uid="226908">
  <nd ref="895882268"/>
  <nd ref="895881935"/>
  <nd ref="895882343"/>
  <nd ref="895882289"/>
  <nd ref="895882140"/>
  <nd ref="895882120"/>
  <nd ref="895882148"/>
  <nd ref="895882331"/>
  <nd ref="895882086"/>
  <nd ref="895882425"/>
  <nd ref="895881578"/>
  <nd ref="895882452"/>
  <nd ref="895882181"/>
  <nd ref="895882025"/>
  <nd ref="895882363"/>
  <nd ref="895882229"/>
  <tag k="highway" v="residential"/>
  <tag k="name" v="Calle Juan Ramón Jiménez"/>
  <tag k="name:etymology:wikidata" v="Q131318"/>
 </way>
 <way id="75901662" visible="true" version="3" changeset="144044829" timestamp="2023-11-15T10:09:01Z" user="kapazao_import" uid="8770019">
  <nd ref="895882163"/>
  <nd ref="895881967"/>
  <nd ref="895882270"/>
  <nd ref="895882343"/>
  <tag k="highway" v="residential"/>
  <tag k="name" v="Calle Vicente Aleixandre"/>
  <tag k="name:etymology:wikidata" v="Q134644"/>
 </way>
 <way id="75901665" visible="true" version="3" changeset="163752304" timestamp="2025-03-17T22:15:59Z" user="kapazao" uid="7543375">
  <nd ref="895881683"/>
  <nd ref="895882352"/>
  <tag k="bridge" v="yes"/>
  <tag k="highway" v="secondary"/>
  <tag k="lanes" v="2"/>
  <tag k="lanes:backward" v="1"/>
  <tag k="lanes:forward" v="1"/>
  <tag k="layer" v="1"/>
  <tag k="name" v="Carretera de Antequera a Zalea"/>
  <tag k="ref" v="A-343"/>
  <tag k="surface" v="asphalt"/>
 </way>
 <way id="75901669" visible="true" version="2" changeset="19987243" timestamp="2014-01-14T09:51:11Z" user="Leonardo Velasco" uid="241061">
  <nd ref="895881872"/>
  <nd ref="895881722"/>
  <tag k="highway" v="residential"/>
  <tag k="name" v="Calle Rodríguez de la Fuente"/>
 </way>
 <way id="75901670" visible="true" version="7" changeset="143261319" timestamp="2023-10-28T13:11:51Z" user="JJJWegdam" uid="1758654">
  <nd ref="895881902"/>
  <nd ref="895882417"/>
  <nd ref="895881684"/>
  <nd ref="895882249"/>
  <nd ref="895881864"/>
  <nd ref="895882388"/>
  <nd ref="895881610"/>
  <nd ref="895882216"/>
  <nd ref="895881821"/>
  <nd ref="895881963"/>
  <nd ref="895882492"/>
  <nd ref="895881859"/>
  <tag k="electrified" v="contact_line"/>
  <tag k="frequency" v="0"/>
  <tag k="gauge" v="1668"/>
  <tag k="maxspeed" v="160"/>
  <tag k="name" v="FFCC Córdoba - Málaga"/>
  <tag k="name:de" v="Bahnstrecke Córdoba - Málaga"/>
  <tag k="operator" v="Adif"/>
  <tag k="railway" v="rail"/>
  <tag k="railway:asfa" v="yes"/>
  <tag k="ref" v="430"/>
  <tag k="tracks" v="1"/>
  <tag k="usage" v="main"/>
  <tag k="voltage" v="3000"/>
 </way>
 <way id="75901671" visible="true" version="4" changeset="41808554" timestamp="2016-08-30T18:15:55Z" user="dpawlyk" uid="1719931">
  <nd ref="4375928614"/>
  <nd ref="895882090"/>
  <nd ref="4375928613"/>
  <nd ref="895881800"/>
  <nd ref="4375928622"/>
  <nd ref="895881866"/>
  <nd ref="895881887"/>
  <nd ref="4375929487"/>
  <nd ref="895882004"/>
  <nd ref="895881674"/>
  <nd ref="895882041"/>
  <nd ref="895881899"/>
  <nd ref="895882243"/>
  <nd ref="895882105"/>
  <nd ref="895882408"/>
  <tag k="highway" v="residential"/>
  <tag k="name" v="Calle Porvenir"/>
 </way>
 <way id="75901672" visible="true" version="3" changeset="163752304" timestamp="2025-03-17T22:15:59Z" user="kapazao" uid="7543375">
  <nd ref="353286897"/>
  <nd ref="895882173"/>
  <nd ref="895882020"/>
  <nd ref="353286899"/>
  <nd ref="4375928243"/>
  <nd ref="895881683"/>
  <tag k="highway" v="secondary"/>
  <tag k="lanes" v="2"/>
  <tag k="lanes:backward" v="1"/>
  <tag k="lanes:forward" v="1"/>
  <tag k="name" v="Carretera de Antequera a Zalea"/>
  <tag k="ref" v="A-343"/>
  <tag k="surface" v="asphalt"/>
 </way>
 <way id="75901673" visible="true" version="5" changeset="92640614" timestamp="2020-10-17T19:57:38Z" user="Begavil84" uid="1725439">
  <nd ref="895882069"/>
  <nd ref="895881566"/>
  <nd ref="895882320"/>
  <nd ref="895882043"/>
  <nd ref="895881707"/>
  <nd ref="895881536"/>
  <nd ref="895881978"/>
  <nd ref="4539696122"/>
  <nd ref="895882268"/>
  <tag k="highway" v="residential"/>
  <tag k="name" v="Calle Dámaso Alonso"/>
  <tag k="source" v="Catastro Spain 2016"/>
 </way>
 <way id="75901674" visible="true" version="2" changeset="19969704" timestamp="2014-01-13T11:15:41Z" user="Leonardo Velasco" uid="241061">
  <nd ref="895881775"/>
  <nd ref="895881542"/>
  <nd ref="895882212"/>
  <nd ref="895881701"/>
  <nd ref="895882425"/>
  <tag k="highway" v="residential"/>
  <tag k="name" v="Calle García Lorca"/>
 </way>
 <way id="75901676" visible="true" version="3" changeset="19969542" timestamp="2014-01-13T11:05:01Z" user="Leonardo Velasco" uid="241061">
  <nd ref="895882165"/>
  <nd ref="895882435"/>
  <nd ref="895882482"/>
  <nd ref="895882348"/>
  <nd ref="895881806"/>
  <nd ref="895881632"/>
  <nd ref="895882145"/>
  <nd ref="895882467"/>
  <nd ref="895881840"/>
  <nd ref="895881685"/>
  <tag k="highway" v="residential"/>
  <tag k="name" v="Calle Derechos Humanos"/>
 </way>
 <way id="75901678" visible="true" version="2" changeset="19969704" timestamp="2014-01-13T11:15:42Z" user="Leonardo Velasco" uid="241061">
  <nd ref="895881607"/>
  <nd ref="895881997"/>
  <nd ref="895882120"/>
  <tag k="highway" v="residential"/>
  <tag k="name" v="Calle Tierno Galván"/>
 </way>
 <way id="93099574" visible="true" version="6" changeset="147148330" timestamp="2024-02-06T19:22:44Z" user="alan_gr" uid="5307206">
  <nd ref="1079135088"/>
  <nd ref="1079133710"/>
  <nd ref="1079134535"/>
  <nd ref="1079135928"/>
  <nd ref="1625791696"/>
  <nd ref="1079134018"/>
  <nd ref="1625791705"/>
  <nd ref="1625791706"/>
  <nd ref="1079135619"/>
  <nd ref="1625791707"/>
  <nd ref="11592615261"/>
  <nd ref="1079133605"/>
  <nd ref="1079135331"/>
  <nd ref="1625791719"/>
  <nd ref="1625791723"/>
  <nd ref="1079135850"/>
  <nd ref="1079134972"/>
  <nd ref="1079135509"/>
  <nd ref="1079134385"/>
  <nd ref="1079135253"/>
  <nd ref="1079133924"/>
  <nd ref="1079134850"/>
  <nd ref="1079133403"/>
  <nd ref="1079134286"/>
  <nd ref="1079135782"/>
  <nd ref="1625791740"/>
  <nd ref="1079133860"/>
  <nd ref="1625791741"/>
  <nd ref="1079135466"/>
  <nd ref="1079136026"/>
  <nd ref="1625791742"/>
  <nd ref="1079135174"/>
  <nd ref="1079135707"/>
  <nd ref="1079134697"/>
  <nd ref="1079135411"/>
  <nd ref="1079134125"/>
  <nd ref="1079135095"/>
  <nd ref="11592615262"/>
  <nd ref="1079133735"/>
  <nd ref="1079134572"/>
  <nd ref="1079135942"/>
  <nd ref="1079134037"/>
  <nd ref="11592615263"/>
  <nd ref="1079135638"/>
  <nd ref="1079133618"/>
  <nd ref="11592615264"/>
  <nd ref="11592615265"/>
  <nd ref="1079135339"/>
  <nd ref="1079135866"/>
  <nd ref="1079135000"/>
  <nd ref="1079135545"/>
  <nd ref="1079134425"/>
  <nd ref="1079135281"/>
  <nd ref="1079133958"/>
  <nd ref="1079134874"/>
  <nd ref="1079133435"/>
  <nd ref="1079134327"/>
  <nd ref="1079135800"/>
  <nd ref="10561934613"/>
  <nd ref="1079135424"/>
  <tag k="bicycle" v="no"/>
  <tag k="foot" v="yes"/>
  <tag k="highway" v="path"/>
  <tag k="mtb:scale" v="2"/>
  <tag k="sac_scale" v="mountain_hiking"/>
  <tag k="surface" v="unpaved"/>
  <tag k="trail_visibility" v="good"/>
 </way>
 <way id="93099578" visible="true" version="7" changeset="67101075" timestamp="2019-02-11T13:51:17Z" user="km2bp" uid="3610826">
  <nd ref="895881908"/>
  <nd ref="6271710161"/>
  <nd ref="5459518514"/>
  <nd ref="1079134338"/>
  <nd ref="5238737509"/>
  <nd ref="1079133467"/>
  <nd ref="5459518511"/>
  <nd ref="2620897873"/>
  <nd ref="895881567"/>
  <tag k="highway" v="tertiary"/>
  <tag k="name" v="Calle Real"/>
  <tag k="oneway" v="yes"/>
 </way>
 <way id="93099585" visible="true" version="6" changeset="147148330" timestamp="2024-02-06T19:22:44Z" user="alan_gr" uid="5307206">
  <nd ref="1079134377"/>
  <nd ref="5419159953"/>
  <nd ref="1079134963"/>
  <nd ref="1079135834"/>
  <nd ref="1079135323"/>
  <nd ref="1079133568"/>
  <nd ref="1079135584"/>
  <nd ref="1079134012"/>
  <nd ref="1079135915"/>
  <nd ref="1079134514"/>
  <nd ref="1079133689"/>
  <nd ref="1079135059"/>
  <nd ref="1079134083"/>
  <nd ref="1079135382"/>
  <nd ref="1079135614"/>
  <nd ref="1079134016"/>
  <nd ref="1079135924"/>
  <nd ref="1079134532"/>
  <nd ref="1079133705"/>
  <nd ref="1079135074"/>
  <nd ref="1079134102"/>
  <nd ref="1079135398"/>
  <nd ref="1079134673"/>
  <nd ref="1079135685"/>
  <nd ref="1079135150"/>
  <nd ref="1079136005"/>
  <nd ref="1079135450"/>
  <nd ref="1079133828"/>
  <nd ref="1079135760"/>
  <nd ref="1079134238"/>
  <nd ref="1079133368"/>
  <nd ref="1079134806"/>
  <nd ref="1079133908"/>
  <nd ref="1079135222"/>
  <nd ref="1079134370"/>
  <nd ref="1079135495"/>
  <nd ref="1079134948"/>
  <nd ref="1079135830"/>
  <nd ref="1079135311"/>
  <nd ref="1079133553"/>
  <nd ref="1079135577"/>
  <nd ref="1079133993"/>
  <nd ref="1079135902"/>
  <nd ref="1079134487"/>
  <nd ref="1079133662"/>
  <nd ref="1079135041"/>
  <nd ref="1079134076"/>
  <nd ref="1079135376"/>
  <nd ref="1079134630"/>
  <nd ref="1079135665"/>
  <nd ref="1079135128"/>
  <nd ref="1079135975"/>
  <nd ref="1079135436"/>
  <nd ref="1079133800"/>
  <nd ref="1079135747"/>
  <nd ref="1079134177"/>
  <nd ref="1079136051"/>
  <nd ref="1079134760"/>
  <nd ref="1079133893"/>
  <nd ref="1079135210"/>
  <nd ref="1079134337"/>
  <nd ref="1079135483"/>
  <nd ref="1079134909"/>
  <nd ref="1079135808"/>
  <nd ref="1079135292"/>
  <nd ref="1079133464"/>
  <nd ref="1079135557"/>
  <nd ref="11592615257"/>
  <nd ref="1079133976"/>
  <nd ref="1079135877"/>
  <nd ref="1079134437"/>
  <nd ref="1079133649"/>
  <nd ref="1079135019"/>
  <tag k="highway" v="track"/>
  <tag k="motorcar" v="yes"/>
  <tag k="mtb:scale" v="0"/>
  <tag k="surface" v="gravel"/>
  <tag k="tracktype" v="grade3"/>
  <tag k="width" v="4"/>
 </way>
 <way id="93099586" visible="true" version="2" changeset="56452342" timestamp="2018-02-18T00:01:28Z" user="alan_gr" uid="5307206">
  <nd ref="1079135097"/>
  <nd ref="1079135114"/>
  <tag k="bicycle" v="no"/>
  <tag k="foot" v="yes"/>
  <tag k="highway" v="steps"/>
  <tag k="mtb:scale" v="5"/>
  <tag k="sac_scale" v="mountain_hiking"/>
  <tag k="surface" v="unpaved"/>
  <tag k="trail_visibility" v="good"/>
 </way>
 <way id="93099591" visible="true" version="3" changeset="19064827" timestamp="2013-11-23T00:10:13Z" user="andi9876" uid="1256497">
  <nd ref="1079135114"/>
  <nd ref="1079134155"/>
  <nd ref="1079135424"/>
  <tag k="bicycle" v="no"/>
  <tag k="foot" v="yes"/>
  <tag k="highway" v="path"/>
  <tag k="mtb:scale" v="2"/>
  <tag k="sac_scale" v="mountain_hiking"/>
  <tag k="surface" v="unpaved"/>
  <tag k="trail_visibility" v="good"/>
 </way>
 <way id="93099599" visible="true" version="4" changeset="19969648" timestamp="2014-01-13T11:12:18Z" user="Leonardo Velasco" uid="241061">
  <nd ref="2506201997"/>
  <nd ref="2506201996"/>
  <nd ref="1079134953"/>
  <nd ref="1079134010"/>
  <nd ref="2506201990"/>
  <nd ref="2506201991"/>
  <nd ref="2506201992"/>
  <nd ref="2506201993"/>
  <nd ref="1079135904"/>
  <tag k="highway" v="residential"/>
  <tag k="name" v="Calle Los Huertos"/>
 </way>
 <way id="93099601" visible="true" version="4" changeset="147148330" timestamp="2024-02-06T19:22:44Z" user="alan_gr" uid="5307206">
  <nd ref="2880085234"/>
  <nd ref="1079134050"/>
  <nd ref="1079135966"/>
  <nd ref="4346086090"/>
  <nd ref="1079134853"/>
  <nd ref="11592615266"/>
  <nd ref="1079133405"/>
  <nd ref="1079134616"/>
  <nd ref="4346086089"/>
  <nd ref="1079133780"/>
  <nd ref="1079135097"/>
  <tag k="bicycle" v="no"/>
  <tag k="foot" v="yes"/>
  <tag k="highway" v="path"/>
  <tag k="mtb:scale" v="2"/>
  <tag k="sac_scale" v="mountain_hiking"/>
  <tag k="surface" v="unpaved"/>
  <tag k="trail_visibility" v="good"/>
 </way>
 <way id="93099621" visible="true" version="5" changeset="157000884" timestamp="2024-09-23T15:24:56Z" user="Mikecron" uid="217312">
  <nd ref="1079135088"/>
  <nd ref="1079133856"/>
  <nd ref="1079135459"/>
  <nd ref="1079136022"/>
  <nd ref="1079135157"/>
  <nd ref="1079135703"/>
  <nd ref="1079134694"/>
  <nd ref="1079135405"/>
  <nd ref="1079134120"/>
  <nd ref="1079135092"/>
  <nd ref="1079133730"/>
  <nd ref="1079134563"/>
  <nd ref="1079135937"/>
  <nd ref="1079134033"/>
  <nd ref="1079135627"/>
  <nd ref="1079133608"/>
  <nd ref="1079135337"/>
  <nd ref="1079135856"/>
  <nd ref="1079134993"/>
  <nd ref="1079135522"/>
  <nd ref="1079134411"/>
  <nd ref="1079135268"/>
  <nd ref="1079133945"/>
  <nd ref="1079134860"/>
  <nd ref="1079133424"/>
  <nd ref="5419159971"/>
  <nd ref="1079134305"/>
  <nd ref="1079135788"/>
  <nd ref="1079133866"/>
  <nd ref="1079135471"/>
  <nd ref="1079136030"/>
  <nd ref="1079135178"/>
  <nd ref="1079135717"/>
  <nd ref="1079134709"/>
  <nd ref="1079135420"/>
  <nd ref="1079134130"/>
  <nd ref="1079135110"/>
  <nd ref="1079133767"/>
  <nd ref="1079134609"/>
  <nd ref="1079135950"/>
  <nd ref="1079134046"/>
  <nd ref="1079135649"/>
  <nd ref="1079133646"/>
  <nd ref="1079135346"/>
  <nd ref="1079135875"/>
  <nd ref="1079135006"/>
  <nd ref="1079135554"/>
  <nd ref="1079134434"/>
  <nd ref="1079135286"/>
  <nd ref="1079133964"/>
  <nd ref="1079134905"/>
  <nd ref="1079133460"/>
  <nd ref="1079134333"/>
  <nd ref="1079135806"/>
  <nd ref="1079133891"/>
  <nd ref="1079135481"/>
  <nd ref="1079136050"/>
  <nd ref="1079135187"/>
  <nd ref="1079135744"/>
  <nd ref="1079134757"/>
  <nd ref="1079135435"/>
  <nd ref="1079134174"/>
  <nd ref="1079135126"/>
  <nd ref="1079133798"/>
  <nd ref="1079134627"/>
  <nd ref="1079135972"/>
  <nd ref="1079134073"/>
  <nd ref="1079135663"/>
  <nd ref="1079133657"/>
  <nd ref="1079135375"/>
  <nd ref="1079135900"/>
  <nd ref="1079135037"/>
  <nd ref="1079135575"/>
  <nd ref="1079134484"/>
  <nd ref="1079135308"/>
  <nd ref="1079133991"/>
  <nd ref="1079134944"/>
  <nd ref="1079133550"/>
  <nd ref="1079134366"/>
  <nd ref="1079135828"/>
  <nd ref="1079133907"/>
  <nd ref="1079135491"/>
  <nd ref="1079133365"/>
  <nd ref="1079135219"/>
  <nd ref="1079135758"/>
  <nd ref="5419159970"/>
  <nd ref="1079134802"/>
  <nd ref="1079135447"/>
  <nd ref="1079134233"/>
  <nd ref="1079135148"/>
  <nd ref="1079133824"/>
  <nd ref="1079134669"/>
  <nd ref="1079136003"/>
  <nd ref="1079134096"/>
  <nd ref="1079135683"/>
  <nd ref="1079133701"/>
  <nd ref="1079135397"/>
  <nd ref="1079135922"/>
  <nd ref="1079135071"/>
  <nd ref="1079135611"/>
  <nd ref="1079134530"/>
  <nd ref="1079135968"/>
  <nd ref="1079134065"/>
  <nd ref="1079135657"/>
  <nd ref="1079133652"/>
  <nd ref="12194855092"/>
  <nd ref="1079135362"/>
  <nd ref="5419159969"/>
  <nd ref="1079135882"/>
  <nd ref="1079135029"/>
  <nd ref="1079135269"/>
  <tag k="bicycle" v="yes"/>
  <tag k="foot" v="yes"/>
  <tag k="highway" v="path"/>
  <tag k="mtb:scale" v="2"/>
  <tag k="sac_scale" v="mountain_hiking"/>
  <tag k="surface" v="sand"/>
  <tag k="trail_visibility" v="good"/>
 </way>
 <way id="93099629" visible="true" version="4" changeset="163342782" timestamp="2025-03-07T20:30:41Z" user="Peri3" uid="14595185">
  <nd ref="1079135331"/>
  <nd ref="1079133400"/>
  <nd ref="1079134819"/>
  <nd ref="1079133921"/>
  <nd ref="1079135250"/>
  <nd ref="4346085575"/>
  <nd ref="4346085576"/>
  <nd ref="4346085577"/>
  <nd ref="4346085578"/>
  <nd ref="4346085579"/>
  <nd ref="4346085580"/>
  <nd ref="4346085581"/>
  <nd ref="4346085585"/>
  <nd ref="4346085582"/>
  <tag k="bicycle" v="no"/>
  <tag k="foot" v="yes"/>
  <tag k="highway" v="path"/>
  <tag k="mtb:scale" v="2"/>
  <tag k="sac_scale" v="mountain_hiking"/>
  <tag k="surface" v="unpaved"/>
  <tag k="trail_visibility" v="good"/>
 </way>
 <way id="93099632" visible="true" version="3" changeset="157000884" timestamp="2024-09-23T15:24:56Z" user="Mikecron" uid="217312">
  <nd ref="1079135525"/>
  <nd ref="12194855084"/>
  <nd ref="1079133783"/>
  <nd ref="1079133601"/>
  <nd ref="12194855079"/>
  <nd ref="12194855080"/>
  <nd ref="12194855081"/>
  <nd ref="12194855082"/>
  <nd ref="12194855083"/>
  <nd ref="1079135525"/>
  <tag k="highway" v="path"/>
  <tag k="motorcar" v="yes"/>
  <tag k="mtb:scale" v="0"/>
  <tag k="sac_scale" v="hiking"/>
  <tag k="surface" v="paving_stones"/>
  <tag k="tracktype" v="grade2"/>
  <tag k="width" v="4"/>
 </way>
 <way id="93099636" visible="true" version="5" changeset="56938478" timestamp="2018-03-06T15:07:28Z" user="alan_gr" uid="5307206">
  <nd ref="1079135022"/>
  <nd ref="2506201984"/>
  <nd ref="2178863649"/>
  <nd ref="1079135355"/>
  <tag k="highway" v="residential"/>
  <tag k="name" v="Calle Sauce"/>
  <tag k="surface" v="asphalt"/>
 </way>
 <way id="93099644" visible="true" version="1" changeset="6841640" timestamp="2011-01-02T18:28:44Z" user="puhuri" uid="136065">
  <nd ref="1079133934"/>
  <nd ref="1079134624"/>
  <nd ref="1079135660"/>
  <nd ref="1079135122"/>
  <nd ref="1079133934"/>
  <tag k="leisure" v="pitch"/>
  <tag k="sport" v="soccer"/>
 </way>
 <way id="146381524" visible="true" version="11" changeset="150564586" timestamp="2024-04-27T05:33:07Z" user="kräckel" uid="1092114">
  <nd ref="2178863651"/>
  <nd ref="2178863631"/>
  <nd ref="2178863642"/>
  <nd ref="11853477440"/>
  <nd ref="2506193433"/>
  <nd ref="11853477439"/>
  <nd ref="2178863637"/>
  <nd ref="8017288710"/>
  <nd ref="2178863638"/>
  <nd ref="2178863634"/>
  <nd ref="2178863645"/>
  <nd ref="2178863640"/>
  <nd ref="2178863650"/>
  <nd ref="2178863647"/>
  <nd ref="895882067"/>
  <nd ref="1596527667"/>
  <nd ref="1596527665"/>
  <nd ref="1596527661"/>
  <nd ref="1596527696"/>
  <nd ref="1596527698"/>
  <nd ref="1596527671"/>
  <nd ref="1596527669"/>
  <nd ref="1596527673"/>
  <nd ref="1596527709"/>
  <nd ref="1596527708"/>
  <nd ref="1596527674"/>
  <tag k="highway" v="residential"/>
  <tag k="name" v="Ronda del Olivar"/>
  <tag k="oneway" v="no"/>
  <tag k="source" v="Local knowledge"/>
  <tag k="surface" v="paved"/>
 </way>
 <way id="149630803" visible="true" version="8" changeset="138942555" timestamp="2023-07-24T14:16:11Z" user="Robot8A" uid="393359">
  <nd ref="1625791727"/>
  <nd ref="1625791721"/>
  <nd ref="11065050341"/>
  <nd ref="2620914973"/>
  <nd ref="11065050340"/>
  <nd ref="1625791713"/>
  <nd ref="2620914967"/>
  <nd ref="11065050325"/>
  <nd ref="11065050335"/>
  <nd ref="1625791710"/>
  <nd ref="1625791711"/>
  <nd ref="1625791714"/>
  <nd ref="11065050333"/>
  <nd ref="2620914968"/>
  <nd ref="2620914969"/>
  <nd ref="5238746924"/>
  <nd ref="895882350"/>
  <nd ref="1625791725"/>
  <nd ref="1625791731"/>
  <nd ref="11065050334"/>
  <nd ref="1625791733"/>
  <nd ref="2620914971"/>
  <nd ref="1625791734"/>
  <nd ref="1625791732"/>
  <nd ref="1625791729"/>
  <nd ref="1625791727"/>
  <tag k="highway" v="secondary"/>
  <tag k="junction" v="roundabout"/>
  <tag k="ref" v="A-7054"/>
  <tag k="source" v="PNOA"/>
 </way>
 <way id="149630807" visible="true" version="10" changeset="144875325" timestamp="2023-12-07T17:49:13Z" user="andi9876" uid="1256497">
  <nd ref="6938752978"/>
  <nd ref="11065050336"/>
  <nd ref="895882276"/>
  <nd ref="895882078"/>
  <nd ref="481276515"/>
  <nd ref="895882438"/>
  <nd ref="895881717"/>
  <nd ref="895882042"/>
  <nd ref="895882323"/>
  <nd ref="481276532"/>
  <tag k="highway" v="secondary"/>
  <tag k="name" v="Álora Ventorro"/>
  <tag k="ref" v="A-7054"/>
  <tag k="source" v="PNOA"/>
 </way>
 <way id="149630808" visible="true" version="7" changeset="138942555" timestamp="2023-07-24T14:16:11Z" user="Robot8A" uid="393359">
  <nd ref="1625791712"/>
  <nd ref="11065050328"/>
  <nd ref="1625791709"/>
  <nd ref="1625791708"/>
  <nd ref="2299680107"/>
  <tag k="highway" v="tertiary"/>
  <tag k="name" v="Calle Estación"/>
 </way>
 <way id="207632171" visible="true" version="3" changeset="19969928" timestamp="2014-01-13T11:28:51Z" user="Leonardo Velasco" uid="241061">
  <nd ref="2178823744"/>
  <nd ref="895882281"/>
  <nd ref="895881720"/>
  <nd ref="895881537"/>
  <nd ref="2506209458"/>
  <nd ref="895882194"/>
  <nd ref="895882231"/>
  <tag k="highway" v="residential"/>
  <tag k="name" v="Calle Ingeniero Esteban Maes"/>
 </way>
 <way id="207632172" visible="true" version="6" changeset="187625936" timestamp="2026-08-18T08:28:36Z" user="MaskaevaMBx" uid="23544099">
  <nd ref="2178823760"/>
  <nd ref="14102493569"/>
  <nd ref="2506199468"/>
  <nd ref="2178823674"/>
  <tag k="highway" v="residential"/>
  <tag k="name" v="Calle Arroyo la Colada"/>
 </way>
 <way id="207632174" visible="true" version="4" changeset="186641077" timestamp="2026-07-30T12:17:54Z" user="Palary" uid="20415443">
  <nd ref="2178823735"/>
  <nd ref="12674314758"/>
  <nd ref="2178823777"/>
  <nd ref="2178823678"/>
  <tag k="highway" v="secondary"/>
  <tag k="junction" v="roundabout"/>
  <tag k="noname" v="yes"/>
  <tag k="ref" v="A-343"/>
  <tag k="surface" v="asphalt"/>
 </way>
 <way id="207632176" visible="true" version="6" changeset="163752304" timestamp="2025-03-17T22:15:59Z" user="kapazao" uid="7543375">
  <nd ref="12674314746"/>
  <nd ref="3692243185"/>
  <nd ref="2178823715"/>
  <nd ref="3692243183"/>
  <nd ref="2178823766"/>
  <nd ref="12116479522"/>
  <nd ref="2178823730"/>
  <nd ref="12674314747"/>
  <tag k="highway" v="secondary_link"/>
  <tag k="lanes" v="1"/>
  <tag k="oneway" v="yes"/>
  <tag k="surface" v="asphalt"/>
 </way>
 <way id="207632179" visible="true" version="3" changeset="56624761" timestamp="2018-02-23T23:52:28Z" user="alan_gr" uid="5307206">
  <nd ref="2178823742"/>
  <nd ref="895882295"/>
  <nd ref="4375929487"/>
  <tag k="highway" v="residential"/>
  <tag k="name" v="Calle Miguel Barquin"/>
 </way>
 <way id="207632180" visible="true" version="4" changeset="182778259" timestamp="2026-05-17T11:05:33Z" user="km2bp" uid="3610826">
  <nd ref="2178823726"/>
  <nd ref="2178823774"/>
  <nd ref="13839349648"/>
  <nd ref="13839349649"/>
  <nd ref="2178823768"/>
  <nd ref="2178823746"/>
  <nd ref="2178823739"/>
  <nd ref="2178823718"/>
  <nd ref="2178823786"/>
  <nd ref="13839349643"/>
  <nd ref="2178823742"/>
  <nd ref="2178823698"/>
  <nd ref="2178823706"/>
  <nd ref="2178823701"/>
  <nd ref="13839349644"/>
  <nd ref="13839349645"/>
  <nd ref="2178823744"/>
  <nd ref="2178823771"/>
  <nd ref="2178823757"/>
  <nd ref="2178823695"/>
  <nd ref="2178823737"/>
  <nd ref="13839349646"/>
  <nd ref="2178823688"/>
  <nd ref="13839349647"/>
  <nd ref="2728484709"/>
  <nd ref="2178823732"/>
  <nd ref="2178823726"/>
  <tag k="highway" v="residential"/>
  <tag k="junction" v="roundabout"/>
  <tag k="name" v="Plaza de la Concordia"/>
 </way>
 <way id="207632182" visible="true" version="4" changeset="163752304" timestamp="2025-03-17T22:15:59Z" user="kapazao" uid="7543375">
  <nd ref="12674314757"/>
  <nd ref="12674314756"/>
  <nd ref="895882099"/>
  <tag k="highway" v="residential"/>
  <tag k="lanes" v="1"/>
  <tag k="name" v="Calle Miguel Barquin"/>
  <tag k="oneway" v="yes"/>
 </way>
 <way id="207636350" visible="true" version="4" changeset="189428955" timestamp="2026-09-23T04:26:03Z" user="UNKNOWN2893757" uid="226908">
  <nd ref="1079134451"/>
  <nd ref="2178863653"/>
  <nd ref="2506193383"/>
  <nd ref="2178863655"/>
  <nd ref="2178863651"/>
  <nd ref="2506185665"/>
  <nd ref="2178850412"/>
  <tag k="highway" v="residential"/>
  <tag k="name" v="Calle Manuel de Falla"/>
  <tag k="name:etymology:wikidata" v="Q193283"/>
 </way>
 <way id="207636351" visible="true" version="6" changeset="56624761" timestamp="2018-02-23T23:52:29Z" user="alan_gr" uid="5307206">
  <nd ref="1596534324"/>
  <nd ref="1596534471"/>
  <nd ref="4346081026"/>
  <nd ref="1596534449"/>
  <nd ref="1596534242"/>
  <nd ref="4346081027"/>
  <nd ref="1596534358"/>
  <nd ref="1596534464"/>
  <nd ref="1596534302"/>
  <nd ref="1596534492"/>
  <nd ref="1596534332"/>
  <nd ref="1596534502"/>
  <nd ref="4346081028"/>
  <nd ref="4346081029"/>
  <nd ref="4346081030"/>
  <nd ref="1596534277"/>
  <nd ref="4346081031"/>
  <nd ref="1596534363"/>
  <nd ref="1596534458"/>
  <nd ref="1596534503"/>
  <nd ref="4346081032"/>
  <nd ref="1596534398"/>
  <nd ref="4346081033"/>
  <nd ref="1596534443"/>
  <nd ref="1596534445"/>
  <nd ref="1596534491"/>
  <nd ref="1596534453"/>
  <nd ref="1596534357"/>
  <nd ref="1596534282"/>
  <nd ref="1596534455"/>
  <nd ref="1596534510"/>
  <nd ref="1596534341"/>
  <nd ref="1596534468"/>
  <nd ref="1596534456"/>
  <nd ref="1596534286"/>
  <nd ref="4346081034"/>
  <nd ref="1596534461"/>
  <nd ref="1596534395"/>
  <nd ref="1596534356"/>
  <nd ref="4346081035"/>
  <nd ref="4346081036"/>
  <nd ref="1596534329"/>
  <nd ref="2546278983"/>
  <nd ref="2546278927"/>
  <nd ref="2546278928"/>
  <nd ref="2546278930"/>
  <nd ref="2546279061"/>
  <nd ref="2546279049"/>
  <nd ref="2546278932"/>
  <nd ref="2546278934"/>
  <nd ref="2546278935"/>
  <nd ref="2546279050"/>
  <nd ref="2546279048"/>
  <nd ref="2546278938"/>
  <nd ref="2546278940"/>
  <nd ref="2546278941"/>
  <nd ref="2546279038"/>
  <nd ref="2546279062"/>
  <nd ref="2546278988"/>
  <nd ref="2546279046"/>
  <nd ref="2546278950"/>
  <nd ref="2546279017"/>
  <nd ref="2546278991"/>
  <nd ref="2546279001"/>
  <nd ref="2546279006"/>
  <nd ref="2546278985"/>
  <nd ref="2546279021"/>
  <nd ref="2546279035"/>
  <nd ref="2546278945"/>
  <nd ref="2546278946"/>
  <nd ref="2546278947"/>
  <nd ref="2546278919"/>
  <nd ref="2546278998"/>
  <nd ref="2546278951"/>
  <nd ref="2546279012"/>
  <nd ref="2546278952"/>
  <nd ref="2546278989"/>
  <nd ref="2546279041"/>
  <nd ref="2546278948"/>
  <nd ref="2546278949"/>
  <nd ref="2546278977"/>
  <nd ref="2546278978"/>
  <nd ref="2546278979"/>
  <nd ref="2546278980"/>
  <nd ref="2546278982"/>
  <nd ref="2546278984"/>
  <nd ref="2546278986"/>
  <nd ref="2546279014"/>
  <nd ref="2546278987"/>
  <nd ref="2546278990"/>
  <nd ref="2546278992"/>
  <nd ref="2546278993"/>
  <nd ref="2546278995"/>
  <nd ref="2546278996"/>
  <nd ref="2546278999"/>
  <nd ref="2546279000"/>
  <nd ref="2546279008"/>
  <nd ref="2546279019"/>
  <nd ref="2546279025"/>
  <nd ref="2546279031"/>
  <nd ref="2546279047"/>
  <nd ref="1079134377"/>
  <tag k="access" v="yes"/>
  <tag k="bicycle" v="yes"/>
  <tag k="foot" v="yes"/>
  <tag k="highway" v="track"/>
  <tag k="name" v="Calle Algarrobo"/>
  <tag k="source" v="Local knowledge"/>
  <tag k="surface" v="sand"/>
  <tag k="tracktype" v="grade1"/>
 </way>
 <way id="207636352" visible="true" version="4" changeset="20636528" timestamp="2014-02-18T13:28:38Z" user="Leonardo Velasco" uid="241061">
  <nd ref="2178863641"/>
  <nd ref="2506199481"/>
  <nd ref="1625791750"/>
  <nd ref="2506199487"/>
  <nd ref="1625791748"/>
  <nd ref="1625791746"/>
  <nd ref="1625791745"/>
  <nd ref="2506199486"/>
  <nd ref="1625791744"/>
  <nd ref="2678694221"/>
  <nd ref="2506199462"/>
  <nd ref="1625791743"/>
  <nd ref="895881650"/>
  <tag k="highway" v="residential"/>
  <tag k="name" v="Calle Ermita"/>
 </way>
 <way id="207636353" visible="true" version="3" changeset="19987300" timestamp="2014-01-14T09:54:53Z" user="Leonardo Velasco" uid="241061">
  <nd ref="895881947"/>
  <nd ref="2178863643"/>
  <nd ref="2178863652"/>
  <nd ref="2178863639"/>
  <nd ref="2506199488"/>
  <nd ref="2506199476"/>
  <nd ref="2178863632"/>
  <nd ref="2178863654"/>
  <nd ref="2178863646"/>
  <tag k="highway" v="residential"/>
  <tag k="name" v="Calle Francisco Bravo"/>
 </way>
 <way id="207636355" visible="true" version="4" changeset="20636567" timestamp="2014-02-18T13:30:51Z" user="Leonardo Velasco" uid="241061">
  <nd ref="895881865"/>
  <nd ref="895882459"/>
  <nd ref="895882329"/>
  <nd ref="895881782"/>
  <nd ref="2678694224"/>
  <nd ref="895881575"/>
  <nd ref="895881993"/>
  <nd ref="895881842"/>
  <nd ref="2678695476"/>
  <nd ref="895882192"/>
  <nd ref="895881650"/>
  <nd ref="895881828"/>
  <tag k="highway" v="residential"/>
  <tag k="name" v="Calle López de Uralde"/>
 </way>
 <way id="215211028" visible="true" version="3" changeset="144875325" timestamp="2023-12-07T17:53:31Z" user="andi9876" uid="1256497">
  <nd ref="2246175624"/>
  <nd ref="2246175621"/>
  <nd ref="2246175609"/>
  <nd ref="2246175596"/>
  <nd ref="2246175625"/>
  <nd ref="2246175568"/>
  <nd ref="2246175600"/>
  <nd ref="2246175589"/>
  <nd ref="2728484713"/>
  <nd ref="2728484712"/>
  <nd ref="11401448800"/>
  <nd ref="2728484714"/>
  <nd ref="2246175624"/>
  <tag k="landuse" v="industrial"/>
 </way>
 <way id="215211030" visible="true" version="11" changeset="92640614" timestamp="2020-10-17T19:57:38Z" user="Begavil84" uid="1725439">
  <nd ref="2246175620"/>
  <nd ref="4815068897"/>
  <nd ref="2246175579"/>
  <nd ref="8017288702"/>
  <nd ref="8017288701"/>
  <nd ref="2246175597"/>
  <nd ref="4815068896"/>
  <nd ref="5432358134"/>
  <nd ref="2246175619"/>
  <nd ref="2246175616"/>
  <nd ref="2246175569"/>
  <nd ref="2246175614"/>
  <nd ref="2246175580"/>
  <nd ref="2246175581"/>
  <nd ref="4539723244"/>
  <nd ref="4539723243"/>
  <nd ref="4539723245"/>
  <nd ref="4539723246"/>
  <nd ref="4539723247"/>
  <nd ref="2246175584"/>
  <nd ref="2246175603"/>
  <nd ref="2728484711"/>
  <nd ref="2246175612"/>
  <nd ref="2246175587"/>
  <nd ref="2246175622"/>
  <nd ref="2246175613"/>
  <nd ref="2246175608"/>
  <nd ref="2246175593"/>
  <nd ref="2246175585"/>
  <nd ref="2246175618"/>
  <nd ref="2246175617"/>
  <nd ref="2246175595"/>
  <nd ref="2246175588"/>
  <nd ref="2246175598"/>
  <nd ref="1596545672"/>
  <nd ref="2246175566"/>
  <nd ref="2246175605"/>
  <nd ref="2246175602"/>
  <nd ref="2246175594"/>
  <nd ref="2246175591"/>
  <nd ref="5432358133"/>
  <nd ref="2246175582"/>
  <nd ref="2246175620"/>
  <tag k="landuse" v="residential"/>
 </way>
 <way id="220889868" visible="true" version="5" changeset="118823487" timestamp="2022-03-23T14:23:39Z" user="bkr" uid="40560">
  <nd ref="2299680107"/>
  <nd ref="2620914975"/>
  <nd ref="2620914977"/>
  <nd ref="2299680106"/>
  <tag k="highway" v="residential"/>
  <tag k="lit" v="yes"/>
  <tag k="name" v="Calle Azahar"/>
  <tag k="sidewalk" v="both"/>
  <tag k="surface" v="asphalt"/>
 </way>
 <way id="220889869" visible="true" version="3" changeset="95163251" timestamp="2020-12-02T14:58:16Z" user="mcheck" uid="478872">
  <nd ref="895882048"/>
  <nd ref="895881685"/>
  <tag k="highway" v="residential"/>
  <tag k="name" v="Calle Derechos Humanos"/>
  <tag k="oneway" v="yes"/>
 </way>
 <way id="243196895" visible="true" version="3" changeset="19969852" timestamp="2014-01-13T11:24:05Z" user="Leonardo Velasco" uid="241061">
  <nd ref="2178863642"/>
  <nd ref="2506185687"/>
  <nd ref="2506185686"/>
  <nd ref="2506185685"/>
  <nd ref="2506185684"/>
  <nd ref="2506185683"/>
  <nd ref="2506185682"/>
  <nd ref="2506185681"/>
  <nd ref="2506185680"/>
  <nd ref="2506185679"/>
  <nd ref="2620913603"/>
  <tag k="highway" v="residential"/>
  <tag k="name" v="Calle Antonio Mairena"/>
  <tag k="oneway" v="yes"/>
 </way>
 <way id="243196897" visible="true" version="2" changeset="19969818" timestamp="2014-01-13T11:22:10Z" user="Leonardo Velasco" uid="241061">
  <nd ref="2506185688"/>
  <nd ref="2506185666"/>
  <nd ref="2506185667"/>
  <nd ref="2506185668"/>
  <nd ref="2506185669"/>
  <nd ref="2506185670"/>
  <nd ref="2506185671"/>
  <nd ref="2178863631"/>
  <tag k="highway" v="residential"/>
  <tag k="name" v="Calle Enrique Granados"/>
  <tag k="oneway" v="yes"/>
 </way>
 <way id="243196900" visible="true" version="6" changeset="189557146" timestamp="2026-09-25T18:03:32Z" user="UNKNOWN2893757" uid="226908">
  <nd ref="9599732608"/>
  <nd ref="2506185690"/>
  <nd ref="2506193391"/>
  <nd ref="1079133977"/>
  <tag k="highway" v="residential"/>
  <tag k="name" v="Calle Lope de Vega"/>
  <tag k="name:etymology:wikidata" v="Q165257"/>
 </way>
 <way id="243196901" visible="true" version="4" changeset="118820695" timestamp="2022-03-23T12:59:41Z" user="bkr" uid="40560">
  <nd ref="9599732609"/>
  <nd ref="2506193382"/>
  <nd ref="2506185691"/>
  <nd ref="2506193393"/>
  <nd ref="2506193390"/>
  <nd ref="2506185692"/>
  <nd ref="2506193388"/>
  <nd ref="2506185693"/>
  <nd ref="895881962"/>
  <tag k="highway" v="residential"/>
  <tag k="name" v="Calle Dr. Marañón"/>
 </way>
 <way id="243197676" visible="true" version="3" changeset="19969648" timestamp="2014-01-13T11:12:17Z" user="Leonardo Velasco" uid="241061">
  <nd ref="895881962"/>
  <nd ref="2506193397"/>
  <nd ref="2506193367"/>
  <tag k="highway" v="residential"/>
  <tag k="name" v="Calle Nueva"/>
  <tag k="oneway" v="yes"/>
 </way>
 <way id="243197677" visible="true" version="6" changeset="53936692" timestamp="2017-11-20T01:29:14Z" user="andi9876" uid="1256497">
  <nd ref="2506193368"/>
  <nd ref="2506193369"/>
  <nd ref="2506193370"/>
  <nd ref="2506193371"/>
  <nd ref="2506193372"/>
  <nd ref="2506193373"/>
  <nd ref="2506193374"/>
  <nd ref="2506193375"/>
  <nd ref="2621996578"/>
  <nd ref="2621993111"/>
  <nd ref="2506193376"/>
  <tag k="highway" v="residential"/>
  <tag k="name" v="Calle Cinco de Noviembre"/>
 </way>
 <way id="243197678" visible="true" version="5" changeset="189354027" timestamp="2026-09-21T15:13:32Z" user="UNKNOWN2893757" uid="226908">
  <nd ref="2506193378"/>
  <nd ref="2506193380"/>
  <nd ref="2506193381"/>
  <nd ref="2506193382"/>
  <nd ref="2506185690"/>
  <tag k="highway" v="residential"/>
  <tag k="name" v="Calle Miguel de Cervantes"/>
  <tag k="name:etymology:wikidata" v="Q5682"/>
 </way>
 <way id="243197679" visible="true" version="2" changeset="19969720" timestamp="2014-01-13T11:16:40Z" user="Leonardo Velasco" uid="241061">
  <nd ref="2506193384"/>
  <nd ref="2506193387"/>
  <nd ref="2506193385"/>
  <nd ref="2506193386"/>
  <nd ref="2506193392"/>
  <nd ref="2506193380"/>
  <tag k="highway" v="residential"/>
  <tag k="name" v="Calle Desengaño"/>
 </way>
 <way id="243197680" visible="true" version="2" changeset="19969740" timestamp="2014-01-13T11:17:56Z" user="Leonardo Velasco" uid="241061">
  <nd ref="2506193387"/>
  <nd ref="2506193388"/>
  <nd ref="2506193389"/>
  <tag k="highway" v="residential"/>
  <tag k="name" v="Calle Dr. Fleming"/>
 </way>
 <way id="243197681" visible="true" version="2" changeset="19969740" timestamp="2014-01-13T11:17:56Z" user="Leonardo Velasco" uid="241061">
  <nd ref="2506193386"/>
  <nd ref="2506193390"/>
  <nd ref="2506193391"/>
  <tag k="highway" v="residential"/>
  <tag k="name" v="Calle Muñoz Seca"/>
 </way>
 <way id="243197682" visible="true" version="4" changeset="93075404" timestamp="2020-10-26T18:25:22Z" user="Jesús Gómez" uid="6389">
  <nd ref="2506193392"/>
  <nd ref="2506193393"/>
  <tag k="highway" v="residential"/>
  <tag k="name" v="Calle Ramón y Cajal"/>
  <tag k="name:etymology:wikidata" v="Q150526"/>
 </way>
 <way id="243197683" visible="true" version="2" changeset="19969648" timestamp="2014-01-13T11:12:17Z" user="Leonardo Velasco" uid="241061">
  <nd ref="2506193394"/>
  <nd ref="2506193396"/>
  <nd ref="2506193395"/>
  <tag k="highway" v="residential"/>
  <tag k="name" v="Calle Independencia"/>
  <tag k="oneway" v="yes"/>
 </way>
 <way id="243197684" visible="true" version="2" changeset="19970057" timestamp="2014-01-13T11:36:14Z" user="Leonardo Velasco" uid="241061">
  <nd ref="2506193374"/>
  <nd ref="2506193396"/>
  <nd ref="2506193399"/>
  <nd ref="2506193397"/>
  <tag k="highway" v="residential"/>
  <tag k="name" v="Calle Lealtad"/>
 </way>
 <way id="243197685" visible="true" version="3" changeset="67097291" timestamp="2019-02-11T11:37:33Z" user="km2bp" uid="3610826">
  <nd ref="2506193398"/>
  <nd ref="6271383299"/>
  <nd ref="2506193373"/>
  <tag k="highway" v="residential"/>
  <tag k="name" v="Calle Autonomías"/>
 </way>
 <way id="243197686" visible="true" version="2" changeset="19969648" timestamp="2014-01-13T11:12:17Z" user="Leonardo Velasco" uid="241061">
  <nd ref="2506193399"/>
  <nd ref="2506193400"/>
  <tag k="highway" v="residential"/>
  <tag k="name" v="Calle Carretas"/>
 </way>
 <way id="243197687" visible="true" version="5" changeset="67097291" timestamp="2019-02-11T11:37:33Z" user="km2bp" uid="3610826">
  <nd ref="2506193401"/>
  <nd ref="6271383083"/>
  <nd ref="2506193402"/>
  <tag k="highway" v="pedestrian"/>
  <tag k="name" v="Calle García Caparrós"/>
 </way>
 <way id="243197688" visible="true" version="3" changeset="189364993" timestamp="2026-09-21T19:17:35Z" user="UNKNOWN2893757" uid="226908">
  <nd ref="2506193403"/>
  <nd ref="895882167"/>
  <tag k="highway" v="residential"/>
  <tag k="name" v="Calle Andalucía"/>
  <tag k="name:etymology:wikidata" v="Q5783"/>
 </way>
 <way id="243197690" visible="true" version="2" changeset="19969818" timestamp="2014-01-13T11:22:09Z" user="Leonardo Velasco" uid="241061">
  <nd ref="2178863651"/>
  <nd ref="2506193434"/>
  <nd ref="2506193435"/>
  <nd ref="2620912938"/>
  <tag k="highway" v="residential"/>
  <tag k="name" v="Calle Higuera"/>
 </way>
 <way id="243197691" visible="true" version="3" changeset="56624761" timestamp="2018-02-23T23:52:30Z" user="alan_gr" uid="5307206">
  <nd ref="2506193437"/>
  <nd ref="2506193438"/>
  <nd ref="2620912938"/>
  <nd ref="2506193463"/>
  <nd ref="2506193439"/>
  <nd ref="2506193440"/>
  <nd ref="2506193441"/>
  <tag k="highway" v="residential"/>
  <tag k="name" v="Calle Naranjo"/>
 </way>
 <way id="243197693" visible="true" version="2" changeset="56624761" timestamp="2018-02-23T23:52:30Z" user="alan_gr" uid="5307206">
  <nd ref="2506193459"/>
  <nd ref="2506193460"/>
  <nd ref="2506193461"/>
  <nd ref="2506193462"/>
  <nd ref="2506193463"/>
  <nd ref="2506193443"/>
  <tag k="highway" v="residential"/>
  <tag k="name" v="Calle Guadalhorce"/>
 </way>
 <way id="243198561" visible="true" version="2" changeset="56624761" timestamp="2018-02-23T23:52:30Z" user="alan_gr" uid="5307206">
  <nd ref="2506193441"/>
  <nd ref="2506199456"/>
  <nd ref="2506199457"/>
  <nd ref="2506199458"/>
  <tag k="highway" v="residential"/>
  <tag k="name" v="Calle Naranjo"/>
 </way>
 <way id="243198562" visible="true" version="2" changeset="56624761" timestamp="2018-02-23T23:52:31Z" user="alan_gr" uid="5307206">
  <nd ref="2178863636"/>
  <nd ref="2506199459"/>
  <nd ref="2506199460"/>
  <nd ref="2506199461"/>
  <tag k="highway" v="residential"/>
  <tag k="name" v="Calle Cerillo"/>
 </way>
 <way id="243198563" visible="true" version="3" changeset="19987300" timestamp="2014-01-14T09:54:52Z" user="Leonardo Velasco" uid="241061">
  <nd ref="2506199462"/>
  <nd ref="2506199463"/>
  <nd ref="2506199464"/>
  <nd ref="2506199465"/>
  <nd ref="2178863643"/>
  <nd ref="2506199466"/>
  <nd ref="2621999710"/>
  <nd ref="2506199467"/>
  <nd ref="2506199468"/>
  <tag k="highway" v="residential"/>
  <tag k="name" v="Calle Dehesa"/>
  <tag k="oneway" v="yes"/>
 </way>
 <way id="243198564" visible="true" version="4" changeset="19987318" timestamp="2014-01-14T09:56:08Z" user="Leonardo Velasco" uid="241061">
  <nd ref="895882328"/>
  <nd ref="2506199467"/>
  <nd ref="2506199469"/>
  <nd ref="2621998457"/>
  <nd ref="2506199470"/>
  <nd ref="2506199471"/>
  <nd ref="2506199472"/>
  <nd ref="2621998460"/>
  <nd ref="2506199473"/>
  <tag k="highway" v="residential"/>
  <tag k="name" v="Calle Buen Pastor"/>
 </way>
 <way id="243198565" visible="true" version="3" changeset="189459233" timestamp="2026-09-23T16:40:48Z" user="UNKNOWN2893757" uid="226908">
  <nd ref="2506199476"/>
  <nd ref="2506199477"/>
  <nd ref="2506199478"/>
  <nd ref="2506199484"/>
  <nd ref="2506199479"/>
  <nd ref="2506199480"/>
  <nd ref="2506199481"/>
  <tag k="highway" v="residential"/>
  <tag k="name" v="Calle Reyes Católicos"/>
  <tag k="name:etymology:wikidata" v="Q186851"/>
 </way>
 <way id="243198566" visible="true" version="2" changeset="19987333" timestamp="2014-01-14T09:57:40Z" user="Leonardo Velasco" uid="241061">
  <nd ref="2506199465"/>
  <nd ref="2506199482"/>
  <nd ref="2506199483"/>
  <nd ref="2506199484"/>
  <tag k="highway" v="pedestrian"/>
  <tag k="name" v="Pasaje Tolox"/>
 </way>
 <way id="243198567" visible="true" version="2" changeset="19987337" timestamp="2014-01-14T09:58:10Z" user="Leonardo Velasco" uid="241061">
  <nd ref="2178863652"/>
  <nd ref="2506199482"/>
  <nd ref="2506199485"/>
  <nd ref="2506199486"/>
  <tag k="highway" v="residential"/>
  <tag k="name" v="Calle Jesús y María"/>
 </way>
 <way id="243198568" visible="true" version="3" changeset="19987337" timestamp="2014-01-14T09:58:10Z" user="Leonardo Velasco" uid="241061">
  <nd ref="2506199487"/>
  <nd ref="2506199483"/>
  <nd ref="2506199488"/>
  <nd ref="2506199489"/>
  <nd ref="2506199490"/>
  <tag k="highway" v="residential"/>
  <tag k="name" v="Calle Belén"/>
 </way>
 <way id="243198569" visible="true" version="4" changeset="56624761" timestamp="2018-02-23T23:52:31Z" user="alan_gr" uid="5307206">
  <nd ref="2506199494"/>
  <nd ref="2506199498"/>
  <nd ref="2506199495"/>
  <nd ref="2621998458"/>
  <nd ref="2506199496"/>
  <nd ref="2506199497"/>
  <nd ref="2506199489"/>
  <tag k="highway" v="residential"/>
  <tag k="name" v="Calle Cañada"/>
 </way>
 <way id="243198570" visible="true" version="2" changeset="56624761" timestamp="2018-02-23T23:52:31Z" user="alan_gr" uid="5307206">
  <nd ref="2506199498"/>
  <nd ref="2178863652"/>
  <tag k="highway" v="residential"/>
  <tag k="name" v="Calle Jesús y María"/>
 </way>
 <way id="243198571" visible="true" version="2" changeset="56624761" timestamp="2018-02-23T23:52:31Z" user="alan_gr" uid="5307206">
  <nd ref="2506199499"/>
  <nd ref="2506199500"/>
  <nd ref="2506199465"/>
  <tag k="highway" v="residential"/>
  <tag k="name" v="Pasaje de Jerez"/>
 </way>
 <way id="243198572" visible="true" version="2" changeset="19987368" timestamp="2014-01-14T10:00:13Z" user="Leonardo Velasco" uid="241061">
  <nd ref="2506199500"/>
  <nd ref="2506199501"/>
  <tag k="highway" v="service"/>
  <tag k="service" v="alley"/>
 </way>
 <way id="243198573" visible="true" version="2" changeset="19969648" timestamp="2014-01-13T11:12:18Z" user="Leonardo Velasco" uid="241061">
  <nd ref="1079135378"/>
  <nd ref="2506199513"/>
  <nd ref="2506199514"/>
  <nd ref="2506199515"/>
  <nd ref="2506199516"/>
  <nd ref="2506199517"/>
  <nd ref="2506199518"/>
  <nd ref="2506199519"/>
  <nd ref="2506199520"/>
  <nd ref="2506199521"/>
  <nd ref="2506199522"/>
  <nd ref="2506199523"/>
  <nd ref="2506199524"/>
  <nd ref="2506199525"/>
  <nd ref="2506199526"/>
  <nd ref="2506199527"/>
  <nd ref="2506199528"/>
  <nd ref="2506199529"/>
  <nd ref="2506199530"/>
  <nd ref="2506199531"/>
  <nd ref="2506199532"/>
  <nd ref="2506199533"/>
  <nd ref="2506199534"/>
  <tag k="highway" v="residential"/>
  <tag k="name" v="Calle Puentecillo"/>
 </way>
 <way id="243198875" visible="true" version="2" changeset="19969648" timestamp="2014-01-13T11:12:18Z" user="Leonardo Velasco" uid="241061">
  <nd ref="1079134010"/>
  <nd ref="2506201994"/>
  <nd ref="2506201995"/>
  <tag k="highway" v="residential"/>
  <tag k="name" v="Calle Los Claveles"/>
 </way>
 <way id="243198877" visible="true" version="2" changeset="19969648" timestamp="2014-01-13T11:12:18Z" user="Leonardo Velasco" uid="241061">
  <nd ref="2506201996"/>
  <nd ref="2506201998"/>
  <nd ref="2506201999"/>
  <tag k="highway" v="residential"/>
  <tag k="name" v="Calle Los Geranios"/>
 </way>
 <way id="243198879" visible="true" version="2" changeset="19969648" timestamp="2014-01-13T11:12:18Z" user="Leonardo Velasco" uid="241061">
  <nd ref="2506201997"/>
  <nd ref="2506202000"/>
  <nd ref="2506202001"/>
  <nd ref="2506202002"/>
  <nd ref="2506202003"/>
  <nd ref="2506202004"/>
  <nd ref="2506202005"/>
  <tag k="highway" v="residential"/>
  <tag k="name" v="Calle Los Rosales"/>
 </way>
 <way id="243199916" visible="true" version="7" changeset="118823487" timestamp="2022-03-23T14:08:39Z" user="bkr" uid="40560">
  <nd ref="2506209458"/>
  <nd ref="2506209460"/>
  <tag k="highway" v="residential"/>
  <tag k="lit" v="yes"/>
  <tag k="name" v="Cañada Revilla"/>
  <tag k="sidewalk" v="no"/>
  <tag k="surface" v="asphalt"/>
 </way>
 <way id="246922335" visible="true" version="1" changeset="18985065" timestamp="2013-11-18T23:05:56Z" user="andi9876" uid="1256497">
  <nd ref="2506193389"/>
  <nd ref="895882108"/>
  <nd ref="2506199534"/>
  <nd ref="895882485"/>
  <tag k="highway" v="residential"/>
 </way>
 <way id="246922336" visible="true" version="5" changeset="67101075" timestamp="2019-02-11T13:51:17Z" user="km2bp" uid="3610826">
  <nd ref="895882485"/>
  <nd ref="895882059"/>
  <nd ref="895882380"/>
  <nd ref="895882259"/>
  <nd ref="895881699"/>
  <nd ref="895882423"/>
  <nd ref="1079133803"/>
  <nd ref="2620923761"/>
  <nd ref="895881908"/>
  <nd ref="6271710164"/>
  <nd ref="895881760"/>
  <nd ref="895881828"/>
  <tag k="highway" v="tertiary"/>
  <tag k="name" v="Calle Málaga"/>
  <tag k="oneway" v="yes"/>
 </way>
 <way id="246922337" visible="true" version="3" changeset="56624761" timestamp="2018-02-23T23:52:31Z" user="alan_gr" uid="5307206">
  <nd ref="895882438"/>
  <nd ref="4375933070"/>
  <nd ref="895882231"/>
  <nd ref="895882408"/>
  <tag k="highway" v="residential"/>
  <tag k="name" v="Calle Porvenir"/>
 </way>
 <way id="246922338" visible="true" version="4" changeset="56624761" timestamp="2018-02-23T23:52:31Z" user="alan_gr" uid="5307206">
  <nd ref="895881567"/>
  <nd ref="2506193368"/>
  <tag k="highway" v="residential"/>
  <tag k="name" v="Calle Cinco de Noviembre"/>
  <tag k="oneway" v="yes"/>
 </way>
 <way id="246922339" visible="true" version="2" changeset="19969720" timestamp="2014-01-13T11:16:40Z" user="Leonardo Velasco" uid="241061">
  <nd ref="2506193376"/>
  <nd ref="2506193377"/>
  <nd ref="2506193378"/>
  <nd ref="2506193379"/>
  <tag k="highway" v="residential"/>
  <tag k="name" v="Calle El Limonar"/>
 </way>
 <way id="256424158" visible="true" version="4" changeset="67097291" timestamp="2019-02-11T11:37:33Z" user="km2bp" uid="3610826">
  <nd ref="895881567"/>
  <nd ref="6271383357"/>
  <nd ref="895882128"/>
  <nd ref="895882269"/>
  <nd ref="895881872"/>
  <nd ref="895881632"/>
  <nd ref="895882122"/>
  <nd ref="895882438"/>
  <tag k="highway" v="tertiary"/>
  <tag k="name" v="Calle Estrecho"/>
 </way>
 <way id="256424160" visible="true" version="3" changeset="53936692" timestamp="2017-11-20T01:29:14Z" user="andi9876" uid="1256497">
  <nd ref="895882128"/>
  <nd ref="895881705"/>
  <nd ref="895882065"/>
  <nd ref="5238737510"/>
  <nd ref="895881914"/>
  <nd ref="895882266"/>
  <tag k="highway" v="residential"/>
  <tag k="name" v="Calle Progreso"/>
  <tag k="oneway" v="yes"/>
 </way>
 <way id="256424458" visible="true" version="2" changeset="189558930" timestamp="2026-09-25T18:54:20Z" user="UNKNOWN2893757" uid="226908">
  <nd ref="2620897873"/>
  <nd ref="2620897874"/>
  <nd ref="2620897875"/>
  <nd ref="2620897876"/>
  <tag k="highway" v="residential"/>
  <tag k="name" v="Calle San Pedro"/>
  <tag k="name:etymology:wikidata" v="Q33923"/>
 </way>
 <way id="256424459" visible="true" version="5" changeset="63004565" timestamp="2018-09-28T10:33:42Z" user="alan_gr" uid="5307206">
  <nd ref="2620897876"/>
  <nd ref="2620923758"/>
  <nd ref="1079133803"/>
  <tag k="highway" v="pedestrian"/>
  <tag k="name" v="Plaza del Ayuntamiento"/>
 </way>
 <way id="256425145" visible="true" version="1" changeset="19969648" timestamp="2014-01-13T11:12:17Z" user="Leonardo Velasco" uid="241061">
  <nd ref="2506193367"/>
  <nd ref="2506193395"/>
  <nd ref="2506193368"/>
  <tag k="highway" v="residential"/>
  <tag k="name" v="Calle Coronado"/>
  <tag k="oneway" v="yes"/>
 </way>
 <way id="256425146" visible="true" version="1" changeset="19969648" timestamp="2014-01-13T11:12:17Z" user="Leonardo Velasco" uid="241061">
  <nd ref="1079135904"/>
  <nd ref="2506201995"/>
  <nd ref="2506201999"/>
  <nd ref="2506202005"/>
  <nd ref="1079135378"/>
  <tag k="highway" v="residential"/>
  <tag k="name" v="Calle Manzanilla"/>
 </way>
 <way id="256425147" visible="true" version="4" changeset="20636481" timestamp="2014-02-18T13:26:05Z" user="Leonardo Velasco" uid="241061">
  <nd ref="1079135378"/>
  <nd ref="2506199512"/>
  <nd ref="2506199511"/>
  <nd ref="2506199510"/>
  <nd ref="2506199509"/>
  <nd ref="2506199508"/>
  <nd ref="1079133682"/>
  <nd ref="2506199507"/>
  <nd ref="2506199506"/>
  <nd ref="1079135669"/>
  <nd ref="2506199502"/>
  <nd ref="2506199503"/>
  <nd ref="1079134078"/>
  <tag k="highway" v="residential"/>
  <tag k="name" v="Calle Barrio Alto"/>
  <tag k="oneway" v="yes"/>
 </way>
 <way id="256425148" visible="true" version="2" changeset="19987333" timestamp="2014-01-14T09:57:40Z" user="Leonardo Velasco" uid="241061">
  <nd ref="2506201997"/>
  <nd ref="1079133558"/>
  <nd ref="895881865"/>
  <nd ref="2178863644"/>
  <nd ref="2178863641"/>
  <tag k="highway" v="residential"/>
  <tag k="name" v="Calle Alfonso XII"/>
 </way>
 <way id="256426527" visible="true" version="3" changeset="85911237" timestamp="2020-05-28T22:45:22Z" user="Patrick1977Bln" uid="259536">
  <nd ref="2620914963"/>
  <nd ref="2620914964"/>
  <nd ref="5459518509"/>
  <nd ref="2620914965"/>
  <nd ref="5459518501"/>
  <nd ref="2620914966"/>
  <nd ref="2620914963"/>
  <tag k="building" v="train_station"/>
  <tag k="name" v="Estación de Pizarra"/>
 </way>
 <way id="256426528" visible="true" version="1" changeset="19969903" timestamp="2014-01-13T11:27:29Z" user="Leonardo Velasco" uid="241061">
  <nd ref="2620914975"/>
  <nd ref="895881981"/>
  <tag k="highway" v="residential"/>
  <tag k="name" v="Calle La Peña"/>
 </way>
 <way id="256426529" visible="true" version="1" changeset="19969903" timestamp="2014-01-13T11:27:29Z" user="Leonardo Velasco" uid="241061">
  <nd ref="2620914977"/>
  <nd ref="2620914979"/>
  <tag k="highway" v="residential"/>
  <tag k="name" v="Calle Alozaina"/>
 </way>
 <way id="256426573" visible="true" version="2" changeset="138942555" timestamp="2023-07-24T14:16:11Z" user="Robot8A" uid="393359">
  <nd ref="2299680107"/>
  <nd ref="2620915463"/>
  <nd ref="11065050329"/>
  <nd ref="11065050330"/>
  <nd ref="2620915465"/>
  <nd ref="2620915467"/>
  <tag k="highway" v="residential"/>
  <tag k="name" v="Plaza Estación"/>
 </way>
 <way id="256426812" visible="true" version="1" changeset="19969934" timestamp="2014-01-13T11:29:17Z" user="Leonardo Velasco" uid="241061">
  <nd ref="2620918082"/>
  <nd ref="2620918088"/>
  <nd ref="2620918083"/>
  <nd ref="2620918084"/>
  <nd ref="2620918085"/>
  <nd ref="2620918086"/>
  <nd ref="2620918087"/>
  <nd ref="2620918082"/>
  <tag k="leisure" v="sports_centre"/>
 </way>
 <way id="256427065" visible="true" version="6" changeset="182778259" timestamp="2026-05-17T11:05:33Z" user="km2bp" uid="3610826">
  <nd ref="2620919940"/>
  <nd ref="5459520322"/>
  <nd ref="2620919941"/>
  <nd ref="13839349639"/>
  <nd ref="2620919942"/>
  <nd ref="13839349633"/>
  <nd ref="13839349631"/>
  <nd ref="13839349632"/>
  <nd ref="2620919943"/>
  <nd ref="2620919940"/>
  <tag k="amenity" v="place_of_worship"/>
  <tag k="building" v="yes"/>
  <tag k="denomination" v="roman_catholic"/>
  <tag k="image" v="https://photos.app.goo.gl/mDLssRQAMj9ehiAcA"/>
  <tag k="mapillary" v="273468567771608"/>
  <tag k="name" v="San Pedro Apóstol"/>
  <tag k="religion" v="christian"/>
 </way>
 <way id="256427176" visible="true" version="3" changeset="68285655" timestamp="2019-03-19T08:44:58Z" user="b-jazz-bot" uid="9451067">
  <nd ref="2620920983"/>
  <nd ref="2620920984"/>
  <nd ref="2620920990"/>
  <nd ref="2620920985"/>
  <nd ref="2620920986"/>
  <nd ref="2620920991"/>
  <nd ref="2620920988"/>
  <nd ref="2620920989"/>
  <nd ref="2620920983"/>
  <tag k="addr:city" v="Pizarra"/>
  <tag k="addr:housenumber" v="1"/>
  <tag k="addr:postcode" v="29560"/>
  <tag k="addr:street" v="Plaza de la Cultura"/>
  <tag k="amenity" v="townhall"/>
  <tag k="building" v="yes"/>
  <tag k="name" v="Ayuntamiento de Pizarra"/>
  <tag k="phone" v="+34 952 48 30 15"/>
  <tag k="website" v="https://www.pizarra.es/"/>
 </way>
 <way id="256427186" visible="true" version="4" changeset="67097291" timestamp="2019-02-11T11:37:32Z" user="km2bp" uid="3610826">
  <nd ref="2620921026"/>
  <nd ref="6271383298"/>
  <nd ref="2620921027"/>
  <nd ref="2620921028"/>
  <nd ref="2620921029"/>
  <nd ref="2620921030"/>
  <nd ref="6271383021"/>
  <nd ref="2620921026"/>
  <tag k="area" v="yes"/>
  <tag k="highway" v="pedestrian"/>
  <tag k="name" v="Plaza de la Cultura"/>
  <tag k="surface" v="paved"/>
 </way>
 <way id="256427363" visible="true" version="5" changeset="150432989" timestamp="2024-04-24T08:54:41Z" user="gscholz" uid="109705">
  <nd ref="2620923754"/>
  <nd ref="2620923756"/>
  <nd ref="2620897876"/>
  <nd ref="2620923758"/>
  <nd ref="6271710168"/>
  <nd ref="6271710167"/>
  <nd ref="6271710166"/>
  <nd ref="2620923754"/>
  <tag k="area" v="yes"/>
  <tag k="highway" v="pedestrian"/>
  <tag k="name" v="Plaza del Ayuntamiento"/>
  <tag k="place" v="square"/>
  <tag k="surface" v="paved"/>
 </way>
 <way id="256427835" visible="true" version="3" changeset="138942555" timestamp="2023-07-24T14:16:11Z" user="Robot8A" uid="393359">
  <nd ref="2506193376"/>
  <nd ref="895882229"/>
  <nd ref="895882167"/>
  <nd ref="895881775"/>
  <nd ref="2506193402"/>
  <nd ref="6271710667"/>
  <nd ref="895882365"/>
  <nd ref="6271710661"/>
  <nd ref="895882040"/>
  <nd ref="895882354"/>
  <nd ref="895882017"/>
  <nd ref="895882048"/>
  <nd ref="11065050331"/>
  <tag k="highway" v="tertiary"/>
  <tag k="name" v="Calle Estación"/>
 </way>
 <way id="256545101" visible="true" version="8" changeset="174984979" timestamp="2025-11-22T11:51:28Z" user="kapazao_import" uid="8770019">
  <nd ref="2621993093"/>
  <nd ref="2621993097"/>
  <nd ref="2621995310"/>
  <nd ref="2621993100"/>
  <nd ref="2621995319"/>
  <nd ref="2621995318"/>
  <nd ref="2621995316"/>
  <nd ref="2621993103"/>
  <nd ref="2621993106"/>
  <nd ref="2621993108"/>
  <nd ref="2621993093"/>
  <tag k="addr:city" v="Pizarra"/>
  <tag k="addr:postcode" v="29560"/>
  <tag k="addr:street" v="Calle Independencia"/>
  <tag k="amenity" v="school"/>
  <tag k="education" v="school"/>
  <tag k="name" v="Colegio de Educación Infantil y Primaría Nuestra Señora de la Fuensanta"/>
  <tag k="short_name" v="CEIP La Fuensanta"/>
  <tag k="website" v="https://www.ceipfuensanta.com/"/>
 </way>
 <way id="256545102" visible="true" version="1" changeset="19987130" timestamp="2014-01-14T09:44:21Z" user="Leonardo Velasco" uid="241061">
  <nd ref="2621993111"/>
  <nd ref="2621993114"/>
  <tag k="highway" v="pedestrian"/>
 </way>
 <way id="256545334" visible="true" version="1" changeset="19987162" timestamp="2014-01-14T09:46:49Z" user="Leonardo Velasco" uid="241061">
  <nd ref="2621995309"/>
  <nd ref="2621993097"/>
  <nd ref="2621995310"/>
  <nd ref="2621995311"/>
  <nd ref="2621995309"/>
  <tag k="building" v="yes"/>
 </way>
 <way id="256545335" visible="true" version="1" changeset="19987162" timestamp="2014-01-14T09:46:49Z" user="Leonardo Velasco" uid="241061">
  <nd ref="2621995312"/>
  <nd ref="2621995313"/>
  <nd ref="2621995314"/>
  <nd ref="2621995315"/>
  <nd ref="2621995316"/>
  <nd ref="2621993103"/>
  <nd ref="2621995312"/>
  <tag k="building" v="yes"/>
 </way>
 <way id="256545336" visible="true" version="1" changeset="19987162" timestamp="2014-01-14T09:46:49Z" user="Leonardo Velasco" uid="241061">
  <nd ref="2621995317"/>
  <nd ref="2621995318"/>
  <nd ref="2621995319"/>
  <nd ref="2621995320"/>
  <nd ref="2621995317"/>
  <tag k="building" v="yes"/>
 </way>
 <way id="256545418" visible="true" version="3" changeset="189562667" timestamp="2026-09-25T20:56:36Z" user="UNKNOWN2893757" uid="226908">
  <nd ref="895881635"/>
  <nd ref="2621996578"/>
  <tag k="highway" v="pedestrian"/>
  <tag k="name" v="Calle Blas Infante"/>
  <tag k="name:etymology:wikidata" v="Q560588"/>
 </way>
 <way id="256545480" visible="true" version="2" changeset="56624761" timestamp="2018-02-23T23:52:32Z" user="alan_gr" uid="5307206">
  <nd ref="895881599"/>
  <nd ref="2621996970"/>
  <tag k="highway" v="pedestrian"/>
  <tag k="name" v="Calle Rodríguez de la Fuente"/>
 </way>
 <way id="256545760" visible="true" version="3" changeset="131930898" timestamp="2023-01-31T17:26:54Z" user="TartSound" uid="18367671">
  <nd ref="2621998457"/>
  <nd ref="2621998458"/>
  <tag k="highway" v="service"/>
  <tag k="name" v="Calle Almogía"/>
  <tag k="service" v="alley"/>
 </way>
 <way id="256545761" visible="true" version="3" changeset="189366499" timestamp="2026-09-21T20:00:32Z" user="UNKNOWN2893757" uid="226908">
  <nd ref="2506199470"/>
  <nd ref="2621998459"/>
  <tag k="highway" v="service"/>
  <tag k="name" v="Calle Francia"/>
  <tag k="name:etymology:wikidata" v="Q142"/>
  <tag k="service" v="alley"/>
 </way>
 <way id="256545762" visible="true" version="1" changeset="19987280" timestamp="2014-01-14T09:53:38Z" user="Leonardo Velasco" uid="241061">
  <nd ref="2621998460"/>
  <nd ref="2621998461"/>
  <tag k="highway" v="service"/>
  <tag k="service" v="alley"/>
 </way>
 <way id="256545763" visible="true" version="2" changeset="56624761" timestamp="2018-02-23T23:52:32Z" user="alan_gr" uid="5307206">
  <nd ref="2506199494"/>
  <nd ref="2621998462"/>
  <tag k="highway" v="service"/>
  <tag k="name" v="Calle Cañada"/>
  <tag k="service" v="alley"/>
 </way>
 <way id="256545841" visible="true" version="2" changeset="56624761" timestamp="2018-02-23T23:52:32Z" user="alan_gr" uid="5307206">
  <nd ref="2621999710"/>
  <nd ref="2621998462"/>
  <tag k="highway" v="pedestrian"/>
  <tag k="name" v="Calle Cañada"/>
 </way>
 <way id="256545901" visible="true" version="3" changeset="93075570" timestamp="2020-10-26T18:29:37Z" user="Jesús Gómez" uid="6389">
  <nd ref="2506199490"/>
  <nd ref="2506199491"/>
  <nd ref="2506199492"/>
  <tag k="highway" v="residential"/>
  <tag k="name" v="Calle Velázquez"/>
  <tag k="name:etymology:wikidata" v="Q297"/>
 </way>
 <way id="256545902" visible="true" version="1" changeset="19987318" timestamp="2014-01-14T09:56:08Z" user="Leonardo Velasco" uid="241061">
  <nd ref="2621998459"/>
  <nd ref="2506199490"/>
  <tag k="highway" v="service"/>
  <tag k="service" v="alley"/>
 </way>
 <way id="256545903" visible="true" version="2" changeset="189459233" timestamp="2026-09-23T16:40:48Z" user="UNKNOWN2893757" uid="226908">
  <nd ref="2506199473"/>
  <nd ref="2506199474"/>
  <nd ref="2506199475"/>
  <nd ref="2506199492"/>
  <nd ref="2506199476"/>
  <tag k="highway" v="residential"/>
  <tag k="name" v="Calle Reyes Católicos"/>
  <tag k="name:etymology:wikidata" v="Q186851"/>
 </way>
 <way id="256546101" visible="true" version="2" changeset="189558712" timestamp="2026-09-25T18:47:10Z" user="UNKNOWN2893757" uid="226908">
  <nd ref="2178863654"/>
  <nd ref="2622001592"/>
  <nd ref="2622001593"/>
  <nd ref="2622001594"/>
  <tag k="highway" v="residential"/>
  <tag k="name" v="Calle Libertad"/>
  <tag k="name:etymology:wikidata" v="Q2979"/>
 </way>
 <way id="256546102" visible="true" version="1" changeset="19987333" timestamp="2014-01-14T09:57:39Z" user="Leonardo Velasco" uid="241061">
  <nd ref="2178863641"/>
  <nd ref="2178863657"/>
  <nd ref="2622001594"/>
  <nd ref="2178863656"/>
  <nd ref="2178863646"/>
  <tag k="highway" v="residential"/>
  <tag k="name" v="Calle Ermita"/>
 </way>
 <way id="262209228" visible="true" version="1" changeset="20636481" timestamp="2014-02-18T13:26:05Z" user="Leonardo Velasco" uid="241061">
  <nd ref="2506201997"/>
  <nd ref="2678692717"/>
  <nd ref="2678692716"/>
  <nd ref="1079134078"/>
  <nd ref="2506199504"/>
  <nd ref="1079135978"/>
  <nd ref="2506199505"/>
  <nd ref="1079134655"/>
  <nd ref="2620923761"/>
  <tag k="highway" v="residential"/>
  <tag k="name" v="Calle Alta"/>
  <tag k="oneway" v="yes"/>
 </way>
 <way id="262209417" visible="true" version="2" changeset="56938478" timestamp="2018-03-06T15:07:30Z" user="alan_gr" uid="5307206">
  <nd ref="2678694221"/>
  <nd ref="2678694222"/>
  <nd ref="2678694223"/>
  <nd ref="2678694224"/>
  <tag k="highway" v="residential"/>
  <tag k="name" v="Calle Arroyo del Búho"/>
 </way>
 <way id="267388513" visible="true" version="2" changeset="56624761" timestamp="2018-02-23T23:52:32Z" user="alan_gr" uid="5307206">
  <nd ref="2178823688"/>
  <nd ref="2728484710"/>
  <tag k="highway" v="residential"/>
  <tag k="name" v="Calle Miguel Barquin"/>
  <tag k="oneway" v="yes"/>
 </way>
 <way id="267388514" visible="true" version="2" changeset="56624761" timestamp="2018-02-23T23:52:32Z" user="alan_gr" uid="5307206">
  <nd ref="2728484710"/>
  <nd ref="2728484709"/>
  <tag k="highway" v="residential"/>
  <tag k="name" v="Calle Miguel Barquin"/>
  <tag k="oneway" v="yes"/>
 </way>
 <way id="284264209" visible="true" version="3" changeset="147148330" timestamp="2024-02-06T19:22:44Z" user="alan_gr" uid="5307206">
  <nd ref="2880085212"/>
  <nd ref="2880085213"/>
  <nd ref="2880085214"/>
  <nd ref="2880085215"/>
  <nd ref="2880085216"/>
  <nd ref="11592615267"/>
  <nd ref="2880085217"/>
  <tag k="highway" v="path"/>
  <tag k="surface" v="ground"/>
 </way>
 <way id="284264210" visible="true" version="3" changeset="147148330" timestamp="2024-02-06T19:22:44Z" user="alan_gr" uid="5307206">
  <nd ref="2880085217"/>
  <nd ref="2880085218"/>
  <nd ref="2880085220"/>
  <nd ref="2880085221"/>
  <nd ref="2880085222"/>
  <nd ref="2880085223"/>
  <nd ref="2880085224"/>
  <nd ref="2880085225"/>
  <nd ref="2880085226"/>
  <nd ref="2880085227"/>
  <nd ref="2880085228"/>
  <nd ref="2880085229"/>
  <nd ref="2880085230"/>
  <nd ref="2880085231"/>
  <nd ref="2880085232"/>
  <nd ref="2880085233"/>
  <nd ref="2880085234"/>
  <tag k="access" v="no"/>
  <tag k="foot" v="yes"/>
  <tag k="highway" v="path"/>
  <tag k="horse" v="yes"/>
  <tag k="surface" v="ground"/>
  <tag k="trail_visibility" v="good"/>
 </way>
 <way id="429541968" visible="true" version="3" changeset="189613725" timestamp="2026-09-27T05:47:17Z" user="horstsun" uid="685410">
  <nd ref="1625791797"/>
  <nd ref="14221226125"/>
  <nd ref="1625791782"/>
  <nd ref="1625791778"/>
  <nd ref="1625791771"/>
  <nd ref="14221226124"/>
  <nd ref="1625791770"/>
  <nd ref="1625791769"/>
  <nd ref="14221226123"/>
  <nd ref="1625791768"/>
  <nd ref="14221226122"/>
  <nd ref="1625791767"/>
  <nd ref="14221226121"/>
  <nd ref="1625791766"/>
  <nd ref="14221226120"/>
  <nd ref="1625791764"/>
  <nd ref="1625791762"/>
  <nd ref="1625791760"/>
  <nd ref="1625791758"/>
  <nd ref="2178863648"/>
  <tag k="highway" v="residential"/>
 </way>
 <way id="429545233" visible="true" version="5" changeset="138942555" timestamp="2023-07-24T14:16:11Z" user="Robot8A" uid="393359">
  <nd ref="895882440"/>
  <nd ref="895882302"/>
  <nd ref="895881942"/>
  <nd ref="2620914979"/>
  <nd ref="895881981"/>
  <nd ref="4375933067"/>
  <nd ref="481276514"/>
  <tag k="highway" v="secondary"/>
  <tag k="name" v="Carretera Pizarra-Coín"/>
  <tag k="ref" v="A-7054"/>
  <tag k="source" v="PNOA"/>
 </way>
 <way id="436732953" visible="true" version="2" changeset="48154000" timestamp="2017-04-26T08:03:22Z" user="andi9876" uid="1256497">
  <nd ref="1079135424"/>
  <nd ref="4346086091"/>
  <nd ref="4346086092"/>
  <nd ref="4346086093"/>
  <nd ref="4346086094"/>
  <nd ref="4346086095"/>
  <nd ref="4346086096"/>
  <nd ref="4346086097"/>
  <nd ref="4346086098"/>
  <nd ref="4346086099"/>
  <nd ref="1079133780"/>
  <tag k="highway" v="path"/>
 </way>
 <way id="439915578" visible="true" version="2" changeset="159581504" timestamp="2024-11-25T16:41:27Z" user="alan_gr" uid="5307206">
  <nd ref="4375926005"/>
  <nd ref="4375926007"/>
  <nd ref="4375925674"/>
  <nd ref="4375925688"/>
  <nd ref="4375925994"/>
  <nd ref="4375925686"/>
  <nd ref="4375925989"/>
  <nd ref="4375925992"/>
  <nd ref="4375925993"/>
  <nd ref="4375925996"/>
  <nd ref="4375925997"/>
  <nd ref="4375925999"/>
  <nd ref="4375926001"/>
  <nd ref="4375926004"/>
  <nd ref="4375926006"/>
  <nd ref="4375926008"/>
  <nd ref="4375925675"/>
  <nd ref="4375925676"/>
  <nd ref="4375925677"/>
  <nd ref="4375925678"/>
  <nd ref="4375925679"/>
  <nd ref="4375925680"/>
  <nd ref="4375925681"/>
  <nd ref="4375925684"/>
  <nd ref="4375925682"/>
  <nd ref="4375925683"/>
  <nd ref="4375925685"/>
  <nd ref="4375925990"/>
  <nd ref="4375925687"/>
  <nd ref="4375925991"/>
  <nd ref="4375925995"/>
  <nd ref="4375925998"/>
  <nd ref="4375926000"/>
  <nd ref="2506199474"/>
  <tag k="highway" v="unclassified"/>
 </way>
 <way id="439915645" visible="true" version="2" changeset="56624761" timestamp="2018-02-23T23:52:32Z" user="alan_gr" uid="5307206">
  <nd ref="4375900974"/>
  <nd ref="4375900969"/>
  <nd ref="4375900972"/>
  <tag k="highway" v="residential"/>
  <tag k="name" v="Calle San Fernando"/>
 </way>
 <way id="439915646" visible="true" version="2" changeset="56624761" timestamp="2018-02-23T23:52:32Z" user="alan_gr" uid="5307206">
  <nd ref="4375900975"/>
  <nd ref="4375900969"/>
  <nd ref="4375900970"/>
  <nd ref="4375900971"/>
  <tag k="highway" v="residential"/>
  <tag k="name" v="Calle Álora"/>
 </way>
 <way id="439915785" visible="true" version="2" changeset="144875325" timestamp="2023-12-07T17:53:31Z" user="andi9876" uid="1256497">
  <nd ref="4375928622"/>
  <nd ref="4375928615"/>
  <nd ref="4375928616"/>
  <nd ref="4375928617"/>
  <nd ref="4375928619"/>
  <nd ref="4375928621"/>
  <nd ref="4375928618"/>
  <nd ref="4375928614"/>
  <tag k="highway" v="service"/>
 </way>
 <way id="439915809" visible="true" version="3" changeset="76521003" timestamp="2019-11-02T07:15:45Z" user="andi9876" uid="1256497">
  <nd ref="895882295"/>
  <nd ref="895882322"/>
  <nd ref="895881537"/>
  <tag k="highway" v="residential"/>
  <tag k="name" v="Calle Esperanza"/>
 </way>
 <way id="439916114" visible="true" version="3" changeset="138942555" timestamp="2023-07-24T14:16:11Z" user="Robot8A" uid="393359">
  <nd ref="1625791708"/>
  <nd ref="4375933058"/>
  <nd ref="11065050326"/>
  <nd ref="4375933060"/>
  <nd ref="4375933063"/>
  <nd ref="11065050327"/>
  <nd ref="4375933066"/>
  <nd ref="4375933067"/>
  <tag k="highway" v="tertiary"/>
  <tag k="name" v="Calle Estación"/>
  <tag k="oneway" v="yes"/>
 </way>
 <way id="439916115" visible="true" version="3" changeset="138942555" timestamp="2023-07-24T14:16:11Z" user="Robot8A" uid="393359">
  <nd ref="4375933070"/>
  <nd ref="4375933057"/>
  <nd ref="4375933059"/>
  <nd ref="4375933061"/>
  <nd ref="4375933062"/>
  <nd ref="4375933064"/>
  <tag k="highway" v="unclassified"/>
  <tag k="name" v="Calle Diego Romero"/>
 </way>
 <way id="489508913" visible="true" version="1" changeset="48152022" timestamp="2017-04-26T06:56:38Z" user="Samuel_MTB" uid="5728880">
  <nd ref="4817471551"/>
  <nd ref="2506193413"/>
  <nd ref="2506193414"/>
  <nd ref="2506193415"/>
  <nd ref="2506193416"/>
  <nd ref="2506193417"/>
  <nd ref="2506193418"/>
  <nd ref="2506193419"/>
  <nd ref="2506193420"/>
  <nd ref="2178850436"/>
  <nd ref="2506193421"/>
  <nd ref="2506185673"/>
  <nd ref="2506193422"/>
  <nd ref="2506193423"/>
  <nd ref="2506193424"/>
  <nd ref="2506193425"/>
  <nd ref="2506193426"/>
  <nd ref="2506193427"/>
  <nd ref="2506193428"/>
  <nd ref="2506193429"/>
  <nd ref="2506193430"/>
  <nd ref="2506193431"/>
  <nd ref="2506193432"/>
  <nd ref="2506193433"/>
  <tag k="highway" v="residential"/>
  <tag k="name" v="Calle Camarón de la Isla"/>
  <tag k="oneway" v="yes"/>
 </way>
 <way id="541798123" visible="true" version="2" changeset="56624761" timestamp="2018-02-23T23:52:33Z" user="alan_gr" uid="5307206">
  <nd ref="5238737509"/>
  <nd ref="5238737510"/>
  <tag k="highway" v="residential"/>
  <tag k="name" v="Calle Real"/>
 </way>
 <way id="541798124" visible="true" version="4" changeset="189558353" timestamp="2026-09-25T18:36:37Z" user="UNKNOWN2893757" uid="226908">
  <nd ref="895882365"/>
  <nd ref="6271710658"/>
  <nd ref="895882419"/>
  <nd ref="6271383020"/>
  <nd ref="2506193398"/>
  <nd ref="6271383056"/>
  <nd ref="895882128"/>
  <tag k="highway" v="tertiary"/>
  <tag k="name" v="Avenida de la Constitución"/>
  <tag k="name:etymology:wikidata" v="Q847664"/>
 </way>
 <way id="541798355" visible="true" version="2" changeset="56624761" timestamp="2018-02-23T23:52:33Z" user="alan_gr" uid="5307206">
  <nd ref="895882165"/>
  <nd ref="895882323"/>
  <tag k="highway" v="residential"/>
  <tag k="name" v="Pasaje de Jerez"/>
 </way>
 <way id="562094237" visible="true" version="1" changeset="56452342" timestamp="2018-02-18T00:01:25Z" user="alan_gr" uid="5307206">
  <nd ref="1079135019"/>
  <nd ref="4346086101"/>
  <nd ref="4346086100"/>
  <nd ref="4346086102"/>
  <nd ref="4346086103"/>
  <nd ref="1079135351"/>
  <nd ref="4346086104"/>
  <nd ref="1079134612"/>
  <nd ref="1079135651"/>
  <nd ref="4346086105"/>
  <nd ref="1079135112"/>
  <nd ref="1079135951"/>
  <nd ref="1079135421"/>
  <nd ref="1079133771"/>
  <nd ref="1079135720"/>
  <nd ref="1079134132"/>
  <nd ref="1079136031"/>
  <nd ref="1079134713"/>
  <nd ref="1079133873"/>
  <nd ref="1079135180"/>
  <nd ref="1079134310"/>
  <nd ref="1079135473"/>
  <nd ref="1079135269"/>
  <tag k="highway" v="track"/>
  <tag k="motorcar" v="yes"/>
  <tag k="mtb:scale" v="0"/>
  <tag k="surface" v="gravel"/>
  <tag k="tracktype" v="grade3"/>
  <tag k="width" v="4"/>
 </way>
 <way id="562094238" visible="true" version="1" changeset="56452342" timestamp="2018-02-18T00:01:25Z" user="alan_gr" uid="5307206">
  <nd ref="1079135269"/>
  <nd ref="1079134863"/>
  <nd ref="1079135791"/>
  <nd ref="1079135525"/>
  <tag k="highway" v="track"/>
  <tag k="motorcar" v="yes"/>
  <tag k="mtb:scale" v="0"/>
  <tag k="surface" v="gravel"/>
  <tag k="tracktype" v="grade3"/>
  <tag k="width" v="4"/>
 </way>
 <way id="562094239" visible="true" version="4" changeset="147148330" timestamp="2024-02-06T19:22:44Z" user="alan_gr" uid="5307206">
  <nd ref="1079134377"/>
  <nd ref="1079135228"/>
  <nd ref="1079133910"/>
  <nd ref="1079134809"/>
  <nd ref="1079133381"/>
  <nd ref="1079134241"/>
  <nd ref="1079135764"/>
  <nd ref="1079133843"/>
  <nd ref="11589665372"/>
  <nd ref="1079135452"/>
  <nd ref="11589665373"/>
  <nd ref="1079136008"/>
  <nd ref="1079135152"/>
  <nd ref="1079135691"/>
  <nd ref="1079134676"/>
  <nd ref="1079135399"/>
  <nd ref="1079134107"/>
  <nd ref="11592615260"/>
  <nd ref="11592615259"/>
  <nd ref="1079135088"/>
  <tag k="bicycle" v="yes"/>
  <tag k="foot" v="yes"/>
  <tag k="highway" v="path"/>
  <tag k="mtb:scale" v="2"/>
  <tag k="sac_scale" v="mountain_hiking"/>
  <tag k="surface" v="unpaved"/>
  <tag k="trail_visibility" v="good"/>
 </way>
 <way id="562094240" visible="true" version="1" changeset="56452342" timestamp="2018-02-18T00:01:25Z" user="alan_gr" uid="5307206">
  <nd ref="1079135114"/>
  <nd ref="1079133483"/>
  <tag k="bicycle" v="no"/>
  <tag k="foot" v="yes"/>
  <tag k="highway" v="path"/>
  <tag k="mtb:scale" v="5"/>
  <tag k="sac_scale" v="mountain_hiking"/>
  <tag k="stairs" v="yes"/>
  <tag k="surface" v="unpaved"/>
  <tag k="trail_visibility" v="good"/>
 </way>
 <way id="562094241" visible="true" version="1" changeset="56452342" timestamp="2018-02-18T00:01:25Z" user="alan_gr" uid="5307206">
  <nd ref="1079135355"/>
  <nd ref="2880085234"/>
  <tag k="bicycle" v="no"/>
  <tag k="foot" v="yes"/>
  <tag k="highway" v="path"/>
  <tag k="mtb:scale" v="2"/>
  <tag k="sac_scale" v="mountain_hiking"/>
  <tag k="surface" v="unpaved"/>
  <tag k="trail_visibility" v="good"/>
 </way>
 <way id="563737666" visible="true" version="2" changeset="187625936" timestamp="2026-08-18T08:28:36Z" user="MaskaevaMBx" uid="23544099">
  <nd ref="4375900971"/>
  <nd ref="4375900972"/>
  <tag k="highway" v="residential"/>
  <tag k="name" v="Calle Rodríguez Acosta"/>
 </way>
 <way id="563737667" visible="true" version="2" changeset="131930930" timestamp="2023-01-31T17:27:35Z" user="TartSound" uid="18367671">
  <nd ref="2506199493"/>
  <nd ref="2506199469"/>
  <nd ref="2506199494"/>
  <tag k="highway" v="residential"/>
  <tag k="name" v="Calle Casarabonela"/>
 </way>
 <way id="563737670" visible="true" version="1" changeset="56624761" timestamp="2018-02-23T23:52:26Z" user="alan_gr" uid="5307206">
  <nd ref="2506193459"/>
  <nd ref="1079134451"/>
  <nd ref="2178863636"/>
  <nd ref="1079135294"/>
  <nd ref="1079133977"/>
  <nd ref="2506193389"/>
  <tag k="highway" v="residential"/>
 </way>
 <way id="563737673" visible="true" version="1" changeset="56624761" timestamp="2018-02-23T23:52:26Z" user="alan_gr" uid="5307206">
  <nd ref="2506193442"/>
  <nd ref="2506193443"/>
  <tag k="highway" v="residential"/>
  <tag k="name" v="Calle Roble"/>
 </way>
 <way id="563737675" visible="true" version="1" changeset="56624761" timestamp="2018-02-23T23:52:26Z" user="alan_gr" uid="5307206">
  <nd ref="895881845"/>
  <nd ref="895882202"/>
  <nd ref="895882063"/>
  <tag k="highway" v="residential"/>
  <tag k="name" v="Cañada Revilla"/>
 </way>
 <way id="567069406" visible="true" version="2" changeset="138942555" timestamp="2023-07-24T14:16:11Z" user="Robot8A" uid="393359">
  <nd ref="2620915463"/>
  <nd ref="5459518498"/>
  <tag k="highway" v="service"/>
 </way>
 <way id="567069409" visible="true" version="1" changeset="56938478" timestamp="2018-03-06T15:07:27Z" user="alan_gr" uid="5307206">
  <nd ref="2620914965"/>
  <nd ref="5459518509"/>
  <nd ref="5459518500"/>
  <nd ref="5459518498"/>
  <nd ref="5459518508"/>
  <nd ref="5459518507"/>
  <nd ref="5459518506"/>
  <nd ref="5459518505"/>
  <nd ref="5459518504"/>
  <nd ref="5459518503"/>
  <nd ref="5459518502"/>
  <nd ref="5459518501"/>
  <nd ref="2620914965"/>
  <tag k="access" v="customers"/>
  <tag k="amenity" v="parking"/>
  <tag k="description" v="Para clientes de RENFE Cercanías"/>
  <tag k="opening_hours" v="06:30-23:00"/>
  <tag k="parking" v="surface"/>
  <tag k="surface" v="unpaved"/>
 </way>
 <way id="567069413" visible="true" version="1" changeset="56938478" timestamp="2018-03-06T15:07:27Z" user="alan_gr" uid="5307206">
  <nd ref="5459518513"/>
  <nd ref="5459518512"/>
  <nd ref="5459518511"/>
  <tag k="highway" v="footway"/>
 </way>
 <way id="567069415" visible="true" version="1" changeset="56938478" timestamp="2018-03-06T15:07:27Z" user="alan_gr" uid="5307206">
  <nd ref="5459518515"/>
  <nd ref="5459518514"/>
  <tag k="highway" v="footway"/>
 </way>
 <way id="567069416" visible="true" version="1" changeset="56938478" timestamp="2018-03-06T15:07:27Z" user="alan_gr" uid="5307206">
  <nd ref="5459518519"/>
  <nd ref="5459518515"/>
  <nd ref="5459518518"/>
  <nd ref="5459518517"/>
  <nd ref="5459518513"/>
  <nd ref="5459518516"/>
  <nd ref="5459518519"/>
  <tag k="area" v="yes"/>
  <tag k="highway" v="pedestrian"/>
 </way>
 <way id="567069419" visible="true" version="1" changeset="56938478" timestamp="2018-03-06T15:07:27Z" user="alan_gr" uid="5307206">
  <nd ref="5459520328"/>
  <nd ref="5459518520"/>
  <nd ref="5459520327"/>
  <nd ref="5459520326"/>
  <nd ref="5459520325"/>
  <nd ref="5459520324"/>
  <nd ref="5459518519"/>
  <nd ref="5459518516"/>
  <nd ref="5459520323"/>
  <nd ref="2620919940"/>
  <nd ref="5459520322"/>
  <nd ref="5459518517"/>
  <nd ref="5459518518"/>
  <nd ref="5459520328"/>
  <tag k="leisure" v="garden"/>
  <tag k="name" v="Plaza de la Iglesia"/>
  <tag k="place" v="square"/>
 </way>
 <way id="567069421" visible="true" version="2" changeset="67097291" timestamp="2019-02-11T11:37:33Z" user="km2bp" uid="3610826">
  <nd ref="5459520341"/>
  <nd ref="6271383327"/>
  <nd ref="5459520340"/>
  <nd ref="6271383304"/>
  <nd ref="6271383307"/>
  <nd ref="6271383306"/>
  <nd ref="6271383305"/>
  <nd ref="5459520339"/>
  <nd ref="5459520338"/>
  <nd ref="5459520337"/>
  <nd ref="5459520336"/>
  <nd ref="5459520335"/>
  <nd ref="5459520334"/>
  <nd ref="5459520333"/>
  <nd ref="5459520341"/>
  <tag k="area" v="yes"/>
  <tag k="highway" v="pedestrian"/>
  <tag k="surface" v="sand"/>
 </way>
 <way id="669684751" visible="true" version="4" changeset="182778259" timestamp="2026-05-17T11:05:33Z" user="km2bp" uid="3610826">
  <nd ref="5459520332"/>
  <nd ref="6271370456"/>
  <nd ref="6271370457"/>
  <nd ref="6271370458"/>
  <nd ref="5459520332"/>
  <tag k="amenity" v="theatre"/>
  <tag k="building" v="yes"/>
  <tag k="image" v="https://photos.app.goo.gl/KfyrARG2aq2VdmFKA"/>
  <tag k="mapillary" v="2871949119719172"/>
  <tag k="name" v="Casa de la Cultura"/>
 </way>
 <way id="669684754" visible="true" version="1" changeset="67097291" timestamp="2019-02-11T11:37:31Z" user="km2bp" uid="3610826">
  <nd ref="6271382352"/>
  <nd ref="6271382353"/>
  <nd ref="6271382354"/>
  <nd ref="6271382355"/>
  <nd ref="6271382352"/>
  <tag k="building" v="terrace"/>
 </way>
 <way id="669684756" visible="true" version="1" changeset="67097291" timestamp="2019-02-11T11:37:31Z" user="km2bp" uid="3610826">
  <nd ref="6271382356"/>
  <nd ref="6271382357"/>
  <nd ref="6271382358"/>
  <nd ref="6271382359"/>
  <nd ref="6271382356"/>
  <tag k="building" v="detached"/>
 </way>
 <way id="669684757" visible="true" version="1" changeset="67097291" timestamp="2019-02-11T11:37:31Z" user="km2bp" uid="3610826">
  <nd ref="6271382360"/>
  <nd ref="6271382361"/>
  <nd ref="6271382362"/>
  <nd ref="6271382363"/>
  <nd ref="6271382364"/>
  <nd ref="6271382365"/>
  <nd ref="6271382360"/>
  <tag k="building" v="detached"/>
 </way>
 <way id="669684759" visible="true" version="1" changeset="67097291" timestamp="2019-02-11T11:37:31Z" user="km2bp" uid="3610826">
  <nd ref="6271382366"/>
  <nd ref="6271382367"/>
  <nd ref="6271382368"/>
  <nd ref="6271382369"/>
  <nd ref="6271382370"/>
  <nd ref="6271382371"/>
  <nd ref="6271382366"/>
  <tag k="building" v="residential"/>
 </way>
 <way id="669684760" visible="true" version="1" changeset="67097291" timestamp="2019-02-11T11:37:31Z" user="km2bp" uid="3610826">
  <nd ref="6271382372"/>
  <nd ref="6271382373"/>
  <nd ref="6271382374"/>
  <nd ref="6271382375"/>
  <nd ref="6271382376"/>
  <nd ref="6271382377"/>
  <nd ref="6271382378"/>
  <nd ref="6271382379"/>
  <nd ref="6271382372"/>
  <tag k="building" v="residential"/>
 </way>
 <way id="669684762" visible="true" version="1" changeset="67097291" timestamp="2019-02-11T11:37:31Z" user="km2bp" uid="3610826">
  <nd ref="6271382380"/>
  <nd ref="6271382381"/>
  <nd ref="6271382382"/>
  <nd ref="6271382383"/>
  <nd ref="6271382384"/>
  <nd ref="6271382380"/>
  <tag k="leisure" v="swimming_pool"/>
 </way>
 <way id="669684764" visible="true" version="1" changeset="67097291" timestamp="2019-02-11T11:37:31Z" user="km2bp" uid="3610826">
  <nd ref="6271382985"/>
  <nd ref="6271382986"/>
  <nd ref="6271382987"/>
  <nd ref="6271382988"/>
  <nd ref="6271382989"/>
  <nd ref="6271382990"/>
  <nd ref="6271382991"/>
  <nd ref="6271382992"/>
  <nd ref="6271382993"/>
  <nd ref="6271382994"/>
  <nd ref="6271382995"/>
  <nd ref="6271382996"/>
  <nd ref="6271382997"/>
  <nd ref="6271382998"/>
  <nd ref="6271382999"/>
  <nd ref="6271383000"/>
  <nd ref="6271383001"/>
  <nd ref="6271383002"/>
  <nd ref="6271383003"/>
  <nd ref="6271383004"/>
  <nd ref="6271383005"/>
  <nd ref="6271383006"/>
  <nd ref="6271383007"/>
  <nd ref="6271383008"/>
  <nd ref="6271383009"/>
  <nd ref="6271383010"/>
  <nd ref="6271383011"/>
  <nd ref="6271382985"/>
  <tag k="building" v="terrace"/>
 </way>
 <way id="669684766" visible="true" version="1" changeset="67097291" timestamp="2019-02-11T11:37:31Z" user="km2bp" uid="3610826">
  <nd ref="6271383012"/>
  <nd ref="6271383013"/>
  <nd ref="6271383014"/>
  <nd ref="6271383015"/>
  <nd ref="6271383012"/>
  <tag k="building" v="residential"/>
 </way>
 <way id="669684768" visible="true" version="1" changeset="67097291" timestamp="2019-02-11T11:37:31Z" user="km2bp" uid="3610826">
  <nd ref="6271383014"/>
  <nd ref="6271383013"/>
  <nd ref="6271383016"/>
  <nd ref="6271383017"/>
  <nd ref="6271383018"/>
  <nd ref="6271383014"/>
  <tag k="building" v="residential"/>
 </way>
 <way id="669684770" visible="true" version="3" changeset="175729130" timestamp="2025-12-09T19:40:26Z" user="kapazao_import" uid="8770019">
  <nd ref="6271383019"/>
  <nd ref="6271383020"/>
  <nd ref="6271383021"/>
  <tag k="crossing" v="uncontrolled"/>
  <tag k="crossing:markings" v="zebra"/>
  <tag k="footway" v="crossing"/>
  <tag k="highway" v="footway"/>
 </way>
 <way id="669684772" visible="true" version="1" changeset="67097291" timestamp="2019-02-11T11:37:31Z" user="km2bp" uid="3610826">
  <nd ref="6271383075"/>
  <nd ref="6271383076"/>
  <nd ref="6271383077"/>
  <nd ref="6271383078"/>
  <nd ref="6271383079"/>
  <nd ref="6271383080"/>
  <nd ref="6271383081"/>
  <nd ref="6271383082"/>
  <nd ref="6271383075"/>
  <tag k="building" v="residential"/>
 </way>
 <way id="669684774" visible="true" version="1" changeset="67097291" timestamp="2019-02-11T11:37:31Z" user="km2bp" uid="3610826">
  <nd ref="6271383084"/>
  <nd ref="6271383285"/>
  <nd ref="6271383286"/>
  <nd ref="6271383076"/>
  <nd ref="6271383075"/>
  <nd ref="6271383287"/>
  <nd ref="6271383288"/>
  <nd ref="6271383289"/>
  <nd ref="6271383290"/>
  <nd ref="6271383291"/>
  <nd ref="6271383292"/>
  <nd ref="6271383293"/>
  <nd ref="6271383084"/>
  <tag k="building" v="residential"/>
 </way>
 <way id="669684776" visible="true" version="1" changeset="67097291" timestamp="2019-02-11T11:37:31Z" user="km2bp" uid="3610826">
  <nd ref="6271383294"/>
  <nd ref="6271383295"/>
  <nd ref="6271383296"/>
  <nd ref="6271383297"/>
  <nd ref="6271383294"/>
  <tag k="building" v="terrace"/>
 </way>
 <way id="669684778" visible="true" version="3" changeset="175729130" timestamp="2025-12-09T19:40:26Z" user="kapazao_import" uid="8770019">
  <nd ref="6271383298"/>
  <nd ref="6271383299"/>
  <nd ref="6271383300"/>
  <tag k="crossing" v="uncontrolled"/>
  <tag k="crossing:markings" v="zebra"/>
  <tag k="footway" v="crossing"/>
  <tag k="highway" v="footway"/>
 </way>
 <way id="669684780" visible="true" version="1" changeset="67097291" timestamp="2019-02-11T11:37:31Z" user="km2bp" uid="3610826">
  <nd ref="6271383306"/>
  <nd ref="6271383305"/>
  <nd ref="6271383308"/>
  <nd ref="6271383309"/>
  <nd ref="6271383310"/>
  <nd ref="6271383311"/>
  <nd ref="6271383312"/>
  <nd ref="6271383313"/>
  <nd ref="6271383314"/>
  <nd ref="6271383315"/>
  <nd ref="6271383316"/>
  <nd ref="6271383317"/>
  <nd ref="6271383318"/>
  <nd ref="6271383319"/>
  <nd ref="6271383320"/>
  <nd ref="6271383321"/>
  <nd ref="6271383322"/>
  <nd ref="6271383327"/>
  <nd ref="5459520340"/>
  <nd ref="6271383323"/>
  <nd ref="6271383324"/>
  <nd ref="6271383325"/>
  <nd ref="6271383326"/>
  <nd ref="6271383304"/>
  <nd ref="6271383307"/>
  <nd ref="6271383306"/>
  <tag k="building" v="terrace"/>
 </way>
 <way id="669684782" visible="true" version="1" changeset="67097291" timestamp="2019-02-11T11:37:32Z" user="km2bp" uid="3610826">
  <nd ref="6271383328"/>
  <nd ref="6271383329"/>
  <nd ref="6271383330"/>
  <nd ref="6271383331"/>
  <nd ref="6271383332"/>
  <nd ref="6271383333"/>
  <nd ref="6271383328"/>
  <tag k="building" v="residential"/>
 </way>
 <way id="669684784" visible="true" version="1" changeset="67097291" timestamp="2019-02-11T11:37:32Z" user="km2bp" uid="3610826">
  <nd ref="6271383334"/>
  <nd ref="6271383335"/>
  <nd ref="6271383336"/>
  <nd ref="6271383337"/>
  <nd ref="6271383334"/>
  <tag k="building" v="terrace"/>
 </way>
 <way id="669684786" visible="true" version="1" changeset="67097291" timestamp="2019-02-11T11:37:32Z" user="km2bp" uid="3610826">
  <nd ref="6271383338"/>
  <nd ref="6271383339"/>
  <nd ref="6271383340"/>
  <nd ref="6271383341"/>
  <nd ref="6271383342"/>
  <nd ref="6271383343"/>
  <nd ref="6271383338"/>
  <tag k="building" v="terrace"/>
 </way>
 <way id="669684788" visible="true" version="1" changeset="67097291" timestamp="2019-02-11T11:37:32Z" user="km2bp" uid="3610826">
  <nd ref="6271383344"/>
  <nd ref="6271383345"/>
  <nd ref="6271383346"/>
  <nd ref="6271383347"/>
  <nd ref="6271383344"/>
  <tag k="building" v="detached"/>
 </way>
 <way id="669684789" visible="true" version="1" changeset="67097291" timestamp="2019-02-11T11:37:32Z" user="km2bp" uid="3610826">
  <nd ref="6271383348"/>
  <nd ref="6271383349"/>
  <nd ref="6271383350"/>
  <nd ref="6271383351"/>
  <nd ref="6271383348"/>
  <tag k="building" v="residential"/>
 </way>
 <way id="669684791" visible="true" version="1" changeset="67097291" timestamp="2019-02-11T11:37:32Z" user="km2bp" uid="3610826">
  <nd ref="6271383352"/>
  <nd ref="6271383353"/>
  <nd ref="6271383354"/>
  <nd ref="6271383355"/>
  <nd ref="6271383352"/>
  <tag k="leisure" v="swimming_pool"/>
 </way>
 <way id="669684793" visible="true" version="3" changeset="175729130" timestamp="2025-12-09T19:40:26Z" user="kapazao_import" uid="8770019">
  <nd ref="6271383356"/>
  <nd ref="6271383357"/>
  <nd ref="6271383358"/>
  <tag k="crossing" v="uncontrolled"/>
  <tag k="crossing:markings" v="zebra"/>
  <tag k="footway" v="crossing"/>
  <tag k="highway" v="footway"/>
 </way>
 <way id="669684795" visible="true" version="3" changeset="150564586" timestamp="2024-04-27T05:33:07Z" user="kräckel" uid="1092114">
  <nd ref="2620919939"/>
  <nd ref="6271383360"/>
  <nd ref="6271383361"/>
  <nd ref="6271383362"/>
  <nd ref="6271383363"/>
  <nd ref="6271383364"/>
  <nd ref="2620919939"/>
  <tag k="amenity" v="police"/>
  <tag k="building" v="yes"/>
  <tag k="name" v="Policía Local"/>
  <tag k="operator" v="Policía Local"/>
  <tag k="operator:wikidata" v="Q1507792"/>
  <tag k="operator:wikipedia" v="es:Policía local de España"/>
 </way>
 <way id="669712655" visible="true" version="4" changeset="182778259" timestamp="2026-05-17T11:05:33Z" user="km2bp" uid="3610826">
  <nd ref="6271710138"/>
  <nd ref="6271710139"/>
  <nd ref="6271710140"/>
  <nd ref="6271710141"/>
  <nd ref="6271710142"/>
  <nd ref="6271710143"/>
  <nd ref="6271710144"/>
  <nd ref="6271710145"/>
  <nd ref="6271710146"/>
  <nd ref="6271710147"/>
  <nd ref="6271710148"/>
  <nd ref="6271710149"/>
  <nd ref="6271710150"/>
  <nd ref="6271710151"/>
  <nd ref="6271710152"/>
  <nd ref="6271710153"/>
  <nd ref="6271710154"/>
  <nd ref="6271710155"/>
  <nd ref="6271710156"/>
  <nd ref="6271710157"/>
  <nd ref="6271710158"/>
  <nd ref="6271710159"/>
  <nd ref="6271710138"/>
  <tag k="building" v="yes"/>
  <tag k="image" v="https://photos.app.goo.gl/jSRdygeyYPiuGqXJ8"/>
  <tag k="mapillary" v="2931072313828773"/>
 </way>
 <way id="669712656" visible="true" version="3" changeset="175729130" timestamp="2025-12-09T19:40:26Z" user="kapazao_import" uid="8770019">
  <nd ref="6271710160"/>
  <nd ref="6271710161"/>
  <nd ref="6271710162"/>
  <tag k="crossing" v="uncontrolled"/>
  <tag k="crossing:markings" v="zebra"/>
  <tag k="footway" v="crossing"/>
  <tag k="highway" v="footway"/>
 </way>
 <way id="669712657" visible="true" version="3" changeset="175729130" timestamp="2025-12-09T19:40:26Z" user="kapazao_import" uid="8770019">
  <nd ref="6271710163"/>
  <nd ref="6271710164"/>
  <nd ref="6271710165"/>
  <tag k="crossing" v="uncontrolled"/>
  <tag k="crossing:markings" v="zebra"/>
  <tag k="footway" v="crossing"/>
  <tag k="highway" v="footway"/>
 </way>
 <way id="669712658" visible="true" version="1" changeset="67101075" timestamp="2019-02-11T13:51:17Z" user="km2bp" uid="3610826">
  <nd ref="6271710167"/>
  <nd ref="6271710168"/>
  <tag k="barrier" v="retaining_wall"/>
 </way>
 <way id="669712659" visible="true" version="4" changeset="182778259" timestamp="2026-05-17T11:05:33Z" user="km2bp" uid="3610826">
  <nd ref="6271710177"/>
  <nd ref="6271710178"/>
  <nd ref="6271710179"/>
  <nd ref="6271710180"/>
  <nd ref="6271710177"/>
  <tag k="building" v="residential"/>
  <tag k="image" v="https://photos.app.goo.gl/QLAutjRKrcrd6cTi8"/>
  <tag k="mapillary" v="464365748150910"/>
  <tag k="name" v="Casa Consistorial"/>
 </way>
 <way id="669712660" visible="true" version="3" changeset="175729130" timestamp="2025-12-09T19:40:26Z" user="kapazao_import" uid="8770019">
  <nd ref="6271710657"/>
  <nd ref="6271710658"/>
  <nd ref="6271710659"/>
  <tag k="crossing" v="uncontrolled"/>
  <tag k="crossing:markings" v="zebra"/>
  <tag k="footway" v="crossing"/>
  <tag k="highway" v="footway"/>
 </way>
 <way id="669712661" visible="true" version="3" changeset="175729130" timestamp="2025-12-09T19:40:26Z" user="kapazao_import" uid="8770019">
  <nd ref="6271710660"/>
  <nd ref="6271710661"/>
  <nd ref="6271710662"/>
  <tag k="crossing" v="uncontrolled"/>
  <tag k="crossing:markings" v="zebra"/>
  <tag k="footway" v="crossing"/>
  <tag k="highway" v="footway"/>
 </way>
 <way id="669712662" visible="true" version="3" changeset="175729130" timestamp="2025-12-09T19:40:26Z" user="kapazao_import" uid="8770019">
  <nd ref="6271710663"/>
  <nd ref="6271710664"/>
  <nd ref="6271710665"/>
  <tag k="crossing" v="uncontrolled"/>
  <tag k="crossing:markings" v="zebra"/>
  <tag k="footway" v="crossing"/>
  <tag k="highway" v="footway"/>
 </way>
 <way id="669712663" visible="true" version="3" changeset="175729130" timestamp="2025-12-09T19:40:26Z" user="kapazao_import" uid="8770019">
  <nd ref="6271710666"/>
  <nd ref="6271710667"/>
  <nd ref="6271710668"/>
  <tag k="crossing" v="uncontrolled"/>
  <tag k="crossing:markings" v="zebra"/>
  <tag k="footway" v="crossing"/>
  <tag k="highway" v="footway"/>
 </way>
 <way id="741170089" visible="true" version="4" changeset="118823487" timestamp="2022-03-23T14:08:39Z" user="bkr" uid="40560">
  <nd ref="2506209460"/>
  <nd ref="2506209462"/>
  <nd ref="2506209464"/>
  <tag k="bridge" v="yes"/>
  <tag k="highway" v="residential"/>
  <tag k="layer" v="1"/>
  <tag k="lit" v="yes"/>
  <tag k="name" v="Cañada Revilla"/>
  <tag k="sidewalk" v="left"/>
  <tag k="surface" v="asphalt"/>
 </way>
 <way id="741170090" visible="true" version="4" changeset="118823487" timestamp="2022-03-23T14:08:41Z" user="bkr" uid="40560">
  <nd ref="2506209464"/>
  <nd ref="2506209466"/>
  <nd ref="2506209468"/>
  <nd ref="895881845"/>
  <tag k="highway" v="residential"/>
  <tag k="lit" v="yes"/>
  <tag k="name" v="Cañada Revilla"/>
  <tag k="sidewalk" v="left"/>
  <tag k="surface" v="asphalt"/>
 </way>
 <way id="860212855" visible="true" version="1" changeset="92640614" timestamp="2020-10-17T19:57:38Z" user="Begavil84" uid="1725439">
  <nd ref="8017257474"/>
  <nd ref="8017257475"/>
  <nd ref="8017257476"/>
  <tag k="natural" v="tree_row"/>
 </way>
 <way id="885301990" visible="true" version="2" changeset="189613725" timestamp="2026-09-27T05:47:17Z" user="horstsun" uid="685410">
  <nd ref="2178863648"/>
  <nd ref="2178863646"/>
  <tag k="highway" v="residential"/>
 </way>
 <way id="885301991" visible="true" version="1" changeset="95902454" timestamp="2020-12-15T22:02:48Z" user="itrivi" uid="2021536">
  <nd ref="895882108"/>
  <nd ref="2880085212"/>
  <tag k="highway" v="path"/>
 </way>
 <way id="1042938880" visible="true" version="2" changeset="189354027" timestamp="2026-09-21T15:13:33Z" user="UNKNOWN2893757" uid="226908">
  <nd ref="2506185690"/>
  <nd ref="2506193383"/>
  <tag k="highway" v="residential"/>
  <tag k="name" v="Calle Miguel de Cervantes"/>
  <tag k="name:etymology:wikidata" v="Q5682"/>
 </way>
 <way id="1042938881" visible="true" version="2" changeset="118952511" timestamp="2022-03-26T15:45:42Z" user="ratrun" uid="474183">
  <nd ref="2178863642"/>
  <nd ref="9599732608"/>
  <tag k="highway" v="steps"/>
 </way>
 <way id="1042956470" visible="true" version="2" changeset="118823782" timestamp="2022-03-23T14:15:27Z" user="bkr" uid="40560">
  <nd ref="9599830190"/>
  <nd ref="2506209462"/>
  <tag k="bridge" v="yes"/>
  <tag k="foot" v="yes"/>
  <tag k="highway" v="cycleway"/>
  <tag k="segregated" v="no"/>
  <tag k="surface" v="metal"/>
 </way>
 <way id="1042956471" visible="true" version="1" changeset="118823498" timestamp="2022-03-23T14:08:54Z" user="bkr" uid="40560">
  <nd ref="895882105"/>
  <nd ref="9599830190"/>
  <tag k="foot" v="yes"/>
  <tag k="highway" v="cycleway"/>
 </way>
 <way id="1043243698" visible="true" version="2" changeset="143261319" timestamp="2023-10-28T13:11:51Z" user="JJJWegdam" uid="1758654">
  <nd ref="895881984"/>
  <nd ref="9601682914"/>
  <nd ref="9601682906"/>
  <nd ref="9601682913"/>
  <nd ref="9601682916"/>
  <tag k="railway" v="rail"/>
  <tag k="railway:asfa" v="yes"/>
 </way>
 <way id="1043243699" visible="true" version="2" changeset="143261319" timestamp="2023-10-28T13:11:51Z" user="JJJWegdam" uid="1758654">
  <nd ref="9601682907"/>
  <nd ref="9601682910"/>
  <tag k="bridge" v="yes"/>
  <tag k="electrified" v="contact_line"/>
  <tag k="frequency" v="0"/>
  <tag k="gauge" v="1668"/>
  <tag k="maxspeed" v="160"/>
  <tag k="railway" v="rail"/>
  <tag k="railway:asfa" v="yes"/>
  <tag k="service" v="siding"/>
  <tag k="voltage" v="3000"/>
 </way>
 <way id="1043243700" visible="true" version="1" changeset="118836764" timestamp="2022-03-23T20:05:50Z" user="bkr" uid="40560">
  <nd ref="9601682908"/>
  <nd ref="895881845"/>
  <tag k="highway" v="residential"/>
 </way>
 <way id="1043243701" visible="true" version="2" changeset="143261319" timestamp="2023-10-28T13:11:51Z" user="JJJWegdam" uid="1758654">
  <nd ref="9601682910"/>
  <nd ref="9601682916"/>
  <nd ref="895882109"/>
  <nd ref="7567516179"/>
  <nd ref="895881957"/>
  <nd ref="895882313"/>
  <nd ref="895881779"/>
  <nd ref="895882130"/>
  <nd ref="895881984"/>
  <nd ref="895881748"/>
  <tag k="electrified" v="contact_line"/>
  <tag k="frequency" v="0"/>
  <tag k="gauge" v="1668"/>
  <tag k="maxspeed" v="160"/>
  <tag k="railway" v="rail"/>
  <tag k="railway:asfa" v="yes"/>
  <tag k="service" v="siding"/>
  <tag k="voltage" v="3000"/>
 </way>
 <way id="1043243702" visible="true" version="1" changeset="118836764" timestamp="2022-03-23T20:05:50Z" user="bkr" uid="40560">
  <nd ref="9601682912"/>
  <nd ref="9601682911"/>
  <nd ref="2620915467"/>
  <tag k="highway" v="path"/>
  <tag k="surface" v="gravel"/>
 </way>
 <way id="1132724798" visible="true" version="1" changeset="131373839" timestamp="2023-01-17T11:12:25Z" user="lorenzomoreno" uid="6600498">
  <nd ref="4346085576"/>
  <nd ref="10561888586"/>
  <nd ref="10561888587"/>
  <nd ref="10561888588"/>
  <nd ref="10561888589"/>
  <nd ref="10561888590"/>
  <nd ref="10561888591"/>
  <nd ref="10561888592"/>
  <nd ref="10561888593"/>
  <nd ref="10561888594"/>
  <nd ref="10561888595"/>
  <nd ref="10561888596"/>
  <nd ref="10561888597"/>
  <nd ref="10561888598"/>
  <nd ref="10561888599"/>
  <nd ref="10561888600"/>
  <nd ref="10561888601"/>
  <nd ref="10561888602"/>
  <nd ref="10561888603"/>
  <nd ref="10561888604"/>
  <nd ref="10561888605"/>
  <nd ref="10561888606"/>
  <nd ref="10561888607"/>
  <nd ref="10561888608"/>
  <nd ref="10561934609"/>
  <nd ref="10561934610"/>
  <nd ref="10561934611"/>
  <nd ref="10561934612"/>
  <nd ref="10561934613"/>
  <tag k="highway" v="path"/>
 </way>
 <way id="1191850276" visible="true" version="1" changeset="138942555" timestamp="2023-07-24T14:16:11Z" user="Robot8A" uid="393359">
  <nd ref="481276514"/>
  <nd ref="1625791710"/>
  <tag k="highway" v="secondary"/>
  <tag k="name" v="Carretera Pizarra-Coín"/>
  <tag k="oneway" v="yes"/>
  <tag k="ref" v="A-7054"/>
  <tag k="source" v="PNOA"/>
 </way>
 <way id="1191850277" visible="true" version="1" changeset="138942555" timestamp="2023-07-24T14:16:11Z" user="Robot8A" uid="393359">
  <nd ref="2620914967"/>
  <nd ref="481276514"/>
  <tag k="highway" v="secondary"/>
  <tag k="name" v="Carretera Pizarra-Coín"/>
  <tag k="oneway" v="yes"/>
  <tag k="ref" v="A-7054"/>
  <tag k="source" v="PNOA"/>
 </way>
 <way id="1191850278" visible="true" version="1" changeset="138942555" timestamp="2023-07-24T14:16:11Z" user="Robot8A" uid="393359">
  <nd ref="11065050333"/>
  <nd ref="11065050332"/>
  <nd ref="11065050331"/>
  <tag k="highway" v="tertiary"/>
  <tag k="name" v="Calle Estación"/>
  <tag k="oneway" v="yes"/>
 </way>
 <way id="1191850279" visible="true" version="1" changeset="138942555" timestamp="2023-07-24T14:16:11Z" user="Robot8A" uid="393359">
  <nd ref="11065050331"/>
  <nd ref="895882350"/>
  <tag k="highway" v="tertiary"/>
  <tag k="name" v="Calle Estación"/>
  <tag k="oneway" v="yes"/>
 </way>
 <way id="1191850280" visible="true" version="1" changeset="138942555" timestamp="2023-07-24T14:16:11Z" user="Robot8A" uid="393359">
  <nd ref="11065050334"/>
  <nd ref="6938752978"/>
  <tag k="highway" v="secondary"/>
  <tag k="name" v="Álora Ventorro"/>
  <tag k="oneway" v="yes"/>
  <tag k="ref" v="A-7054"/>
  <tag k="source" v="PNOA"/>
 </way>
 <way id="1191850281" visible="true" version="1" changeset="138942555" timestamp="2023-07-24T14:16:11Z" user="Robot8A" uid="393359">
  <nd ref="6938752978"/>
  <nd ref="1625791734"/>
  <tag k="highway" v="secondary"/>
  <tag k="name" v="Álora Ventorro"/>
  <tag k="oneway" v="yes"/>
  <tag k="ref" v="A-7054"/>
  <tag k="source" v="PNOA"/>
 </way>
 <way id="1191850282" visible="true" version="2" changeset="145624405" timestamp="2023-12-28T15:07:39Z" user="1998alexkane" uid="6107419">
  <nd ref="11065050336"/>
  <nd ref="11065050337"/>
  <nd ref="11065050338"/>
  <nd ref="1625791729"/>
  <tag k="access" v="no"/>
  <tag k="bus" v="designated"/>
  <tag k="highway" v="secondary_link"/>
  <tag k="oneway" v="yes"/>
 </way>
 <way id="1191850283" visible="true" version="1" changeset="138942555" timestamp="2023-07-24T14:16:11Z" user="Robot8A" uid="393359">
  <nd ref="4375933064"/>
  <nd ref="11065050339"/>
  <nd ref="4375933065"/>
  <nd ref="1625791727"/>
  <tag k="highway" v="unclassified"/>
  <tag k="name" v="Calle Diego Romero"/>
  <tag k="oneway" v="yes"/>
 </way>
 <way id="1191850284" visible="true" version="1" changeset="138942555" timestamp="2023-07-24T14:16:11Z" user="Robot8A" uid="393359">
  <nd ref="2620914973"/>
  <nd ref="1625791712"/>
  <tag k="highway" v="tertiary"/>
  <tag k="name" v="Calle Estación"/>
  <tag k="oneway" v="yes"/>
 </way>
 <way id="1191850285" visible="true" version="1" changeset="138942555" timestamp="2023-07-24T14:16:11Z" user="Robot8A" uid="393359">
  <nd ref="1625791712"/>
  <nd ref="1625791713"/>
  <tag k="highway" v="tertiary"/>
  <tag k="name" v="Calle Estación"/>
  <tag k="oneway" v="yes"/>
 </way>
 <way id="1229502016" visible="true" version="4" changeset="163752372" timestamp="2025-03-17T22:18:55Z" user="kapazao" uid="7543375">
  <nd ref="3692244355"/>
  <nd ref="3692244354"/>
  <nd ref="3692244353"/>
  <nd ref="3692244352"/>
  <nd ref="3692244351"/>
  <nd ref="3692244350"/>
  <nd ref="3692244349"/>
  <nd ref="3692244348"/>
  <nd ref="3692244347"/>
  <nd ref="3692244346"/>
  <nd ref="3692244345"/>
  <nd ref="3692244344"/>
  <nd ref="3692244343"/>
  <nd ref="3692244342"/>
  <nd ref="3692244341"/>
  <nd ref="3692244340"/>
  <nd ref="3692244339"/>
  <nd ref="3692244338"/>
  <nd ref="3692244337"/>
  <nd ref="3692244336"/>
  <nd ref="3692244335"/>
  <nd ref="3692244334"/>
  <nd ref="3692244333"/>
  <nd ref="3692244332"/>
  <nd ref="3692244331"/>
  <nd ref="3692244330"/>
  <nd ref="3692244329"/>
  <nd ref="3692244328"/>
  <nd ref="3692244327"/>
  <nd ref="3692244326"/>
  <nd ref="3692244325"/>
  <nd ref="3692243224"/>
  <nd ref="3692243223"/>
  <nd ref="3692243222"/>
  <nd ref="3692243221"/>
  <nd ref="3692243220"/>
  <nd ref="3692243219"/>
  <nd ref="3692243218"/>
  <nd ref="3692243217"/>
  <nd ref="3692243216"/>
  <nd ref="3692243215"/>
  <nd ref="3692243214"/>
  <nd ref="3692243213"/>
  <nd ref="3692243212"/>
  <nd ref="3692243211"/>
  <nd ref="3692243210"/>
  <nd ref="3692243209"/>
  <nd ref="3692243208"/>
  <nd ref="3692243207"/>
  <nd ref="3692243206"/>
  <nd ref="3692243205"/>
  <nd ref="3692243204"/>
  <nd ref="3692243203"/>
  <nd ref="9218568330"/>
  <nd ref="3692243201"/>
  <nd ref="3692243200"/>
  <nd ref="3692243199"/>
  <nd ref="3692243198"/>
  <nd ref="3692243197"/>
  <nd ref="3692243196"/>
  <nd ref="3692243195"/>
  <nd ref="3692243194"/>
  <nd ref="3692243193"/>
  <nd ref="3692243192"/>
  <nd ref="3692243191"/>
  <nd ref="4375926005"/>
  <nd ref="3692243190"/>
  <nd ref="3692243189"/>
  <nd ref="3692243188"/>
  <nd ref="3692243187"/>
  <nd ref="3692243186"/>
  <nd ref="4375900974"/>
  <nd ref="12674314746"/>
  <nd ref="353286974"/>
  <tag k="highway" v="secondary"/>
  <tag k="lanes" v="2"/>
  <tag k="lanes:backward" v="1"/>
  <tag k="lanes:forward" v="1"/>
  <tag k="name" v="Carretera de Antequera a Zalea"/>
  <tag k="ref" v="A-343"/>
  <tag k="surface" v="asphalt"/>
 </way>
 <way id="1229502774" visible="true" version="2" changeset="163752372" timestamp="2025-03-17T22:18:55Z" user="kapazao" uid="7543375">
  <nd ref="353286912"/>
  <nd ref="11401442567"/>
  <nd ref="2178823783"/>
  <tag k="highway" v="secondary"/>
  <tag k="lanes" v="1"/>
  <tag k="name" v="Carretera de Antequera a Zalea"/>
  <tag k="oneway" v="yes"/>
  <tag k="ref" v="A-343"/>
  <tag k="surface" v="asphalt"/>
 </way>
 <way id="1229502775" visible="true" version="3" changeset="186641077" timestamp="2026-07-30T12:17:54Z" user="Palary" uid="20415443">
  <nd ref="2178823780"/>
  <nd ref="11401442566"/>
  <nd ref="11401443669"/>
  <nd ref="353286912"/>
  <tag k="highway" v="secondary"/>
  <tag k="lanes" v="1"/>
  <tag k="name" v="Carretera de Antequera a Zalea"/>
  <tag k="oneway" v="yes"/>
  <tag k="ref" v="A-343"/>
  <tag k="surface" v="asphalt"/>
 </way>
 <way id="1229502776" visible="true" version="2" changeset="163752372" timestamp="2025-03-17T22:18:55Z" user="kapazao" uid="7543375">
  <nd ref="2178823735"/>
  <nd ref="3692243182"/>
  <nd ref="12674314745"/>
  <nd ref="353286974"/>
  <tag k="highway" v="secondary"/>
  <tag k="lanes" v="1"/>
  <tag k="name" v="Carretera de Antequera a Zalea"/>
  <tag k="oneway" v="yes"/>
  <tag k="ref" v="A-343"/>
  <tag k="surface" v="asphalt"/>
 </way>
 <way id="1229502777" visible="true" version="3" changeset="186641077" timestamp="2026-07-30T12:17:54Z" user="Palary" uid="20415443">
  <nd ref="353286974"/>
  <nd ref="11401442565"/>
  <nd ref="11401442564"/>
  <nd ref="14061425390"/>
  <nd ref="2178823678"/>
  <tag k="highway" v="secondary"/>
  <tag k="lanes" v="1"/>
  <tag k="name" v="Carretera de Antequera a Zalea"/>
  <tag k="oneway" v="yes"/>
  <tag k="ref" v="A-343"/>
  <tag k="surface" v="asphalt"/>
 </way>
 <way id="1229502904" visible="true" version="2" changeset="163752372" timestamp="2025-03-17T22:18:55Z" user="kapazao" uid="7543375">
  <nd ref="2178823763"/>
  <nd ref="11401402294"/>
  <nd ref="481276532"/>
  <tag k="highway" v="secondary"/>
  <tag k="lanes" v="1"/>
  <tag k="name" v="Álora Ventorro"/>
  <tag k="oneway" v="yes"/>
  <tag k="ref" v="A-7054"/>
  <tag k="source" v="PNOA"/>
 </way>
 <way id="1229502905" visible="true" version="2" changeset="163752372" timestamp="2025-03-17T22:18:55Z" user="kapazao" uid="7543375">
  <nd ref="481276532"/>
  <nd ref="2178823712"/>
  <tag k="highway" v="secondary"/>
  <tag k="lanes" v="1"/>
  <tag k="name" v="Álora Ventorro"/>
  <tag k="oneway" v="yes"/>
  <tag k="ref" v="A-7054"/>
  <tag k="source" v="PNOA"/>
 </way>
 <way id="1229503451" visible="true" version="1" changeset="144875325" timestamp="2023-12-07T17:53:31Z" user="andi9876" uid="1256497">
  <nd ref="11401448794"/>
  <nd ref="11401448795"/>
  <nd ref="11401448799"/>
  <nd ref="11401448793"/>
  <nd ref="11401448802"/>
  <nd ref="11401448796"/>
  <nd ref="11401448797"/>
  <nd ref="4375928614"/>
  <nd ref="4375928620"/>
  <tag k="highway" v="service"/>
 </way>
 <way id="1248664139" visible="true" version="1" changeset="147276639" timestamp="2024-02-09T23:20:07Z" user="5R-MFT" uid="3417876">
  <nd ref="9601698918"/>
  <nd ref="11606213892"/>
  <nd ref="11606213893"/>
  <nd ref="11606213894"/>
  <nd ref="11606213895"/>
  <nd ref="11606213896"/>
  <nd ref="11606213897"/>
  <nd ref="9601698918"/>
  <tag k="landuse" v="cemetery"/>
 </way>
 <way id="1308396789" visible="true" version="2" changeset="159581504" timestamp="2024-11-25T16:41:27Z" user="alan_gr" uid="5307206">
  <nd ref="4375926002"/>
  <nd ref="12374031695"/>
  <nd ref="12374031696"/>
  <nd ref="12116479513"/>
  <nd ref="12116479514"/>
  <nd ref="12116479515"/>
  <nd ref="12116479516"/>
  <nd ref="12374031697"/>
  <nd ref="12116479517"/>
  <nd ref="12116479518"/>
  <nd ref="12116479519"/>
  <nd ref="12116479520"/>
  <nd ref="12116479521"/>
  <nd ref="12116479522"/>
  <tag k="highway" v="path"/>
  <tag k="surface" v="ground"/>
 </way>
 <way id="1317616763" visible="true" version="1" changeset="157000884" timestamp="2024-09-23T15:24:56Z" user="Mikecron" uid="217312">
  <nd ref="12194855056"/>
  <nd ref="12194855057"/>
  <nd ref="12194855058"/>
  <nd ref="12194855059"/>
  <nd ref="12194855056"/>
  <tag k="historic" v="monument"/>
  <tag k="inscription" v="Sagrado Corazón de Jesús"/>
  <tag k="name" v="El Santo de Pizarra"/>
 </way>
 <way id="1317616764" visible="true" version="1" changeset="157000884" timestamp="2024-09-23T15:24:56Z" user="Mikecron" uid="217312">
  <nd ref="12194855078"/>
  <nd ref="12194855060"/>
  <nd ref="12194855061"/>
  <nd ref="12194855062"/>
  <nd ref="12194855063"/>
  <nd ref="12194855064"/>
  <nd ref="12194855065"/>
  <nd ref="12194855066"/>
  <nd ref="12194855067"/>
  <nd ref="12194855068"/>
  <nd ref="12194855069"/>
  <nd ref="12194855070"/>
  <nd ref="12194855071"/>
  <nd ref="12194855072"/>
  <nd ref="12194855073"/>
  <nd ref="12194855074"/>
  <nd ref="12194855075"/>
  <nd ref="12194855076"/>
  <nd ref="12194855077"/>
  <tag k="barrier" v="fence"/>
 </way>
 <way id="1317616765" visible="true" version="1" changeset="157000884" timestamp="2024-09-23T15:24:56Z" user="Mikecron" uid="217312">
  <nd ref="12194855088"/>
  <nd ref="12194855089"/>
  <nd ref="12194855090"/>
  <nd ref="12194855091"/>
  <nd ref="12194855088"/>
  <tag k="building" v="yes"/>
 </way>
 <way id="1317616766" visible="true" version="1" changeset="157000884" timestamp="2024-09-23T15:24:56Z" user="Mikecron" uid="217312">
  <nd ref="12194855092"/>
  <nd ref="12194855093"/>
  <nd ref="12194855094"/>
  <nd ref="12194855095"/>
  <nd ref="12194855096"/>
  <nd ref="12194855097"/>
  <nd ref="12194855098"/>
  <nd ref="12194855099"/>
  <tag k="highway" v="path"/>
 </way>
 <way id="1337754638" visible="true" version="1" changeset="159581504" timestamp="2024-11-25T16:41:27Z" user="alan_gr" uid="5307206">
  <nd ref="12374059403"/>
  <nd ref="11401433502"/>
  <nd ref="12374031700"/>
  <nd ref="11401433529"/>
  <nd ref="11401433509"/>
  <nd ref="11401433527"/>
  <nd ref="11401433472"/>
  <nd ref="11401433534"/>
  <nd ref="11401433512"/>
  <nd ref="11401433495"/>
  <nd ref="11401433474"/>
  <nd ref="11401433520"/>
  <nd ref="11401433517"/>
  <nd ref="11401433507"/>
  <nd ref="11401433533"/>
  <nd ref="11401433483"/>
  <nd ref="11401433522"/>
  <nd ref="11401433506"/>
  <nd ref="11401433536"/>
  <nd ref="11401433504"/>
  <nd ref="11401433516"/>
  <nd ref="11401433523"/>
  <nd ref="12374031694"/>
  <nd ref="4375926002"/>
  <tag k="access" v="no"/>
  <tag k="foot" v="yes"/>
  <tag k="highway" v="footway"/>
  <tag k="sac_scale" v="strolling"/>
  <tag k="smoothness" v="excellent"/>
  <tag k="surface" v="wood"/>
  <tag k="width" v="1.5"/>
 </way>
 <way id="1365392138" visible="true" version="2" changeset="176200563" timestamp="2025-12-21T00:02:30Z" user="J Blanca" uid="21792701">
  <nd ref="1596534280"/>
  <nd ref="12644108681"/>
  <nd ref="12644108682"/>
  <nd ref="4346085582"/>
  <tag k="highway" v="residential"/>
  <tag k="name" v="Calle Encina"/>
 </way>
 <way id="1365392139" visible="true" version="2" changeset="172476793" timestamp="2025-09-26T09:56:40Z" user="kapazao" uid="7543375">
  <nd ref="12644108693"/>
  <nd ref="12644108694"/>
  <nd ref="12644108695"/>
  <nd ref="12644108696"/>
  <nd ref="12644108697"/>
  <nd ref="12644108698"/>
  <nd ref="12644108699"/>
  <nd ref="12644108700"/>
  <nd ref="12644112501"/>
  <nd ref="12644108683"/>
  <nd ref="12644108684"/>
  <nd ref="12644108687"/>
  <nd ref="12644108688"/>
  <nd ref="12644108689"/>
  <nd ref="12644108690"/>
  <nd ref="12644108691"/>
  <nd ref="12644108692"/>
  <nd ref="12644108685"/>
  <nd ref="12644108686"/>
  <nd ref="12644108693"/>
  <tag k="highway" v="residential"/>
  <tag k="junction" v="roundabout"/>
  <tag k="lanes" v="1"/>
  <tag k="noname" v="yes"/>
 </way>
 <way id="1365392140" visible="true" version="1" changeset="163342782" timestamp="2025-03-07T20:30:41Z" user="Peri3" uid="14595185">
  <nd ref="12644108692"/>
  <nd ref="1079135559"/>
  <nd ref="2178863635"/>
  <nd ref="2506193459"/>
  <tag k="highway" v="residential"/>
  <tag k="name" v="Calle Gibralmora"/>
 </way>
 <way id="1365392141" visible="true" version="1" changeset="163342782" timestamp="2025-03-07T20:30:41Z" user="Peri3" uid="14595185">
  <nd ref="895882329"/>
  <nd ref="12644112503"/>
  <nd ref="12644112504"/>
  <nd ref="12644112505"/>
  <nd ref="12644112506"/>
  <nd ref="12644112507"/>
  <nd ref="2678694222"/>
  <tag k="highway" v="residential"/>
 </way>
 <way id="1365392142" visible="true" version="1" changeset="163342782" timestamp="2025-03-07T20:30:41Z" user="Peri3" uid="14595185">
  <nd ref="2506193377"/>
  <nd ref="2506193385"/>
  <tag k="highway" v="residential"/>
 </way>
 <way id="1368504724" visible="true" version="1" changeset="163752304" timestamp="2025-03-17T22:15:59Z" user="kapazao" uid="7543375">
  <nd ref="2178823721"/>
  <nd ref="2178823733"/>
  <tag k="highway" v="secondary"/>
  <tag k="junction" v="roundabout"/>
  <tag k="noname" v="yes"/>
  <tag k="ref" v="A-343"/>
  <tag k="surface" v="asphalt"/>
 </way>
 <way id="1368504725" visible="true" version="1" changeset="163752304" timestamp="2025-03-17T22:15:59Z" user="kapazao" uid="7543375">
  <nd ref="2178823704"/>
  <nd ref="12674314748"/>
  <nd ref="2178823721"/>
  <tag k="highway" v="secondary"/>
  <tag k="junction" v="roundabout"/>
  <tag k="noname" v="yes"/>
  <tag k="ref" v="A-343"/>
  <tag k="surface" v="asphalt"/>
 </way>
 <way id="1368504726" visible="true" version="1" changeset="163752304" timestamp="2025-03-17T22:15:59Z" user="kapazao" uid="7543375">
  <nd ref="2178823712"/>
  <nd ref="2178823704"/>
  <tag k="highway" v="secondary"/>
  <tag k="junction" v="roundabout"/>
  <tag k="noname" v="yes"/>
  <tag k="ref" v="A-343"/>
  <tag k="surface" v="asphalt"/>
 </way>
 <way id="1368504727" visible="true" version="1" changeset="163752304" timestamp="2025-03-17T22:15:59Z" user="kapazao" uid="7543375">
  <nd ref="2178823763"/>
  <nd ref="2178823692"/>
  <nd ref="2178823728"/>
  <nd ref="2178823712"/>
  <tag k="highway" v="secondary"/>
  <tag k="junction" v="roundabout"/>
  <tag k="noname" v="yes"/>
  <tag k="ref" v="A-343"/>
  <tag k="surface" v="asphalt"/>
 </way>
 <way id="1368504728" visible="true" version="1" changeset="163752304" timestamp="2025-03-17T22:15:59Z" user="kapazao" uid="7543375">
  <nd ref="2178823709"/>
  <nd ref="2178823763"/>
  <tag k="highway" v="secondary"/>
  <tag k="junction" v="roundabout"/>
  <tag k="noname" v="yes"/>
  <tag k="ref" v="A-343"/>
  <tag k="surface" v="asphalt"/>
 </way>
 <way id="1368504729" visible="true" version="1" changeset="163752304" timestamp="2025-03-17T22:15:59Z" user="kapazao" uid="7543375">
  <nd ref="12674314757"/>
  <nd ref="2178823749"/>
  <nd ref="2178823755"/>
  <nd ref="2178823709"/>
  <tag k="highway" v="secondary"/>
  <tag k="junction" v="roundabout"/>
  <tag k="noname" v="yes"/>
  <tag k="ref" v="A-343"/>
  <tag k="surface" v="asphalt"/>
 </way>
 <way id="1368504730" visible="true" version="1" changeset="163752304" timestamp="2025-03-17T22:15:59Z" user="kapazao" uid="7543375">
  <nd ref="2178823783"/>
  <nd ref="12674314757"/>
  <tag k="highway" v="secondary"/>
  <tag k="junction" v="roundabout"/>
  <tag k="noname" v="yes"/>
  <tag k="ref" v="A-343"/>
  <tag k="surface" v="asphalt"/>
 </way>
 <way id="1368504731" visible="true" version="1" changeset="163752304" timestamp="2025-03-17T22:15:59Z" user="kapazao" uid="7543375">
  <nd ref="2178823780"/>
  <nd ref="2178823752"/>
  <nd ref="2178823783"/>
  <tag k="highway" v="secondary"/>
  <tag k="junction" v="roundabout"/>
  <tag k="noname" v="yes"/>
  <tag k="ref" v="A-343"/>
  <tag k="surface" v="asphalt"/>
 </way>
 <way id="1368504732" visible="true" version="2" changeset="186641077" timestamp="2026-07-30T12:17:54Z" user="Palary" uid="20415443">
  <nd ref="2178823678"/>
  <nd ref="2178823780"/>
  <tag k="highway" v="secondary"/>
  <tag k="junction" v="roundabout"/>
  <tag k="noname" v="yes"/>
  <tag k="ref" v="A-343"/>
  <tag k="surface" v="asphalt"/>
 </way>
 <way id="1368504733" visible="true" version="1" changeset="163752304" timestamp="2025-03-17T22:15:59Z" user="kapazao" uid="7543375">
  <nd ref="12674314754"/>
  <nd ref="2178823735"/>
  <tag k="highway" v="secondary"/>
  <tag k="junction" v="roundabout"/>
  <tag k="noname" v="yes"/>
  <tag k="ref" v="A-343"/>
  <tag k="surface" v="asphalt"/>
 </way>
 <way id="1368504734" visible="true" version="1" changeset="163752304" timestamp="2025-03-17T22:15:59Z" user="kapazao" uid="7543375">
  <nd ref="2178823733"/>
  <nd ref="2178823724"/>
  <nd ref="12674314754"/>
  <tag k="highway" v="secondary"/>
  <tag k="junction" v="roundabout"/>
  <tag k="noname" v="yes"/>
  <tag k="ref" v="A-343"/>
  <tag k="surface" v="asphalt"/>
 </way>
 <way id="1368504735" visible="true" version="1" changeset="163752304" timestamp="2025-03-17T22:15:59Z" user="kapazao" uid="7543375">
  <nd ref="2178823704"/>
  <nd ref="12674314749"/>
  <nd ref="12674314750"/>
  <nd ref="12674314751"/>
  <nd ref="895882188"/>
  <tag k="highway" v="tertiary"/>
  <tag k="lanes" v="1"/>
  <tag k="name" v="Avenida de la Fuensanta"/>
  <tag k="oneway" v="yes"/>
 </way>
 <way id="1368504736" visible="true" version="1" changeset="163752304" timestamp="2025-03-17T22:15:59Z" user="kapazao" uid="7543375">
  <nd ref="895882188"/>
  <nd ref="12674314752"/>
  <nd ref="12674314753"/>
  <nd ref="895881547"/>
  <nd ref="2178823721"/>
  <tag k="highway" v="tertiary"/>
  <tag k="lanes" v="1"/>
  <tag k="name" v="Avenida de la Fuensanta"/>
  <tag k="oneway" v="yes"/>
 </way>
 <way id="1368504737" visible="true" version="1" changeset="163752304" timestamp="2025-03-17T22:15:59Z" user="kapazao" uid="7543375">
  <nd ref="2178823733"/>
  <nd ref="2178823674"/>
  <tag k="highway" v="residential"/>
  <tag k="lanes" v="1"/>
  <tag k="name" v="Calle Arroyo la Colada"/>
  <tag k="oneway" v="yes"/>
 </way>
 <way id="1368504738" visible="true" version="1" changeset="163752304" timestamp="2025-03-17T22:15:59Z" user="kapazao" uid="7543375">
  <nd ref="2178823674"/>
  <nd ref="12674314754"/>
  <tag k="highway" v="residential"/>
  <tag k="lanes" v="1"/>
  <tag k="name" v="Calle Arroyo la Colada"/>
  <tag k="oneway" v="yes"/>
 </way>
 <way id="1368504739" visible="true" version="1" changeset="163752304" timestamp="2025-03-17T22:15:59Z" user="kapazao" uid="7543375">
  <nd ref="895882099"/>
  <nd ref="12674314755"/>
  <nd ref="2178823709"/>
  <tag k="highway" v="residential"/>
  <tag k="lanes" v="1"/>
  <tag k="name" v="Calle Miguel Barquin"/>
  <tag k="oneway" v="yes"/>
 </way>
 <way id="1368504740" visible="true" version="1" changeset="163752304" timestamp="2025-03-17T22:15:59Z" user="kapazao" uid="7543375">
  <nd ref="895882099"/>
  <nd ref="2728484710"/>
  <tag k="highway" v="residential"/>
  <tag k="name" v="Calle Miguel Barquin"/>
 </way>
 <way id="1386949566" visible="true" version="1" changeset="166292638" timestamp="2025-05-15T08:54:16Z" user="JakubS" uid="504620">
  <nd ref="12839589797"/>
  <nd ref="12839589796"/>
  <nd ref="12839589795"/>
  <nd ref="12839589794"/>
  <nd ref="12839589793"/>
  <nd ref="12839589792"/>
  <nd ref="12839589791"/>
  <nd ref="12839589790"/>
  <nd ref="12839589789"/>
  <nd ref="12839589788"/>
  <nd ref="12839589787"/>
  <nd ref="12839589786"/>
  <nd ref="12839589785"/>
  <nd ref="12839589784"/>
  <nd ref="12839589783"/>
  <nd ref="12839589782"/>
  <nd ref="12839589781"/>
  <nd ref="12839589780"/>
  <nd ref="12839589779"/>
  <nd ref="12839589778"/>
  <nd ref="12839589777"/>
  <nd ref="12839589776"/>
  <nd ref="12839589775"/>
  <nd ref="12839589774"/>
  <nd ref="12839589773"/>
  <nd ref="12839589772"/>
  <nd ref="12839589771"/>
  <nd ref="12839589770"/>
  <nd ref="12839589769"/>
  <nd ref="12839589768"/>
  <nd ref="12839589767"/>
  <nd ref="12839589766"/>
  <nd ref="12839589765"/>
  <nd ref="12839589764"/>
  <nd ref="12839589763"/>
  <nd ref="12839589762"/>
  <nd ref="12839589761"/>
  <nd ref="12839589760"/>
  <nd ref="12839589759"/>
  <nd ref="12839589758"/>
  <nd ref="12839589757"/>
  <nd ref="12839589756"/>
  <nd ref="12839589755"/>
  <nd ref="12839589754"/>
  <nd ref="12839589753"/>
  <nd ref="12839589752"/>
  <nd ref="12839589751"/>
  <nd ref="12839589750"/>
  <nd ref="12839589749"/>
  <nd ref="12839589748"/>
  <nd ref="12839589747"/>
  <nd ref="12839589746"/>
  <nd ref="12839589745"/>
  <nd ref="12839589744"/>
  <nd ref="12839589743"/>
  <nd ref="12839589742"/>
  <nd ref="12839589741"/>
  <nd ref="12839589740"/>
  <nd ref="12839589739"/>
  <nd ref="12839589738"/>
  <nd ref="12839589737"/>
  <nd ref="12839589736"/>
  <nd ref="12839589735"/>
  <nd ref="12839589734"/>
  <nd ref="12839589733"/>
  <nd ref="12839589732"/>
  <nd ref="12839589731"/>
  <nd ref="12839589730"/>
  <nd ref="12839589729"/>
  <nd ref="12839589728"/>
  <nd ref="12839589727"/>
  <tag k="layer" v="-1"/>
  <tag k="name" v="Nuevo Canal de Riegos y Abastecimiento de Málaga"/>
  <tag k="tunnel" v="flooded"/>
  <tag k="waterway" v="canal"/>
 </way>
 <way id="1433299548" visible="true" version="1" changeset="172476793" timestamp="2025-09-26T09:56:40Z" user="kapazao" uid="7543375">
  <nd ref="12644108683"/>
  <nd ref="13173148961"/>
  <nd ref="13173148962"/>
  <nd ref="13173148963"/>
  <tag k="highway" v="service"/>
 </way>
 <way id="1515285258" visible="true" version="1" changeset="182778259" timestamp="2026-05-17T11:05:33Z" user="km2bp" uid="3610826">
  <nd ref="13839349633"/>
  <nd ref="13839349640"/>
  <nd ref="13839349634"/>
  <nd ref="13839349635"/>
  <nd ref="13839349636"/>
  <nd ref="13839349637"/>
  <nd ref="13839349638"/>
  <nd ref="13839349639"/>
  <nd ref="2620919942"/>
  <nd ref="13839349633"/>
  <tag k="building" v="yes"/>
 </way>
 <way id="1515285259" visible="true" version="1" changeset="182778259" timestamp="2026-05-17T11:05:33Z" user="km2bp" uid="3610826">
  <nd ref="13839349632"/>
  <nd ref="13839349640"/>
  <tag k="barrier" v="wall"/>
 </way>
 <way id="1515285260" visible="true" version="1" changeset="182778259" timestamp="2026-05-17T11:05:33Z" user="km2bp" uid="3610826">
  <nd ref="13839349650"/>
  <nd ref="13839349651"/>
  <nd ref="13839349652"/>
  <nd ref="13839349653"/>
  <nd ref="13839349654"/>
  <nd ref="13839349655"/>
  <nd ref="13839349656"/>
  <nd ref="13839349657"/>
  <nd ref="13839349658"/>
  <nd ref="13839349659"/>
  <nd ref="13839349660"/>
  <nd ref="13839349661"/>
  <nd ref="13839349662"/>
  <nd ref="13839349663"/>
  <nd ref="13839349664"/>
  <nd ref="13839349665"/>
  <nd ref="13839349666"/>
  <nd ref="13839349667"/>
  <nd ref="13839349668"/>
  <nd ref="13839349669"/>
  <nd ref="13839349670"/>
  <nd ref="13839349671"/>
  <nd ref="13839349672"/>
  <nd ref="13839349673"/>
  <nd ref="13839349674"/>
  <nd ref="13839349675"/>
  <nd ref="13839349676"/>
  <nd ref="13839349677"/>
  <nd ref="13839349650"/>
  <tag k="amenity" v="fountain"/>
  <tag k="barrier" v="kerb"/>
  <tag k="image" v="https://photos.app.goo.gl/8WKhj41JX19642Cf8"/>
  <tag k="kerb" v="raised"/>
  <tag k="mapillary" v="2546696668970893"/>
  <tag k="water" v="reservoir"/>
 </way>
 <way id="1550498453" visible="true" version="1" changeset="187625936" timestamp="2026-08-18T08:28:36Z" user="MaskaevaMBx" uid="23544099">
  <nd ref="14102493568"/>
  <nd ref="14102493567"/>
  <nd ref="14102493566"/>
  <tag k="highway" v="residential"/>
  <tag k="oneway" v="yes"/>
 </way>
 <way id="1550498454" visible="true" version="1" changeset="187625936" timestamp="2026-08-18T08:28:36Z" user="MaskaevaMBx" uid="23544099">
  <nd ref="4375900971"/>
  <nd ref="14102493570"/>
  <nd ref="14102493571"/>
  <nd ref="14102493568"/>
  <tag k="highway" v="residential"/>
 </way>
 <way id="1550498455" visible="true" version="1" changeset="187625936" timestamp="2026-08-18T08:28:36Z" user="MaskaevaMBx" uid="23544099">
  <nd ref="14102493568"/>
  <nd ref="14102493569"/>
  <tag k="highway" v="residential"/>
 </way>
 <way id="1550498456" visible="true" version="1" changeset="187625936" timestamp="2026-08-18T08:28:36Z" user="MaskaevaMBx" uid="23544099">
  <nd ref="14102493566"/>
  <nd ref="4375900973"/>
  <tag k="highway" v="residential"/>
  <tag k="name" v="Calle Rodríguez Acosta"/>
 </way>
 <way id="1550498457" visible="true" version="1" changeset="187625936" timestamp="2026-08-18T08:28:36Z" user="MaskaevaMBx" uid="23544099">
  <nd ref="14102493566"/>
  <nd ref="4375900972"/>
  <tag k="highway" v="residential"/>
  <tag k="name" v="Calle Rodríguez Acosta"/>
  <tag k="oneway" v="yes"/>
 </way>
 <way id="1562668061" visible="true" version="1" changeset="189613725" timestamp="2026-09-27T05:47:17Z" user="horstsun" uid="685410">
  <nd ref="14221226133"/>
  <nd ref="14221226134"/>
  <nd ref="14221226135"/>
  <nd ref="14221226136"/>
  <nd ref="14221226137"/>
  <nd ref="14221226138"/>
  <nd ref="14221226133"/>
  <tag k="building" v="yes"/>
 </way>
 <way id="1562668062" visible="true" version="1" changeset="189613725" timestamp="2026-09-27T05:47:17Z" user="horstsun" uid="685410">
  <nd ref="14221226139"/>
  <nd ref="14221226140"/>
  <nd ref="14221226141"/>
  <nd ref="14221226142"/>
  <nd ref="14221226139"/>
  <tag k="leisure" v="swimming_pool"/>
 </way>
 <way id="1562668063" visible="true" version="1" changeset="189613725" timestamp="2026-09-27T05:47:17Z" user="horstsun" uid="685410">
  <nd ref="1625791770"/>
  <nd ref="14221226143"/>
  <nd ref="14221226144"/>
  <nd ref="14221226145"/>
  <nd ref="14221226146"/>
  <nd ref="14221226147"/>
  <nd ref="14221226148"/>
  <nd ref="14221226149"/>
  <tag k="highway" v="service"/>
  <tag k="service" v="driveway"/>
 </way>
 <way id="1562668064" visible="true" version="1" changeset="189613725" timestamp="2026-09-27T05:47:17Z" user="horstsun" uid="685410">
  <nd ref="14221226150"/>
  <nd ref="14221226151"/>
  <nd ref="14221226152"/>
  <nd ref="14221226153"/>
  <nd ref="14221226154"/>
  <nd ref="14221226155"/>
  <nd ref="14221226156"/>
  <nd ref="14221226157"/>
  <nd ref="14221226158"/>
  <nd ref="14221226159"/>
  <nd ref="14221226160"/>
  <nd ref="14221226161"/>
  <nd ref="14221226162"/>
  <nd ref="14221226163"/>
  <nd ref="14221226164"/>
  <nd ref="14221226165"/>
  <nd ref="14221226166"/>
  <nd ref="14221226150"/>
  <tag k="leisure" v="garden"/>
 </way>
 <way id="1562668351" visible="true" version="1" changeset="189613924" timestamp="2026-09-27T05:55:07Z" user="horstsun" uid="685410">
  <nd ref="4375925997"/>
  <nd ref="14221231311"/>
  <nd ref="14221231312"/>
  <nd ref="14221231313"/>
  <nd ref="14221231314"/>
  <nd ref="14221231315"/>
  <nd ref="14221231316"/>
  <nd ref="14221231317"/>
  <nd ref="14221231318"/>
  <nd ref="14221231319"/>
  <nd ref="14221231320"/>
  <nd ref="14221231321"/>
  <nd ref="14221231322"/>
  <nd ref="14221231323"/>
  <nd ref="14221231324"/>
  <nd ref="14221231325"/>
  <nd ref="14221231326"/>
  <nd ref="14221231327"/>
  <nd ref="14221231328"/>
  <nd ref="14221231329"/>
  <tag k="highway" v="service"/>
 </way>
 <relation id="343082" visible="true" version="13" changeset="181984197" timestamp="2026-04-29T11:46:38Z" user="Hugoren Martinako" uid="3392826">
  <member type="node" ref="1470838723" role="admin_centre"/>
  <member type="way" ref="45329192" role="outer"/>
  <member type="way" ref="45356320" role="outer"/>
  <member type="way" ref="45329244" role="outer"/>
  <member type="way" ref="45356332" role="outer"/>
  <member type="way" ref="45356326" role="outer"/>
  <tag k="admin_level" v="8"/>
  <tag k="boundary" v="administrative"/>
  <tag k="idee:name" v="Pizarra"/>
  <tag k="ine:municipio" v="29080"/>
  <tag k="name" v="Pizarra"/>
  <tag k="population" v="10383"/>
  <tag k="population:date" v="2025"/>
  <tag k="ref:ine" v="29080000000"/>
  <tag k="source" v="BDLL25, EGRN, Instituto Geográfico Nacional"/>
  <tag k="type" v="boundary"/>
  <tag k="wikidata" v="Q1657599"/>
  <tag k="wikipedia" v="es:Pizarra (Málaga)"/>
 </relation>
 <relation id="6390889" visible="true" version="20" changeset="172182570" timestamp="2025-09-19T21:19:14Z" user="Hugoren Martinako" uid="3392826">
  <member type="node" ref="7827948035" role="guidepost"/>
  <member type="node" ref="9218568367" role="guidepost"/>
  <member type="node" ref="9218568366" role="guidepost"/>
  <member type="node" ref="9218568331" role="guidepost"/>
  <member type="node" ref="11592793731" role="guidepost"/>
  <member type="node" ref="12374059413" role="guidepost"/>
  <member type="node" ref="12374059410" role="guidepost"/>
  <member type="node" ref="12374031693" role="guidepost"/>
  <member type="way" ref="998395344" role=""/>
  <member type="way" ref="301737732" role=""/>
  <member type="way" ref="451999998" role=""/>
  <member type="way" ref="451999997" role=""/>
  <member type="way" ref="452001691" role=""/>
  <member type="way" ref="452001689" role=""/>
  <member type="way" ref="998395339" role=""/>
  <member type="way" ref="1337754640" role=""/>
  <member type="way" ref="998395340" role=""/>
  <member type="way" ref="1246985855" role=""/>
  <member type="way" ref="998395338" role=""/>
  <member type="way" ref="998395342" role=""/>
  <member type="way" ref="998395336" role=""/>
  <member type="way" ref="998395335" role=""/>
  <member type="way" ref="998395341" role=""/>
  <member type="way" ref="998407687" role=""/>
  <member type="way" ref="998407686" role=""/>
  <member type="way" ref="457906122" role=""/>
  <member type="way" ref="998407684" role=""/>
  <member type="way" ref="998407683" role=""/>
  <member type="way" ref="998407681" role=""/>
  <member type="way" ref="1083609290" role=""/>
  <member type="way" ref="998407679" role=""/>
  <member type="way" ref="998407680" role=""/>
  <member type="way" ref="426546517" role=""/>
  <member type="way" ref="998407678" role=""/>
  <member type="way" ref="998407677" role=""/>
  <member type="way" ref="1229501661" role=""/>
  <member type="way" ref="1229501659" role=""/>
  <member type="way" ref="1337754638" role=""/>
  <tag k="description" v="Etapa 2 de la Gran Senda del Guadalhorce"/>
  <tag k="distance" v="7.6"/>
  <tag k="from" v="Álora (Barriada El Puente)"/>
  <tag k="name" v="Álora - Pizarra"/>
  <tag k="network" v="nwn"/>
  <tag k="operator" v="Diputación Provincial de Málaga"/>
  <tag k="osmc:symbol" v="red:white:red_lower:248:black"/>
  <tag k="ref" v="GR 248"/>
  <tag k="roundtrip" v="no"/>
  <tag k="route" v="hiking"/>
  <tag k="survey:date" v="2024-10-26"/>
  <tag k="symbol" v="white strip on top of red strip"/>
  <tag k="to" v="Pizarra"/>
  <tag k="type" v="route"/>
  <tag k="website" v="https://www.gransendademalaga.es/es/etapas/lis_cd-8117/gran-senda-del-guadalhorce-gr-248-etapa-02-alora-pizarra"/>
 </relation>
 <relation id="6390970" visible="true" version="10" changeset="159581504" timestamp="2024-11-25T16:41:27Z" user="alan_gr" uid="5307206">
  <member type="relation" ref="6390873" role=""/>
  <member type="relation" ref="6390889" role=""/>
  <member type="relation" ref="6183968" role=""/>
  <member type="relation" ref="6390948" role=""/>
  <tag k="distance" v="58"/>
  <tag k="from" v="Estación del Chorro"/>
  <tag k="name" v="Gran Senda del Guadalhorce"/>
  <tag k="network" v="nwn"/>
  <tag k="note:en" v="Not a fully continuous route, there are unsigned sections between some stages."/>
  <tag k="note:es" v="No es un recorrido continúo, entre algunas étapas hay tramos que no forman parte del recorrido señalizado."/>
  <tag k="operator" v="Diputación Provincial de Málaga"/>
  <tag k="osmc:symbol" v="red:white:red_lower:248:black"/>
  <tag k="ref" v="GR 248"/>
  <tag k="roundtrip" v="no"/>
  <tag k="route" v="hiking"/>
  <tag k="symbol" v="white strip on top of red strip"/>
  <tag k="to" v="Málaga"/>
  <tag k="type" v="superroute"/>
  <tag k="website" v="https://infraestructuras.fadmes.es/senderos/GR-248-GRAN-SENDA-GUADALHORCE"/>
 </relation>
 <relation id="8031143" visible="true" version="2" changeset="172182570" timestamp="2025-09-19T21:19:14Z" user="Hugoren Martinako" uid="3392826">
  <member type="way" ref="562094239" role=""/>
  <member type="way" ref="93099585" role=""/>
  <tag k="description" v="Itinerario alternativo recomendado en temporada de caza"/>
  <tag k="name" v="Sendero El Santo (itinerario alternativo)"/>
  <tag k="network" v="lwn"/>
  <tag k="operator" v="Federación Andaluza de Montañismo"/>
  <tag k="osmc:symbol" v="green:white:green_lower:213:black"/>
  <tag k="ref" v="SL-A 213"/>
  <tag k="route" v="hiking"/>
  <tag k="state" v="alternate"/>
  <tag k="symbol" v="white strip on top of green strip"/>
  <tag k="type" v="route"/>
 </relation>
 <relation id="8031144" visible="true" version="4" changeset="172182570" timestamp="2025-09-19T21:19:14Z" user="Hugoren Martinako" uid="3392826">
  <member type="node" ref="2880085212" role=""/>
  <member type="way" ref="284264209" role=""/>
  <member type="way" ref="284264210" role=""/>
  <member type="way" ref="93099601" role=""/>
  <member type="way" ref="93099586" role=""/>
  <member type="way" ref="93099591" role=""/>
  <member type="way" ref="93099574" role=""/>
  <member type="way" ref="93099621" role=""/>
  <member type="way" ref="562094237" role=""/>
  <member type="way" ref="562094236" role=""/>
  <member type="way" ref="149630809" role=""/>
  <member type="way" ref="562094235" role=""/>
  <member type="way" ref="429541968" role=""/>
  <member type="node" ref="2178863648" role=""/>
  <tag k="description" v="Subida de Pizarra a la Sierra del Gibralmora, volviendo al pueblo por los parajes de El Santo y la Ermita de Fuensanta."/>
  <tag k="distance" v="5.9"/>
  <tag k="from" v="Pizarra"/>
  <tag k="name" v="El Santo"/>
  <tag k="network" v="lwn"/>
  <tag k="network:type" v="Local"/>
  <tag k="operator" v="Federación Andaluza de Montañismo"/>
  <tag k="osmc:symbol" v="green:white:green_lower:213:black"/>
  <tag k="ref" v="SL-A 213"/>
  <tag k="roundtrip" v="yes"/>
  <tag k="route" v="hiking"/>
  <tag k="source" v="http://www.fedamon.com/index.php/senderos-sl-a-2"/>
  <tag k="start_date" v="2017-12"/>
  <tag k="symbol" v="white strip on top of green strip"/>
  <tag k="to" v="El Santo de Pizarra"/>
  <tag k="type" v="route"/>
 </relation>
 <relation id="10589942" visible="true" version="3" changeset="183097266" timestamp="2026-05-24T08:54:37Z" user="Flynn Marquardt" uid="100357">
  <member type="way" ref="1520124109" role="outer"/>
  <member type="way" ref="1520124105" role="outer"/>
  <member type="way" ref="1520124103" role="outer"/>
  <member type="way" ref="472764729" role="outer"/>
  <member type="way" ref="45338728" role="outer"/>
  <member type="way" ref="45333400" role="outer"/>
  <member type="way" ref="45338726" role="outer"/>
  <member type="way" ref="45338731" role="outer"/>
  <member type="way" ref="45329220" role="outer"/>
  <member type="way" ref="45329218" role="outer"/>
  <member type="way" ref="45329233" role="outer"/>
  <member type="way" ref="45329241" role="outer"/>
  <member type="way" ref="45329237" role="outer"/>
  <member type="way" ref="45329188" role="outer"/>
  <member type="way" ref="45329190" role="outer"/>
  <member type="way" ref="45329192" role="outer"/>
  <member type="way" ref="45329193" role="outer"/>
  <member type="way" ref="45374938" role="outer"/>
  <member type="way" ref="45374925" role="outer"/>
  <member type="way" ref="45374930" role="outer"/>
  <member type="way" ref="45374932" role="outer"/>
  <member type="way" ref="45374931" role="outer"/>
  <member type="way" ref="45374926" role="outer"/>
  <member type="way" ref="45374924" role="outer"/>
  <member type="way" ref="134591859" role="outer"/>
  <member type="way" ref="45372360" role="outer"/>
  <member type="way" ref="45326848" role="outer"/>
  <member type="way" ref="472764715" role="outer"/>
  <member type="way" ref="472764723" role="outer"/>
  <member type="way" ref="45326844" role="outer"/>
  <member type="way" ref="1520124108" role="outer"/>
  <member type="way" ref="45326842" role="outer"/>
  <member type="node" ref="1470838237" role="admin_centre"/>
  <member type="relation" ref="341769" role="subarea"/>
  <member type="relation" ref="341770" role="subarea"/>
  <member type="relation" ref="346015" role="subarea"/>
  <member type="relation" ref="346014" role="subarea"/>
  <member type="relation" ref="345711" role="subarea"/>
  <member type="relation" ref="341069" role="subarea"/>
  <member type="relation" ref="343082" role="subarea"/>
  <member type="relation" ref="347398" role="subarea"/>
  <tag k="admin_level" v="7"/>
  <tag k="boundary" v="administrative"/>
  <tag k="name" v="Valle del Guadalhorce"/>
  <tag k="name:es" v="Valle del Guadalhorce"/>
  <tag k="place" v="county"/>
  <tag k="type" v="boundary"/>
  <tag k="wikidata" v="Q2997044"/>
  <tag k="wikipedia" v="es:Valle del Guadalhorce"/>
 </relation>
 <relation id="11149219" visible="true" version="16" changeset="188061131" timestamp="2026-08-26T18:45:22Z" user="Davileci" uid="8123953">
  <member type="way" ref="178134051" role=""/>
  <member type="way" ref="178134054" role=""/>
  <member type="way" ref="178134049" role=""/>
  <member type="way" ref="174709430" role=""/>
  <member type="way" ref="1355664259" role=""/>
  <member type="way" ref="1355664260" role=""/>
  <member type="way" ref="174709436" role=""/>
  <member type="way" ref="198044091" role=""/>
  <member type="way" ref="174709434" role=""/>
  <member type="way" ref="232629882" role=""/>
  <member type="way" ref="232629883" role=""/>
  <member type="way" ref="174709439" role=""/>
  <member type="way" ref="75903644" role=""/>
  <member type="way" ref="75903648" role=""/>
  <member type="way" ref="1514088172" role=""/>
  <member type="way" ref="1514088173" role=""/>
  <member type="way" ref="75903649" role=""/>
  <member type="way" ref="75903645" role=""/>
  <member type="way" ref="174709440" role=""/>
  <member type="way" ref="174709431" role=""/>
  <member type="way" ref="75903646" role=""/>
  <member type="way" ref="75903641" role=""/>
  <member type="way" ref="178327967" role=""/>
  <member type="way" ref="75903647" role=""/>
  <member type="way" ref="75903642" role=""/>
  <member type="way" ref="206241231" role=""/>
  <member type="way" ref="75903643" role=""/>
  <member type="way" ref="75909840" role=""/>
  <member type="way" ref="174709432" role=""/>
  <member type="way" ref="75903220" role=""/>
  <member type="way" ref="75903222" role=""/>
  <member type="way" ref="75903221" role=""/>
  <member type="way" ref="75903223" role=""/>
  <member type="way" ref="75902879" role=""/>
  <member type="way" ref="75902882" role=""/>
  <member type="way" ref="75902877" role=""/>
  <member type="way" ref="457053676" role=""/>
  <member type="way" ref="457053677" role=""/>
  <member type="way" ref="75902885" role=""/>
  <member type="way" ref="178732971" role=""/>
  <member type="way" ref="178732972" role=""/>
  <member type="way" ref="809340430" role=""/>
  <member type="way" ref="84051934" role=""/>
  <member type="way" ref="84051931" role=""/>
  <member type="way" ref="118297721" role=""/>
  <member type="way" ref="835577329" role=""/>
  <member type="way" ref="75900425" role=""/>
  <member type="way" ref="75900428" role=""/>
  <member type="way" ref="75901667" role=""/>
  <member type="way" ref="75901631" role=""/>
  <member type="way" ref="75901670" role=""/>
  <member type="way" ref="75901646" role=""/>
  <member type="way" ref="75901637" role=""/>
  <member type="way" ref="75901655" role=""/>
  <member type="way" ref="507602661" role=""/>
  <member type="way" ref="722205666" role=""/>
  <member type="way" ref="722205667" role=""/>
  <member type="way" ref="75902397" role=""/>
  <member type="way" ref="75900426" role=""/>
  <member type="way" ref="175112266" role=""/>
  <member type="way" ref="175112219" role=""/>
  <member type="way" ref="38095881" role=""/>
  <member type="way" ref="175112260" role=""/>
  <member type="way" ref="175112209" role=""/>
  <member type="way" ref="175112205" role=""/>
  <member type="way" ref="175112248" role=""/>
  <member type="way" ref="175112214" role=""/>
  <member type="way" ref="175112236" role=""/>
  <member type="way" ref="175112245" role=""/>
  <member type="way" ref="38574517" role=""/>
  <member type="way" ref="74811035" role=""/>
  <member type="way" ref="184366256" role=""/>
  <member type="way" ref="835577330" role=""/>
  <member type="way" ref="118296473" role=""/>
  <member type="way" ref="178134052" role=""/>
  <member type="way" ref="75899538" role=""/>
  <member type="way" ref="447078423" role=""/>
  <member type="way" ref="38573633" role=""/>
  <member type="way" ref="227757226" role=""/>
  <member type="way" ref="227936624" role=""/>
  <member type="way" ref="1528796483" role=""/>
  <member type="way" ref="1528796490" role=""/>
  <member type="way" ref="1528796492" role=""/>
  <member type="way" ref="227936617" role=""/>
  <member type="way" ref="860431527" role=""/>
  <member type="way" ref="860431517" role=""/>
  <member type="way" ref="860431525" role=""/>
  <member type="way" ref="860431515" role=""/>
  <member type="way" ref="860431524" role=""/>
  <member type="way" ref="447078420" role=""/>
  <member type="way" ref="90675895" role=""/>
  <member type="way" ref="75904229" role=""/>
  <member type="way" ref="174749380" role=""/>
  <member type="way" ref="174709433" role=""/>
  <member type="way" ref="178134050" role=""/>
  <member type="way" ref="448028486" role=""/>
  <member type="way" ref="42211343" role=""/>
  <member type="way" ref="42211361" role=""/>
  <member type="way" ref="227943111" role=""/>
  <member type="way" ref="227943104" role=""/>
  <member type="way" ref="227943115" role=""/>
  <member type="way" ref="1552637038" role=""/>
  <member type="way" ref="1552637041" role=""/>
  <member type="way" ref="74811025" role=""/>
  <member type="way" ref="227945698" role=""/>
  <member type="way" ref="227945694" role=""/>
  <member type="way" ref="83644097" role=""/>
  <member type="way" ref="397766057" role=""/>
  <member type="way" ref="83644092" role=""/>
  <member type="way" ref="83644107" role=""/>
  <member type="way" ref="74811047" role=""/>
  <member type="way" ref="74811044" role=""/>
  <member type="way" ref="74811023" role=""/>
  <member type="way" ref="74811048" role=""/>
  <member type="way" ref="75475349" role=""/>
  <member type="way" ref="75475329" role=""/>
  <member type="way" ref="75479428" role=""/>
  <member type="way" ref="75479423" role=""/>
  <member type="way" ref="248630845" role=""/>
  <member type="way" ref="248630846" role=""/>
  <member type="way" ref="808959935" role=""/>
  <member type="way" ref="808959938" role=""/>
  <member type="way" ref="366029697" role=""/>
  <member type="way" ref="366029696" role=""/>
  <member type="way" ref="808959951" role=""/>
  <member type="way" ref="543552664" role=""/>
  <member type="way" ref="148818433" role=""/>
  <member type="way" ref="543552668" role=""/>
  <member type="way" ref="808959949" role=""/>
  <member type="way" ref="148818436" role=""/>
  <member type="way" ref="26841078" role=""/>
  <member type="way" ref="26841064" role=""/>
  <member type="way" ref="26840714" role=""/>
  <member type="way" ref="808959958" role=""/>
  <member type="way" ref="543556135" role=""/>
  <member type="way" ref="543556134" role=""/>
  <member type="way" ref="148591310" role=""/>
  <member type="way" ref="148591314" role=""/>
  <member type="way" ref="207306082" role=""/>
  <tag k="from" v="Bifurcación Córdoba"/>
  <tag k="name" v="FFCC Córdoba - Málaga"/>
  <tag k="note" v="Números líneas de Adif ségun: http://es.wikipedia.org/wiki/Anexo:L%C3%ADneas_de_la_Red_Ferroviaria_de_Interés_General"/>
  <tag k="operator" v="Adif"/>
  <tag k="operator:wikidata" v="Q358752"/>
  <tag k="ref" v="430"/>
  <tag k="route" v="railway"/>
  <tag k="to" v="El Higuerón a Los Prados"/>
  <tag k="type" v="route"/>
 </relation>
 <relation id="11151808" visible="true" version="1" changeset="85911237" timestamp="2020-05-28T22:45:22Z" user="Patrick1977Bln" uid="259536">
  <member type="node" ref="895881917" role=""/>
  <member type="node" ref="7567516179" role="stop"/>
  <member type="node" ref="7567516178" role="stop"/>
  <tag k="name" v="Pizarra"/>
  <tag k="operator" v="Adif"/>
  <tag k="public_transport" v="stop_area"/>
  <tag k="type" v="public_transport"/>
 </relation>
 <relation id="11488013" visible="true" version="4" changeset="120553177" timestamp="2022-05-04T16:49:26Z" user="kräckel" uid="1092114">
  <member type="node" ref="7567516183" role="stop"/>
  <member type="way" ref="447977412" role="platform"/>
  <member type="node" ref="7567516178" role="stop"/>
  <member type="node" ref="7567516154" role="stop"/>
  <member type="way" ref="809340422" role="platform"/>
  <member type="node" ref="7567516147" role="stop"/>
  <member type="way" ref="270269137" role="platform"/>
  <member type="node" ref="1857524064" role="stop"/>
  <member type="way" ref="175112250" role="platform"/>
  <member type="node" ref="7567516126" role="stop"/>
  <member type="way" ref="809340418" role="platform"/>
  <member type="node" ref="7567516122" role="stop"/>
  <member type="node" ref="7571619023" role="stop"/>
  <member type="node" ref="7571619025" role="stop"/>
  <member type="way" ref="75900425" role=""/>
  <member type="way" ref="75900428" role=""/>
  <member type="way" ref="75901667" role=""/>
  <member type="way" ref="75901631" role=""/>
  <member type="way" ref="75901670" role=""/>
  <member type="way" ref="75901646" role=""/>
  <member type="way" ref="75901637" role=""/>
  <member type="way" ref="75901655" role=""/>
  <member type="way" ref="507602661" role=""/>
  <member type="way" ref="722205666" role=""/>
  <member type="way" ref="722205667" role=""/>
  <member type="way" ref="75902397" role=""/>
  <member type="way" ref="75900426" role=""/>
  <member type="way" ref="175112266" role=""/>
  <member type="way" ref="175112219" role=""/>
  <member type="way" ref="38095881" role=""/>
  <member type="way" ref="175112260" role=""/>
  <member type="way" ref="175112209" role=""/>
  <member type="way" ref="175112205" role=""/>
  <member type="way" ref="175112248" role=""/>
  <member type="way" ref="175112214" role=""/>
  <member type="way" ref="175112236" role=""/>
  <member type="way" ref="175112245" role=""/>
  <member type="way" ref="38574517" role=""/>
  <member type="way" ref="835577330" role=""/>
  <member type="way" ref="118296473" role=""/>
  <member type="way" ref="403717810" role=""/>
  <member type="way" ref="184366254" role=""/>
  <member type="way" ref="403717858" role=""/>
  <member type="way" ref="184366259" role=""/>
  <member type="way" ref="184366272" role=""/>
  <member type="way" ref="61653013" role=""/>
  <member type="way" ref="43512961" role=""/>
  <member type="way" ref="809846344" role=""/>
  <member type="way" ref="809846342" role=""/>
  <member type="way" ref="43512951" role=""/>
  <member type="way" ref="835577328" role=""/>
  <tag k="colour" v="#00874D"/>
  <tag k="from" v="Álora"/>
  <tag k="name" v="C-2: Álora=&gt; Málaga - Centro Alameda"/>
  <tag k="network" v="Cercanías Málaga"/>
  <tag k="network:wikidata" v="Q167503"/>
  <tag k="operator" v="Renfe"/>
  <tag k="operator:wikidata" v="Q2476154"/>
  <tag k="public_transport:version" v="2"/>
  <tag k="ref" v="C-2"/>
  <tag k="route" v="train"/>
  <tag k="service" v="regional"/>
  <tag k="to" v="Málaga Centro - Alameda"/>
  <tag k="type" v="route"/>
  <tag k="wikidata" v="Q5987203"/>
 </relation>
 <relation id="11488014" visible="true" version="3" changeset="120553177" timestamp="2022-05-04T16:49:26Z" user="kräckel" uid="1092114">
  <member type="node" ref="7571619025" role="stop"/>
  <member type="node" ref="7571619024" role="stop"/>
  <member type="node" ref="6535024545" role="stop"/>
  <member type="node" ref="7567516125" role="stop"/>
  <member type="way" ref="809340419" role="platform"/>
  <member type="node" ref="1857524064" role="stop"/>
  <member type="way" ref="175112250" role="platform"/>
  <member type="node" ref="7567516147" role="stop"/>
  <member type="way" ref="270269137" role="platform"/>
  <member type="node" ref="7567516154" role="stop"/>
  <member type="way" ref="809340422" role="platform"/>
  <member type="node" ref="7567516178" role="stop"/>
  <member type="node" ref="7567516183" role="stop"/>
  <member type="way" ref="447977412" role="platform"/>
  <member type="way" ref="835577328" role=""/>
  <member type="way" ref="402287067" role=""/>
  <member type="way" ref="809846343" role=""/>
  <member type="way" ref="809846345" role=""/>
  <member type="way" ref="448015854" role=""/>
  <member type="way" ref="400333428" role=""/>
  <member type="way" ref="400333427" role=""/>
  <member type="way" ref="177675166" role=""/>
  <member type="way" ref="184366258" role=""/>
  <member type="way" ref="61653041" role=""/>
  <member type="way" ref="184366256" role=""/>
  <member type="way" ref="38574517" role=""/>
  <member type="way" ref="175112245" role=""/>
  <member type="way" ref="175112236" role=""/>
  <member type="way" ref="175112214" role=""/>
  <member type="way" ref="175112248" role=""/>
  <member type="way" ref="175112205" role=""/>
  <member type="way" ref="175112209" role=""/>
  <member type="way" ref="175112260" role=""/>
  <member type="way" ref="38095881" role=""/>
  <member type="way" ref="175112219" role=""/>
  <member type="way" ref="175112266" role=""/>
  <member type="way" ref="75900426" role=""/>
  <member type="way" ref="75902397" role=""/>
  <member type="way" ref="722205667" role=""/>
  <member type="way" ref="722205666" role=""/>
  <member type="way" ref="507602661" role=""/>
  <member type="way" ref="75901655" role=""/>
  <member type="way" ref="75901637" role=""/>
  <member type="way" ref="75901646" role=""/>
  <member type="way" ref="75901670" role=""/>
  <member type="way" ref="75901631" role=""/>
  <member type="way" ref="75901667" role=""/>
  <member type="way" ref="75900428" role=""/>
  <member type="way" ref="75900425" role=""/>
  <tag k="colour" v="#00874D"/>
  <tag k="from" v="Málaga Centro - Alameda"/>
  <tag k="name" v="C-2: Málaga Centro - Alameda =&gt; Álora"/>
  <tag k="network" v="Cercanías Málaga"/>
  <tag k="network:wikidata" v="Q167503"/>
  <tag k="operator" v="Renfe"/>
  <tag k="operator:wikidata" v="Q2476154"/>
  <tag k="public_transport:version" v="2"/>
  <tag k="ref" v="C-2"/>
  <tag k="route" v="train"/>
  <tag k="service" v="regional"/>
  <tag k="to" v="Álora"/>
  <tag k="type" v="route"/>
  <tag k="wikidata" v="Q5987203"/>
 </relation>
 <relation id="11488015" visible="true" version="4" changeset="120553177" timestamp="2022-05-04T16:49:26Z" user="kräckel" uid="1092114">
  <member type="relation" ref="11488014" role=""/>
  <member type="relation" ref="11488013" role=""/>
  <tag k="colour" v="#00874D"/>
  <tag k="from" v="Málaga Centro - Alameda"/>
  <tag k="name" v="C-2: Málaga Centro - Alameda &lt;=&gt; Álora"/>
  <tag k="network" v="Cercanías Málaga"/>
  <tag k="network:wikidata" v="Q167503"/>
  <tag k="operator" v="Renfe"/>
  <tag k="operator:wikidata" v="Q2476154"/>
  <tag k="ref" v="C-2"/>
  <tag k="route_master" v="train"/>
  <tag k="service" v="regional"/>
  <tag k="to" v="Álora"/>
  <tag k="type" v="route_master"/>
  <tag k="wikidata" v="Q5987203"/>
 </relation>
 <relation id="14978971" visible="true" version="7" changeset="183087540" timestamp="2026-05-23T23:46:56Z" user="rochirochi" uid="10834133">
  <member type="way" ref="415246569" role="main_stream"/>
  <member type="way" ref="415246568" role="main_stream"/>
  <member type="way" ref="293422791" role="main_stream"/>
  <member type="way" ref="293417729" role="main_stream"/>
  <member type="way" ref="293420461" role="main_stream"/>
  <member type="way" ref="104232151" role="main_stream"/>
  <member type="way" ref="89008926" role="main_stream"/>
  <member type="way" ref="187657342" role="main_stream"/>
  <member type="way" ref="439271369" role="main_stream"/>
  <member type="way" ref="237368491" role="main_stream"/>
  <member type="way" ref="201285934" role="main_stream"/>
  <member type="way" ref="1479135288" role="main_stream"/>
  <member type="way" ref="1479135287" role="main_stream"/>
  <member type="way" ref="90663941" role="main_stream"/>
  <member type="way" ref="90663942" role="main_stream"/>
  <member type="way" ref="90663938" role="main_stream"/>
  <member type="way" ref="304528336" role="main_stream"/>
  <member type="way" ref="304528346" role="main_stream"/>
  <member type="way" ref="669292001" role="main_stream"/>
  <member type="way" ref="1514086029" role="main_stream"/>
  <member type="way" ref="1514086030" role="main_stream"/>
  <member type="way" ref="1514086031" role="main_stream"/>
  <member type="way" ref="1514086032" role="main_stream"/>
  <member type="way" ref="669292000" role="main_stream"/>
  <member type="way" ref="75907521" role="main_stream"/>
  <member type="way" ref="75902883" role="main_stream"/>
  <member type="way" ref="29021033" role="main_stream"/>
  <member type="way" ref="457739309" role="main_stream"/>
  <member type="way" ref="457739310" role="main_stream"/>
  <member type="way" ref="1520124110" role="main_stream"/>
  <member type="way" ref="1520124111" role="main_stream"/>
  <member type="way" ref="1520124106" role="main_stream"/>
  <member type="way" ref="1520181776" role="main_stream"/>
  <member type="way" ref="1520124107" role="main_stream"/>
  <member type="way" ref="60046107" role="main_stream"/>
  <member type="way" ref="29021034" role="side_stream"/>
  <member type="way" ref="457725855" role="side_stream"/>
  <tag k="destination" v="Mar de Alborán"/>
  <tag k="name" v="Río Guadalhorce"/>
  <tag k="type" v="waterway"/>
  <tag k="waterway" v="river"/>
  <tag k="wikidata" v="Q17956"/>
  <tag k="wikipedia" v="es:Guadalhorce"/>
 </relation>
 <relation id="17152984" visible="true" version="6" changeset="147231832" timestamp="2024-02-08T20:11:16Z" user="alan_gr" uid="5307206">
  <member type="relation" ref="17154696" role=""/>
  <member type="relation" ref="17174190" role=""/>
  <member type="relation" ref="17174776" role=""/>
  <member type="relation" ref="17152875" role=""/>
  <tag k="distance" v="150.3 km"/>
  <tag k="fixme" v="incomplete"/>
  <tag k="from" v="Pizarra"/>
  <tag k="name" v="Camino Geológico Malacitano"/>
  <tag k="network" v="nwn"/>
  <tag k="operator" v="Diputación Provincial de Málaga"/>
  <tag k="osmc:symbol" v="red:white:red_lower:340:black"/>
  <tag k="ref" v="GR 340"/>
  <tag k="roundtrip" v="yes"/>
  <tag k="route" v="hiking"/>
  <tag k="symbol" v="white strip on top of red strip"/>
  <tag k="to" v="Pizarra"/>
  <tag k="type" v="superroute"/>
  <tag k="website" v="https://infraestructuras.fadmes.es/senderos/GR-340-CAMINO-GEOL%C3%93GICO-MALACITANO"/>
 </relation>
 <relation id="17154696" visible="true" version="10" changeset="172182570" timestamp="2025-09-19T21:19:14Z" user="Hugoren Martinako" uid="3392826">
  <member type="way" ref="885301991" role=""/>
  <member type="way" ref="284264209" role=""/>
  <member type="way" ref="284264210" role=""/>
  <member type="way" ref="93099601" role=""/>
  <member type="way" ref="93099586" role=""/>
  <member type="way" ref="93099591" role=""/>
  <member type="way" ref="93099574" role=""/>
  <member type="way" ref="562094239" role=""/>
  <member type="way" ref="93099585" role=""/>
  <member type="way" ref="562094236" role=""/>
  <member type="way" ref="489525001" role=""/>
  <member type="way" ref="1246583507" role=""/>
  <member type="way" ref="247764078" role=""/>
  <member type="way" ref="1246981990" role=""/>
  <member type="way" ref="634252495" role=""/>
  <member type="way" ref="1246981989" role=""/>
  <member type="way" ref="998381026" role=""/>
  <member type="way" ref="998395341" role=""/>
  <member type="way" ref="998395335" role=""/>
  <member type="way" ref="998395336" role=""/>
  <member type="way" ref="998395342" role=""/>
  <member type="way" ref="998395338" role=""/>
  <member type="way" ref="1246985855" role=""/>
  <member type="way" ref="998395340" role=""/>
  <member type="way" ref="1337754640" role=""/>
  <member type="way" ref="998395339" role=""/>
  <member type="way" ref="452001689" role=""/>
  <member type="way" ref="452001691" role=""/>
  <member type="way" ref="451999997" role=""/>
  <member type="way" ref="451999998" role=""/>
  <member type="way" ref="301737732" role=""/>
  <member type="way" ref="998395344" role=""/>
  <member type="way" ref="489529698" role=""/>
  <member type="way" ref="489532465" role=""/>
  <member type="way" ref="691985292" role=""/>
  <member type="way" ref="1246583506" role=""/>
  <member type="way" ref="1246583505" role=""/>
  <member type="way" ref="1246583504" role=""/>
  <member type="way" ref="1246990999" role=""/>
  <member type="way" ref="1246991000" role=""/>
  <member type="way" ref="1246990998" role=""/>
  <member type="way" ref="1246583499" role=""/>
  <member type="way" ref="1246583503" role=""/>
  <member type="way" ref="420310523" role=""/>
  <member type="way" ref="1246583501" role=""/>
  <member type="way" ref="295034169" role=""/>
  <member type="way" ref="262504262" role=""/>
  <member type="way" ref="355813000" role=""/>
  <member type="way" ref="84052887" role=""/>
  <member type="node" ref="2880085212" role="trailhead"/>
  <member type="node" ref="5419159976" role="guidepost"/>
  <member type="node" ref="5419159974" role="guidepost"/>
  <member type="node" ref="5419159972" role="guidepost"/>
  <member type="node" ref="11592615258" role="guidepost"/>
  <member type="node" ref="5419159967" role="guidepost"/>
  <member type="node" ref="11592771445" role="guidepost"/>
  <member type="node" ref="11592793731" role="guidepost"/>
  <member type="node" ref="7827948035" role="guidepost"/>
  <member type="node" ref="11592816203" role="guidepost"/>
  <member type="node" ref="11592816196" role="guidepost"/>
  <member type="node" ref="11592816197" role="guidepost"/>
  <tag k="distance" v="15.22"/>
  <tag k="from" v="Pizarra"/>
  <tag k="name" v="Pizarra - Álora"/>
  <tag k="network" v="nwn"/>
  <tag k="operator" v="Diputación Provincial de Málaga"/>
  <tag k="osmc:symbol" v="red:white:red_lower:340:black"/>
  <tag k="ref" v="GR 340"/>
  <tag k="roundtrip" v="no"/>
  <tag k="route" v="hiking"/>
  <tag k="stage" v="1"/>
  <tag k="survey:date" v="2023-02-12"/>
  <tag k="symbol" v="white strip on top of red strip"/>
  <tag k="to" v="Álora"/>
  <tag k="type" v="route"/>
  <tag k="website" v="https://infraestructuras.fadmes.es/senderos/GR-340-Etapa-1-PIZZARA-%C3%81LORA"/>
 </relation>
 <relation id="18852498" visible="true" version="7" changeset="173661082" timestamp="2025-10-23T08:19:03Z" user="kapazao_import" uid="8770019">
  <member type="way" ref="1368504776" role=""/>
  <member type="way" ref="1368504777" role=""/>
  <member type="way" ref="1359575321" role=""/>
  <member type="way" ref="1368504773" role=""/>
  <member type="way" ref="1368504774" role=""/>
  <member type="way" ref="1368504775" role=""/>
  <member type="way" ref="133076395" role=""/>
  <member type="way" ref="1368504770" role=""/>
  <member type="way" ref="1200862291" role=""/>
  <member type="way" ref="884927025" role=""/>
  <member type="way" ref="1368504782" role=""/>
  <member type="way" ref="29326831" role=""/>
  <member type="way" ref="29318948" role=""/>
  <member type="way" ref="256943241" role=""/>
  <member type="way" ref="346558852" role=""/>
  <member type="way" ref="346558851" role=""/>
  <member type="way" ref="96337052" role=""/>
  <member type="way" ref="1368628838" role=""/>
  <member type="way" ref="1368628847" role=""/>
  <member type="way" ref="1368628846" role=""/>
  <member type="way" ref="1368628841" role=""/>
  <member type="way" ref="224735541" role=""/>
  <member type="way" ref="1368628837" role=""/>
  <member type="way" ref="1368628840" role=""/>
  <member type="way" ref="1359586597" role=""/>
  <member type="way" ref="1368504783" role=""/>
  <member type="way" ref="81124736" role=""/>
  <member type="way" ref="693042338" role=""/>
  <member type="way" ref="1368504785" role=""/>
  <member type="way" ref="1368504786" role=""/>
  <member type="way" ref="693042339" role=""/>
  <member type="way" ref="693042340" role=""/>
  <member type="way" ref="613733753" role=""/>
  <member type="way" ref="618499348" role=""/>
  <member type="way" ref="346558845" role=""/>
  <member type="way" ref="346558844" role=""/>
  <member type="way" ref="618499345" role=""/>
  <member type="way" ref="1368649440" role=""/>
  <member type="way" ref="1368649439" role=""/>
  <member type="way" ref="1368649436" role=""/>
  <member type="way" ref="1368649417" role=""/>
  <member type="way" ref="1368649418" role=""/>
  <member type="way" ref="618499343" role=""/>
  <member type="way" ref="1368649422" role=""/>
  <member type="way" ref="1368649420" role=""/>
  <member type="way" ref="1368649419" role=""/>
  <member type="way" ref="457060117" role=""/>
  <member type="way" ref="457060118" role=""/>
  <member type="way" ref="1147398375" role=""/>
  <member type="way" ref="1147398374" role=""/>
  <member type="way" ref="225541406" role=""/>
  <member type="way" ref="379887339" role=""/>
  <member type="way" ref="379887338" role=""/>
  <member type="way" ref="225541402" role=""/>
  <member type="way" ref="401907574" role=""/>
  <member type="way" ref="401907576" role=""/>
  <member type="way" ref="401907577" role=""/>
  <member type="way" ref="1368703198" role=""/>
  <member type="way" ref="429541963" role=""/>
  <member type="way" ref="1368703197" role=""/>
  <member type="way" ref="29319145" role=""/>
  <member type="way" ref="286128979" role=""/>
  <member type="way" ref="1368504741" role=""/>
  <member type="way" ref="1368504745" role=""/>
  <member type="way" ref="1368504744" role=""/>
  <member type="way" ref="84052595" role=""/>
  <member type="way" ref="1368504743" role=""/>
  <member type="way" ref="1368504742" role=""/>
  <member type="way" ref="286128987" role=""/>
  <member type="way" ref="220706864" role=""/>
  <member type="way" ref="1368504787" role=""/>
  <member type="way" ref="1368504788" role=""/>
  <member type="way" ref="429541960" role=""/>
  <member type="way" ref="1368504789" role=""/>
  <member type="way" ref="1368504790" role=""/>
  <member type="way" ref="1368504791" role=""/>
  <member type="way" ref="1368504792" role=""/>
  <member type="way" ref="313307454" role=""/>
  <member type="way" ref="313307453" role=""/>
  <member type="way" ref="429541962" role=""/>
  <member type="way" ref="286128976" role=""/>
  <member type="way" ref="286125583" role=""/>
  <member type="way" ref="286125580" role=""/>
  <member type="way" ref="1368504793" role=""/>
  <member type="way" ref="1368504796" role=""/>
  <member type="way" ref="429541961" role=""/>
  <member type="way" ref="42948253" role=""/>
  <member type="way" ref="1025349676" role=""/>
  <member type="way" ref="1025349675" role=""/>
  <member type="way" ref="429541965" role=""/>
  <member type="way" ref="998407677" role=""/>
  <member type="way" ref="1229502016" role=""/>
  <member type="way" ref="1229502776" role=""/>
  <member type="way" ref="1368504733" role=""/>
  <member type="way" ref="1368504734" role=""/>
  <member type="way" ref="1368504724" role=""/>
  <member type="way" ref="1368504725" role=""/>
  <member type="way" ref="1368504726" role=""/>
  <member type="way" ref="1368504727" role=""/>
  <member type="way" ref="1368504728" role=""/>
  <member type="way" ref="1368504729" role=""/>
  <member type="way" ref="1368504730" role=""/>
  <member type="way" ref="1368504731" role=""/>
  <member type="way" ref="1229502777" role=""/>
  <member type="way" ref="1368504732" role=""/>
  <member type="way" ref="207632174" role=""/>
  <member type="way" ref="1229502775" role=""/>
  <member type="way" ref="75901649" role=""/>
  <member type="way" ref="75901665" role=""/>
  <member type="way" ref="75901672" role=""/>
  <member type="way" ref="75901640" role=""/>
  <member type="way" ref="29313217" role=""/>
  <member type="way" ref="1368711138" role=""/>
  <member type="way" ref="1368711147" role=""/>
  <member type="way" ref="1368711137" role=""/>
  <member type="way" ref="1368711135" role=""/>
  <member type="way" ref="207881866" role=""/>
  <member type="way" ref="207881865" role=""/>
  <member type="way" ref="31573094" role=""/>
  <member type="way" ref="1368711115" role=""/>
  <member type="way" ref="1368504751" role=""/>
  <member type="way" ref="1368504750" role=""/>
  <member type="way" ref="1368504749" role=""/>
  <member type="way" ref="1368504748" role=""/>
  <member type="way" ref="1368504747" role=""/>
  <member type="way" ref="1368504746" role=""/>
  <member type="way" ref="1368504752" role=""/>
  <member type="way" ref="475351114" role=""/>
  <member type="way" ref="1368504755" role=""/>
  <member type="way" ref="1368504754" role=""/>
  <member type="way" ref="475351113" role=""/>
  <member type="way" ref="187657340" role=""/>
  <member type="way" ref="187657341" role=""/>
  <member type="way" ref="112521266" role=""/>
  <member type="way" ref="1228787232" role=""/>
  <member type="way" ref="122250480" role=""/>
  <member type="way" ref="122250477" role=""/>
  <member type="way" ref="122250474" role=""/>
  <member type="way" ref="513715243" role=""/>
  <member type="way" ref="122250499" role=""/>
  <member type="way" ref="1274353616" role=""/>
  <member type="way" ref="1274353615" role=""/>
  <member type="way" ref="29323390" role=""/>
  <member type="way" ref="1274353614" role=""/>
  <member type="way" ref="1274353613" role=""/>
  <member type="way" ref="1368504759" role=""/>
  <member type="way" ref="1368504758" role=""/>
  <member type="way" ref="1368504757" role=""/>
  <member type="way" ref="458709016" role=""/>
  <member type="way" ref="458709015" role=""/>
  <member type="way" ref="1274353612" role=""/>
  <member type="way" ref="29323391" role=""/>
  <member type="way" ref="75312275" role=""/>
  <member type="way" ref="29323392" role=""/>
  <member type="way" ref="29323398" role=""/>
  <member type="way" ref="580573883" role=""/>
  <member type="way" ref="1368504756" role=""/>
  <member type="way" ref="1368504753" role=""/>
  <member type="way" ref="29326824" role=""/>
  <member type="way" ref="1368504763" role=""/>
  <member type="way" ref="1359415674" role=""/>
  <member type="way" ref="1368504762" role=""/>
  <member type="way" ref="1368504761" role=""/>
  <member type="way" ref="1368504760" role=""/>
  <member type="way" ref="1359415673" role=""/>
  <member type="way" ref="1368504765" role=""/>
  <member type="way" ref="1368504764" role=""/>
  <member type="way" ref="458715281" role=""/>
  <member type="way" ref="29326830" role=""/>
  <member type="way" ref="46482564" role=""/>
  <member type="way" ref="29326827" role=""/>
  <member type="way" ref="46482563" role=""/>
  <member type="way" ref="1229502774" role=""/>
  <member type="way" ref="1368504768" role=""/>
  <member type="way" ref="1368504769" role=""/>
  <member type="way" ref="1359184225" role=""/>
  <member type="way" ref="29326829" role=""/>
  <member type="way" ref="1368504779" role=""/>
  <member type="way" ref="1368504780" role=""/>
  <member type="way" ref="1368504781" role=""/>
  <member type="way" ref="1368504784" role=""/>
  <member type="way" ref="1368628839" role=""/>
  <member type="way" ref="1368628843" role=""/>
  <member type="way" ref="1368649423" role=""/>
  <member type="way" ref="1368649441" role=""/>
  <member type="way" ref="1368649442" role=""/>
  <member type="way" ref="1368649438" role=""/>
  <member type="way" ref="1368649425" role=""/>
  <member type="way" ref="1368649437" role=""/>
  <member type="way" ref="1368703199" role=""/>
  <member type="way" ref="1368711149" role=""/>
  <tag k="distance" v="53.3"/>
  <tag k="from" v="Intersección A-92 (Antequera)"/>
  <tag k="name" v="A-343: De Antequera a Zalea"/>
  <tag k="network" v="Red Intercomarcal"/>
  <tag k="official_name" v="De Antequera a Zalea"/>
  <tag k="operator" v="Junta de Andalucía"/>
  <tag k="operator:type" v="government"/>
  <tag k="operator:wikidata" v="Q2743342"/>
  <tag k="ref" v="A-343"/>
  <tag k="route" v="road"/>
  <tag k="to" v="Intersección A-357 (Zalea)"/>
  <tag k="type" v="route"/>
 </relation>
</osm>
